fin_version,fin_scenario,fin_doc_num,0date,key_rate,spread,fix_rate,balance,loan,payment,balance_at_date,commissions_paid,commissions_received,rate,avg_balance,interest_accrued,ifrs_scope,paid_interest,impairment_stage,loan_reserve_ratio,loan_reserve,norev_cl_reserve_ratio,norev_cl_reserve,losses_prev_periods,change_loan_reserve,change_norev_cl_reserve,rw_loan,rwa_loan,rw_norev_credit_line,rwa_norev_credit_line,fin_leverage_loan_ratio,fin_leverage_loan,fin_leverage_norev_credit_line_ratio,fin_leverage_norev_credit_line
FCT,#,D0001,20260217,0.16,0.01,0.0,12059569394.38,0.0,0.0,12059569394.38,0.0,,0.17,12059569394.38,5616785.75,12076068809.99,0.0,1.0,0.0633,764415155.67,0.03165,90219100.01,,355542.5376791954,0.0,1.1,12442819019.751934,0.5,1380152693.4157572,1.0,11311653654.31994,0.5,1380152693.4157572
FCT,#,D0001,20260310,0.16,0.01,0.0,12059569394.38,0.0,0.0,12059569394.38,0.0,,0.17,12059569394.38,5616785.75,12013068297.84,0.0,1.0,0.0633,760427223.25,0.03165,90219100.01,,355542.5376791954,0.0,1.1,12377905182.049875,0.5,1380152693.4157572,1.0,11252641074.590796,0.5,1380152693.4157572
FCT,#,D0001,20260130,0.16,0.01,0.0,12059569394.38,0.0,0.0,12059569394.38,0.0,,0.17,12059569394.38,5616785.75,12175307502.18,0.0,1.0,0.0633,770696964.89,0.03165,90219100.01,,355542.5376793146,0.0,1.1,12545071591.017666,0.5,1380152693.4157572,1.0,11404610537.288786,0.5,1380152693.4157572
FCT,#,D0001,20260319,0.16,0.01,0.0,12059569394.38,0.0,0.0,12059569394.38,0.0,,0.17,12059569394.38,5616785.75,12063619369.55,0.0,1.0,0.0633,763627106.09,0.03165,90219100.01,,355542.5376791954,0.0,1.1,12429991489.805595,0.5,1380152693.4157572,1.0,11299992263.459633,0.5,1380152693.4157572
FCT,#,D0001,20260107,0.16,0.01,0.0,12059569394.38,0.0,0.0,12059569394.38,0.0,,0.17,12059569394.38,5616785.75,12046121430.03,0.0,1.0,0.0633,762519486.52,0.03165,90219100.01,,355542.5376793146,0.0,1.1,12411962137.86416,0.5,1380152693.4157572,1.0,11283601943.512873,0.5,1380152693.4157572
FCT,#,D0001,20260208,0.16,0.01,0.0,12059569394.38,0.0,0.0,12059569394.38,0.0,,0.17,12059569394.38,5616785.75,12025517738.28,0.0,1.0,0.0633,761215272.83,0.03165,90219100.01,,355542.5376791954,0.0,1.1,12390732711.996214,0.5,1380152693.4157572,1.0,11264302465.451103,0.5,1380152693.4157572
FCT,#,D0001,20260211,0.16,0.01,0.0,12059569394.38,0.0,0.0,12059569394.38,0.0,,0.17,12059569394.38,5616785.75,12042368095.52,0.0,1.0,0.0633,762281900.45,0.03165,90219100.01,,355542.5376791954,0.0,1.1,12408094814.581455,0.5,1380152693.4157572,1.0,11280086195.074047,0.5,1380152693.4157572
FCT,#,D0001,20260316,0.16,0.01,0.0,12059569394.38,0.0,0.0,12059569394.38,0.0,,0.17,12059569394.38,5616785.75,12046769012.32,0.0,1.0,0.0633,762560478.48,0.03165,90219100.01,,355542.5376791954,0.0,1.1,12412629387.220356,0.5,1380152693.4157572,1.0,11284208533.836687,0.5,1380152693.4157572
FCT,#,D0001,20260104,0.16,0.01,0.0,12059569394.38,0.0,0.0,12059569394.38,0.0,,0.17,12059569394.38,5616785.75,12029271072.8,0.0,1.0,0.0633,761452858.91,0.03165,90219100.01,,355542.5376791954,0.0,1.1,12394600035.278925,0.5,1380152693.4157572,1.0,11267818213.889929,0.5,1380152693.4157572
FCT,#,D0001,20260309,0.16,0.01,0.0,12059569394.38,0.0,0.0,12059569394.38,0.0,,0.17,12059569394.38,5616785.75,12007451512.1,0.0,1.0,0.0633,760071680.72,0.03165,90219100.01,,355542.5376791954,0.0,1.1,12372117814.521463,0.5,1380152693.4157572,1.0,11247379831.383148,0.5,1380152693.4157572
FCT,#,D0001,20260129,0.16,0.01,0.0,12059569394.38,0.0,0.0,12059569394.38,0.0,,0.17,12059569394.38,5616785.75,12169690716.43,0.0,1.0,0.0633,770341422.35,0.03165,90219100.01,,355542.5376791954,0.0,1.1,12539284223.489254,0.5,1380152693.4157572,1.0,11399349294.08114,0.5,1380152693.4157572
FCT,#,D0001,20260218,0.16,0.01,0.0,12059569394.38,0.0,0.0,12059569394.38,0.0,,0.17,12059569394.38,5616785.75,12081685595.74,0.0,1.0,0.0633,764770698.21,0.03165,90219100.01,,355542.5376793146,0.0,1.1,12448606387.280348,0.5,1380152693.4157572,1.0,11316914897.527588,0.5,1380152693.4157572
FCT,#,D0001,20250419,0.21,0.01,0.0,2936296133.0,0.0,0.0,2936296133.0,0.0,,0.22,2936296133.0,1769822.33,2947737330.8,0.0,1.0,0.0633,186591773.04,0.03165,381816227.39,,112029.7532826364,0.0,1.1,3037260113.541308,0.5,5840943819.804725,1.0,2761145557.7648253,0.5,5840943819.804725
FCT,#,D0001,20260522,0.15,0.01,0.0,12059569394.38,0.0,0.0,12059569394.38,0.0,,0.16,12059569394.38,5286386.58,12212840846.8,0.0,1.0,0.0633,773072825.6,0.03165,90219100.01,,334628.2707569599,0.0,1.1,12583744823.31977,0.5,1380152693.4157572,1.0,11439768021.199793,0.5,1380152693.4157572
FCT,#,D0001,20250607,0.21,0.01,0.0,7747698588.39,0.0,0.0,7747698588.39,0.0,,0.22,7747698588.39,4669845.72,7791929629.41,0.0,1.0,0.0633,493229145.54,0.03165,229535339.68,,295601.23436135054,0.0,1.1,8028570532.252618,0.5,3511383035.966272,1.0,7298700483.866015,0.5,3511383035.966272
FCT,#,D0001,20260425,0.15,0.01,0.0,12059569394.38,0.0,0.0,12059569394.38,0.0,,0.16,12059569394.38,5286386.58,12070108409.04,0.0,1.0,0.0633,764037862.29,0.03165,90219100.01,,334628.2707568407,0.0,1.1,12436677601.421268,0.5,1380152693.4157572,1.0,11306070546.746609,0.5,1380152693.4157572
FCT,#,D0001,20250528,0.21,0.01,0.0,6039325771.39,0.0,0.0,6039325771.39,0.0,,0.22,6039325771.39,3640141.56,6137147641.17,0.0,1.0,0.0633,388481445.69,0.03165,283605339.34,,230420.96080106497,0.0,1.1,6323532815.0316925,0.5,4338534444.637247,1.0,5748666195.483356,0.5,4338534444.637247
FCT,#,D0001,20250505,0.21,0.01,0.0,4286035948.1,0.0,0.0,4286035948.1,0.0,,0.22,4286035948.1,2583364.13,4302518345.28,0.0,1.0,0.0633,272349411.26,0.03165,339096962.24,,163526.94962531328,0.0,1.1,4433185827.421508,0.5,5187433544.828682,1.0,4030168934.019552,0.5,5187433544.828682
FCT,#,D0001,20260515,0.15,0.01,0.0,12059569394.38,0.0,0.0,12059569394.38,0.0,,0.16,12059569394.38,5286386.58,12175836140.72,0.0,1.0,0.0633,770730427.71,0.03165,90219100.01,,334628.2707569599,0.0,1.1,12545616284.309048,0.5,1380152693.4157572,1.0,11405105713.008224,0.5,1380152693.4157572
FCT,#,D0001,20250629,0.2,0.01,0.0,8931134921.79,0.0,0.0,8931134921.79,0.0,,0.21,8931134921.79,5138461.19,9079490488.66,0.0,1.0,0.0633,574731747.93,0.03165,192079579.73,,325264.5931928158,0.0,1.1,9355234614.805147,0.5,2938392749.242327,1.0,8504758740.731951,0.5,2938392749.242327
FCT,#,D0001,20260512,0.15,0.01,0.0,12059569394.38,0.0,0.0,12059569394.38,0.0,,0.16,12059569394.38,5286386.58,12159976980.96,0.0,1.0,0.0633,769726542.9,0.03165,90219100.01,,334628.2707569599,0.0,1.1,12529275481.875883,0.5,1380152693.4157572,1.0,11390250438.068983,0.5,1380152693.4157572
FCT,#,D0001,20260403,0.15,0.01,0.0,12059569394.38,0.0,0.0,12059569394.38,0.0,,0.16,12059569394.38,5286386.58,11953807904.19,0.0,1.0,0.0633,756676040.34,0.03165,90219100.01,,334628.2707570791,0.0,1.1,12316845050.24471,0.5,1380152693.4157572,1.0,11197131863.858828,0.5,1380152693.4157572
FCT,#,D0001,20250506,0.21,0.01,0.0,4286035948.1,1500000000.0,0.0,5786035948.1,0.0,,0.22,5036035948.1,3487473.72,5806005819.0,0.0,1.0,0.0633,367520168.34,0.03165,291621962.24,,95170757.08661164,-47475000.0,1.1,5982334215.720592,0.5,4461171044.828682,1.0,5438485650.655083,0.5,4461171044.828682
FCT,#,D0001,20260426,0.15,0.01,0.0,12059569394.38,0.0,0.0,12059569394.38,0.0,,0.16,12059569394.38,5286386.58,12075394795.62,0.0,1.0,0.0633,764372490.56,0.03165,90219100.01,,334628.2707569599,0.0,1.1,12442124535.56566,0.5,1380152693.4157572,1.0,11311022305.059689,0.5,1380152693.4157572
FCT,#,D0001,20250531,0.21,0.01,0.0,6299824126.99,0.0,0.0,6299824126.99,0.0,,0.22,6299824126.99,3797154.27,6313714370.57,95323089.0,1.0,0.0633,399658119.66,0.03165,275360566.38,,-5793591.668515265,0.0,1.1,6505461876.008691,0.5,4212407653.3146167,1.0,5914056250.916991,0.5,4212407653.3146167
FCT,#,D0001,20250416,0.21,0.01,0.0,1695516478.0,0.0,0.0,1695516478.0,0.0,,0.22,1695516478.0,1021955.14,1701648208.82,0.0,1.0,0.0633,107714331.62,0.03165,421086903.47,,64689.76019899547,0.0,1.1,1753327264.9265497,0.5,6441698309.26435,1.0,1593933877.205954,0.5,6441698309.26435
FCT,#,D0001,20250604,0.21,0.01,0.0,6747698588.39,1000000000.0,0.0,7747698588.39,0.0,,0.22,7247698588.39,4669845.72,7777920092.23,0.0,1.0,0.0633,492342341.84,0.03165,229535339.68,,63595601.23436141,-31650000.0,1.1,8014135525.435129,0.5,3511383035.966272,1.0,7285577750.395572,0.5,3511383035.966272
FCT,#,D0001,20260521,0.15,0.01,0.0,12059569394.38,0.0,0.0,12059569394.38,0.0,,0.16,12059569394.38,5286386.58,12207554460.22,0.0,1.0,0.0633,772738197.33,0.03165,90219100.01,,334628.2707568407,0.0,1.1,12578297889.175385,0.5,1380152693.4157572,1.0,11434816262.886711,0.5,1380152693.4157572
FCT,#,D0001,20251226,0.16,0.01,0.0,12059569394.38,0.0,0.0,12059569394.38,0.0,,0.17,12059569394.38,5616785.75,12179253555.99,0.0,1.0,0.0633,770946750.09,0.03165,90219100.01,,355542.5376791954,0.0,1.1,12549137486.485516,0.5,1380152693.4157572,1.0,11408306805.895922,0.5,1380152693.4157572
FCT,#,D0001,20251014,0.17,0.01,0.0,12149475513.16,0.0,0.0,12149475513.16,0.0,,0.18,12149475513.16,5991522.17,12251868607.91,0.0,1.0,0.0633,775543282.88,0.03165,90219100.01,,379263.35341632366,0.0,1.1,12623957857.535336,0.5,1380152693.4157572,1.0,11476325325.032122,0.5,1380152693.4157572
FCT,#,D0001,20251101,0.17,0.01,0.0,12149475513.16,0.0,0.0,12149475513.16,0.0,,0.18,12149475513.16,5991522.17,12147562864.09,0.0,1.0,0.0633,768940729.3,0.03165,90219100.01,,379263.35341620445,0.0,1.1,12516484348.271112,0.5,1380152693.4157572,1.0,11378622134.79192,0.5,1380152693.4157572
FCT,#,D0001,20251124,0.17,0.01,0.0,12149475513.16,0.0,0.0,12149475513.16,0.0,,0.18,12149475513.16,5991522.17,12285367874.02,0.0,1.0,0.0633,777663786.43,0.03165,90219100.01,,379263.35341620445,0.0,1.1,12658474496.352776,0.5,1380152693.4157572,1.0,11507704087.593431,0.5,1380152693.4157572
FCT,#,D0001,20251203,0.17,0.01,0.0,12149475513.16,0.0,0.0,12149475513.16,0.0,,0.18,12149475513.16,5991522.17,12133982080.46,0.0,1.0,0.0633,768081065.69,0.03165,90219100.01,,379263.35341632366,0.0,1.1,12502491116.240158,0.5,1380152693.4157572,1.0,11365901014.76378,0.5,1380152693.4157572
FCT,#,D0001,20251023,0.17,0.01,0.0,12149475513.16,0.0,0.0,12149475513.16,0.0,,0.18,12149475513.16,5991522.17,12305792307.45,0.0,1.0,0.0633,778956653.06,0.03165,90219100.01,,379263.35341632366,0.0,1.1,12679519219.82816,0.5,1380152693.4157572,1.0,11526835654.389236,0.5,1380152693.4157572
FCT,#,D0001,20251020,0.17,0.01,0.0,12149475513.16,0.0,0.0,12149475513.16,0.0,,0.18,12149475513.16,5991522.17,12287817740.94,0.0,1.0,0.0633,777818863.0,0.03165,90219100.01,,379263.35341632366,0.0,1.1,12660998765.73055,0.5,1380152693.4157572,1.0,11509998877.936865,0.5,1380152693.4157572
FCT,#,D0001,20251127,0.17,0.01,0.0,12149475513.16,0.0,0.0,12149475513.16,0.0,,0.18,12149475513.16,5991522.17,12303342440.53,0.0,1.0,0.0633,778801576.49,0.03165,90219100.01,,379263.35341632366,0.0,1.1,12676994950.450388,0.5,1380152693.4157572,1.0,11524540864.045809,0.5,1380152693.4157572
FCT,#,D0001,20251102,0.17,0.01,0.0,12149475513.16,0.0,0.0,12149475513.16,0.0,,0.18,12149475513.16,5991522.17,12153554386.26,0.0,1.0,0.0633,769319992.65,0.03165,90219100.01,,379263.35341620445,0.0,1.1,12522657832.970316,0.5,1380152693.4157572,1.0,11384234393.609377,0.5,1380152693.4157572
FCT,#,D0001,20251225,0.16,0.01,0.0,12059569394.38,0.0,0.0,12059569394.38,0.0,,0.17,12059569394.38,5616785.75,12173636770.24,0.0,1.0,0.0633,770591207.56,0.03165,90219100.01,,355542.5376791954,0.0,1.1,12543350118.957104,0.5,1380152693.4157572,1.0,11403045562.688274,0.5,1380152693.4157572
FCT,#,D0001,20250718,0.2,0.01,0.0,9888125858.31,0.0,0.0,9888125858.31,0.0,,0.21,9888125858.31,5689058.71,10006919097.03,0.0,1.0,0.0633,633437978.84,0.03165,161790816.58,,360117.4165329933,0.0,1.1,10310829230.001972,0.5,2475041662.552756,1.0,9373481118.18361,0.5,2475041662.552756
FCT,#,D0001,20250906,0.18,0.01,0.0,11652837739.66,0.0,0.0,11652837739.66,0.0,,0.19,11652837739.66,6065860.74,11711585809.73,0.0,1.0,0.0633,741343381.76,0.03165,105937685.54,,383968.9849176407,0.0,1.1,12067266670.76798,0.5,1620612287.4001195,1.0,10970242427.970888,0.5,1620612287.4001195
FCT,#,D0001,20250711,0.2,0.01,0.0,8931134921.79,360813662.8,0.0,9291948584.59,0.0,,0.21,9111541753.19,5346052.61,9371718706.94,0.0,1.0,0.0633,593229794.15,0.03165,180659827.3,,23177909.9854728,-11419752.427620051,1.1,9656337804.0712,0.5,2763695794.056136,1.0,8778488912.792,0.5,2763695794.056136
FCT,#,D0001,20250807,0.18,0.01,0.0,10247215442.36,261235472.5,0.0,10508450914.86,0.0,,0.19,10377833178.61,5470152.53,10576086848.76,0.0,1.0,0.0633,669466297.53,0.03165,142157528.54,,16882466.064463735,-8268102.704624981,1.1,10897282606.360806,0.5,2174695778.2976594,1.0,9906620551.237097,0.5,2174695778.2976594
FCT,#,D0001,20250708,0.2,0.01,0.0,8931134921.79,0.0,0.0,8931134921.79,0.0,,0.21,8931134921.79,5138461.19,8995282069.16,0.0,1.0,0.0633,569401354.98,0.03165,192079579.73,,325264.5931928158,0.0,1.1,9268468785.59557,0.5,2938392749.242327,1.0,8425880714.17779,0.5,2938392749.242327
FCT,#,D0001,20250928,0.17,0.01,0.0,12149475513.16,0.0,0.0,12149475513.16,0.0,,0.18,12149475513.16,5991522.17,12340809332.08,0.0,1.0,0.0633,781173230.72,0.03165,90219100.01,,379263.35341632366,0.0,1.1,12715599711.494282,0.5,1380152693.4157572,1.0,11559636101.358437,0.5,1380152693.4157572
FCT,#,D0001,20250717,0.2,0.01,0.0,9821914613.99,66211244.32,0.0,9888125858.31,0.0,,0.21,9855020236.15,5689058.71,10001230038.31,0.0,1.0,0.0633,633077861.43,0.03165,161790816.58,,4551289.181988955,-2095585.8827279808,1.1,10304967394.575855,0.5,2475041662.552756,1.0,9368152176.887142,0.5,2475041662.552756
FCT,#,D0001,20250830,0.18,0.01,0.0,11652837739.66,0.0,0.0,11652837739.66,0.0,,0.19,11652837739.66,6065860.74,11851461607.54,0.0,1.0,0.0633,750197519.76,0.03165,105937685.54,,383968.9849174023,0.0,1.1,12211390496.55917,0.5,1620612287.4001195,1.0,11101264087.781063,0.5,1620612287.4001195
FCT,#,D0001,20260227,0.16,0.01,0.0,12059569394.38,0.0,0.0,12059569394.38,0.0,,0.17,12059569394.38,5616785.75,12132236667.45,0.0,1.0,0.0633,767970581.05,0.03165,90219100.01,,355542.5376793146,0.0,1.1,12500692695.036066,0.5,1380152693.4157572,1.0,11364266086.396423,0.5,1380152693.4157572
FCT,#,D0001,20260120,0.16,0.01,0.0,12059569394.38,0.0,0.0,12059569394.38,0.0,,0.17,12059569394.38,5616785.75,12119139644.72,0.0,1.0,0.0633,767141539.51,0.03165,90219100.01,,355542.5376791954,0.0,1.1,12487197915.733534,0.5,1380152693.4157572,1.0,11351998105.212303,0.5,1380152693.4157572
FCT,#,D0001,20260325,0.15,0.01,0.0,12059569394.38,0.0,0.0,12059569394.38,0.0,,0.16,12059569394.38,5286386.58,12096328886.54,0.0,1.0,0.0633,765697618.52,0.03165,90219100.01,,334628.2707569599,0.0,1.1,12463694394.824003,0.5,1380152693.4157572,1.0,11330631268.02182,0.5,1380152693.4157572
FCT,#,D0001,20260113,0.16,0.01,0.0,12059569394.38,0.0,0.0,12059569394.38,0.0,,0.17,12059569394.38,5616785.75,12079822144.51,0.0,1.0,0.0633,764652741.75,0.03165,90219100.01,,355542.5376793146,0.0,1.1,12446686343.03464,0.5,1380152693.4157572,1.0,11315169402.758764,0.5,1380152693.4157572
FCT,#,D0001,20260202,0.16,0.01,0.0,12059569394.38,0.0,0.0,12059569394.38,0.0,,0.17,12059569394.38,5616785.75,11991817023.81,0.0,1.0,0.0633,759082017.61,0.03165,90219100.01,,355542.5376791954,0.0,1.1,12356008506.825735,0.5,1380152693.4157572,1.0,11232735006.205214,0.5,1380152693.4157572
FCT,#,D0001,20260201,0.16,0.01,0.0,12059569394.38,0.0,0.0,12059569394.38,0.0,,0.17,12059569394.38,5616785.75,11986200238.07,0.0,1.0,0.0633,758726475.07,0.03165,90219100.01,,355542.5376793146,0.0,1.1,12350221139.29732,0.5,1380152693.4157572,1.0,11227473762.997564,0.5,1380152693.4157572
FCT,#,D0001,20260326,0.15,0.01,0.0,12059569394.38,0.0,0.0,12059569394.38,0.0,,0.16,12059569394.38,5286386.58,12101615273.12,0.0,1.0,0.0633,766032246.79,0.03165,90219100.01,,334628.2707568407,0.0,1.1,12469141328.968391,0.5,1380152693.4157572,1.0,11335583026.334902,0.5,1380152693.4157572
FCT,#,D0001,20260114,0.16,0.01,0.0,12059569394.38,0.0,0.0,12059569394.38,0.0,,0.17,12059569394.38,5616785.75,12085438930.25,0.0,1.0,0.0633,765008284.28,0.03165,90219100.01,,355542.5376791954,0.0,1.1,12452473710.563057,0.5,1380152693.4157572,1.0,11320430645.966412,0.5,1380152693.4157572
FCT,#,D0001,20260303,0.16,0.01,0.0,12059569394.38,0.0,0.0,12059569394.38,0.0,,0.17,12059569394.38,5616785.75,11973750797.63,0.0,1.0,0.0633,757938425.49,0.03165,90219100.01,,355542.5376793146,0.0,1.1,12337393609.350985,0.5,1380152693.4157572,1.0,11215812372.137257,0.5,1380152693.4157572
FCT,#,D0001,20260123,0.16,0.01,0.0,12059569394.38,0.0,0.0,12059569394.38,0.0,,0.17,12059569394.38,5616785.75,12135990001.96,0.0,1.0,0.0633,768208167.12,0.03165,90219100.01,,355542.5376791954,0.0,1.1,12504560018.318775,0.5,1380152693.4157572,1.0,11367781834.835249,0.5,1380152693.4157572
FCT,#,D0001,20260224,0.16,0.01,0.0,12059569394.38,0.0,0.0,12059569394.38,0.0,,0.17,12059569394.38,5616785.75,12115386310.21,0.0,1.0,0.0633,766903953.44,0.03165,90219100.01,,355542.5376793146,0.0,1.1,12483330592.450829,0.5,1380152693.4157572,1.0,11348482356.773478,0.5,1380152693.4157572
FCT,#,D0001,20250425,0.21,0.01,0.0,4246527388.0,0.0,0.0,4246527388.0,0.0,,0.22,4246527388.0,2559550.75,4270166976.62,0.0,1.0,0.0633,270301569.62,0.03165,340347408.17,,162019.5627542138,0.0,1.1,4399851947.700515,0.5,5206562601.9151,1.0,3999865407.0004673,0.5,5206562601.9151
FCT,#,D0001,20250613,0.2,0.01,0.0,7974259568.39,0.0,0.0,7974259568.39,0.0,,0.21,7974259568.39,4587930.16,8045969755.79,0.0,1.0,0.0633,509309885.54,0.03165,222364684.66,,290415.9792948365,0.0,1.1,8290325857.275733,0.5,3401687873.474772,1.0,7536659870.250666,0.5,3401687873.474772
FCT,#,D0001,20260528,0.15,0.01,0.0,12059569394.38,0.0,0.0,12059569394.38,0.0,,0.16,12059569394.38,5286386.58,12244559166.31,0.0,1.0,0.0633,775080595.23,0.03165,90219100.01,,334628.2707569599,0.0,1.1,12616426428.186104,0.5,1380152693.4157572,1.0,11469478571.078276,0.5,1380152693.4157572
FCT,#,D0001,20260419,0.15,0.01,0.0,12059569394.38,0.0,0.0,12059569394.38,0.0,,0.16,12059569394.38,5286386.58,12038390089.54,0.0,1.0,0.0633,762030092.67,0.03165,90219100.01,,334628.2707569599,0.0,1.1,12403995996.554935,0.5,1380152693.4157572,1.0,11276359996.868122,0.5,1380152693.4157572
FCT,#,D0001,20250522,0.21,0.01,0.0,5799996516.39,239329255.0,0.0,6039325771.39,0.0,,0.22,5919661143.89,3640141.56,6115306791.8,0.0,1.0,0.0633,387098919.92,0.03165,283605339.34,,15379962.80230099,-7574770.920750022,1.1,6301028659.071451,0.5,4338534444.637247,1.0,5728207871.883137,0.5,4338534444.637247
FCT,#,D0001,20260410,0.15,0.01,0.0,12059569394.38,0.0,0.0,12059569394.38,0.0,,0.16,12059569394.38,5286386.58,11990812610.28,0.0,1.0,0.0633,759018438.23,0.03165,90219100.01,,334628.2707569599,0.0,1.1,12354973589.255436,0.5,1380152693.4157572,1.0,11231794172.050396,0.5,1380152693.4157572
FCT,#,D0001,20250515,0.21,0.01,0.0,5786035948.1,13960568.29,0.0,5799996516.39,0.0,,0.22,5793016232.25,3495888.31,5851362065.38,0.0,1.0,0.0633,370391218.74,0.03165,291180110.26,,1104993.702859044,-441851.9863784909,1.1,6029067931.301492,0.5,4454411686.676871,1.0,5480970846.637719,0.5,4454411686.676871
FCT,#,D0001,20250620,0.2,0.01,0.0,8319033309.39,0.0,0.0,8319033309.39,0.0,,0.21,8319033309.39,4786293.14,8423255733.88,0.0,1.0,0.0633,533192087.95,0.03165,211452595.76,,302972.3555663824,0.0,1.1,8679070010.517231,0.5,3234757047.426097,1.0,7890063645.924754,0.5,3234757047.426097
FCT,#,D0001,20260505,0.15,0.01,0.0,12059569394.38,0.0,0.0,12059569394.38,0.0,,0.16,12059569394.38,5286386.58,12122972274.88,0.0,1.0,0.0633,767384145.0,0.03165,90219100.01,,334628.2707570791,0.0,1.1,12491146942.865158,0.5,1380152693.4157572,1.0,11355588129.877417,0.5,1380152693.4157572
FCT,#,D0001,20260506,0.15,0.01,0.0,12059569394.38,0.0,0.0,12059569394.38,0.0,,0.16,12059569394.38,5286386.58,12128258661.46,0.0,1.0,0.0633,767718773.27,0.03165,90219100.01,,334628.2707568407,0.0,1.1,12496593877.00955,0.5,1380152693.4157572,1.0,11360539888.190498,0.5,1380152693.4157572
FCT,#,D0001,20250623,0.2,0.01,0.0,8319033309.39,0.0,0.0,8319033309.39,0.0,,0.21,8319033309.39,4786293.14,8437614613.29,0.0,1.0,0.0633,534101005.02,0.03165,211452595.76,,302972.3555663824,0.0,1.1,8693864969.095663,0.5,3234757047.426097,1.0,7903513608.268784,0.5,3234757047.426097
FCT,#,D0001,20260409,0.15,0.01,0.0,12059569394.38,0.0,0.0,12059569394.38,0.0,,0.16,12059569394.38,5286386.58,11985526223.7,0.0,1.0,0.0633,758683809.96,0.03165,90219100.01,,334628.2707569599,0.0,1.1,12349526655.111044,0.5,1380152693.4157572,1.0,11226842413.737312,0.5,1380152693.4157572
FCT,#,D0001,20250512,0.21,0.01,0.0,5786035948.1,0.0,0.0,5786035948.1,0.0,,0.22,5786035948.1,3487473.72,5826930661.33,0.0,1.0,0.0633,368844710.86,0.03165,291621962.24,,220757.08661162853,0.0,1.1,6003894545.515095,0.5,4461171044.828682,1.0,5458085950.468267,0.5,4461171044.828682
FCT,#,D0001,20260416,0.15,0.01,0.0,12059569394.38,0.0,0.0,12059569394.38,0.0,,0.16,12059569394.38,5286386.58,12022530929.78,0.0,1.0,0.0633,761026207.86,0.03165,90219100.01,,334628.2707570791,0.0,1.1,12387655194.121769,0.5,1380152693.4157572,1.0,11261504721.92888,0.5,1380152693.4157572
FCT,#,D0001,20250521,0.21,0.01,0.0,5799996516.39,0.0,0.0,5799996516.39,0.0,,0.22,5799996516.39,3495888.31,5872337395.24,0.0,1.0,0.0633,371718957.12,0.03165,291180110.26,,221289.73010206225,0.0,1.1,6050680281.93706,0.5,4454411686.676872,1.0,5500618438.124599,0.5,4454411686.676872
FCT,#,D0001,20260604,0.15,0.01,0.0,12059569394.38,0.0,0.0,12059569394.38,0.0,,0.16,12059569394.38,5286386.58,12281563872.39,0.0,1.0,0.0633,777422993.12,0.03165,90219100.01,,334628.2707568407,0.0,1.1,12654554967.196829,0.5,1380152693.4157572,1.0,11504140879.269842,0.5,1380152693.4157572
FCT,#,D0001,20250426,0.21,0.01,0.0,4246527388.0,0.0,0.0,4246527388.0,0.0,,0.22,4246527388.0,2559550.75,4272726527.37,0.0,1.0,0.0633,270463589.18,0.03165,340347408.17,,162019.5627542138,0.0,1.1,4402489232.011336,0.5,5206562601.9151,1.0,4002262938.1921234,0.5,5206562601.9151
FCT,#,D0001,20260531,0.15,0.01,0.0,12059569394.38,0.0,0.0,12059569394.38,0.0,,0.16,12059569394.38,5286386.58,12260418326.06,0.0,1.0,0.0633,776084480.04,0.03165,90219100.01,,334628.2707569599,0.0,1.1,12632767230.619272,0.5,1380152693.4157572,1.0,11484333846.01752,0.5,1380152693.4157572
FCT,#,D0001,20250614,0.2,0.01,0.0,7974259568.39,0.0,0.0,7974259568.39,0.0,,0.21,7974259568.39,4587930.16,8050557685.95,0.0,1.0,0.0633,509600301.52,0.03165,222364684.66,,290415.9792947769,0.0,1.1,8295053122.877408,0.5,3401687873.474772,1.0,7540957384.434007,0.5,3401687873.474772
FCT,#,D0001,20251216,0.17,0.01,0.0,12059569394.38,0.0,0.0,12059569394.38,0.0,,0.18,12059569394.38,5947184.91,12121433702.73,0.0,1.0,0.0633,767286753.38,0.03165,90219100.01,,376456.8046016693,0.0,1.1,12489561644.281263,0.5,1380152693.4157572,1.0,11354146949.3466,0.5,1380152693.4157572
FCT,#,D0001,20251004,0.17,0.01,0.0,12149475513.16,0.0,0.0,12149475513.16,0.0,,0.18,12149475513.16,5991522.17,12191953386.2,0.0,1.0,0.0633,771750649.35,0.03165,90219100.01,,379263.35341632366,0.0,1.1,12562223010.543306,0.5,1380152693.4157572,1.0,11420202736.85755,0.5,1380152693.4157572
FCT,#,D0001,20251111,0.17,0.01,0.0,12149475513.16,0.0,0.0,12149475513.16,0.0,,0.18,12149475513.16,5991522.17,12207478085.8,0.0,1.0,0.0633,772733362.83,0.03165,90219100.01,,379263.35341632366,0.0,1.1,12578219195.26314,0.5,1380152693.4157572,1.0,11434744722.96649,0.5,1380152693.4157572
FCT,#,D0001,20251118,0.17,0.01,0.0,12149475513.16,0.0,0.0,12149475513.16,0.0,,0.18,12149475513.16,5991522.17,12249418740.99,0.0,1.0,0.0633,775388206.3,0.03165,90219100.01,,379263.35341620445,0.0,1.1,12621433588.157562,0.5,1380152693.4157572,1.0,11474030534.688692,0.5,1380152693.4157572
FCT,#,D0001,20251209,0.17,0.01,0.0,12059569394.38,0.0,0.0,12059569394.38,0.0,,0.18,12059569394.38,5947184.91,12079803408.38,0.0,1.0,0.0633,764651555.75,0.03165,90219100.01,,376456.8046015501,0.0,1.1,12446667037.8942,0.5,1380152693.4157572,1.0,11315151852.63109,0.5,1380152693.4157572
FCT,#,D0001,20251029,0.17,0.01,0.0,12149475513.16,0.0,0.0,12149475513.16,0.0,,0.18,12149475513.16,5991522.17,12341741440.48,0.0,1.0,0.0633,781232233.18,0.03165,90219100.01,,379263.35341632366,0.0,1.1,12716560128.023376,0.5,1380152693.4157572,1.0,11560509207.293978,0.5,1380152693.4157572
FCT,#,D0001,20251210,0.17,0.01,0.0,12059569394.38,0.0,0.0,12059569394.38,0.0,,0.18,12059569394.38,5947184.91,12085750593.29,0.0,1.0,0.0633,765028012.56,0.03165,90219100.01,,376456.8046015501,0.0,1.1,12452794838.806637,0.5,1380152693.4157572,1.0,11320722580.733303,0.5,1380152693.4157572
FCT,#,D0001,20251030,0.17,0.01,0.0,12149475513.16,0.0,0.0,12149475513.16,0.0,,0.18,12149475513.16,5991522.17,12347732962.65,0.0,1.0,0.0633,781611496.54,0.03165,90219100.01,,379263.35341632366,0.0,1.1,12722733612.72258,0.5,1380152693.4157572,1.0,11566121466.111437,0.5,1380152693.4157572
FCT,#,D0001,20251108,0.17,0.01,0.0,12149475513.16,0.0,0.0,12149475513.16,0.0,,0.18,12149475513.16,5991522.17,12189503519.28,0.0,1.0,0.0633,771595572.77,0.03165,90219100.01,,379263.35341620445,0.0,1.1,12559698741.165531,0.5,1380152693.4157572,1.0,11417907946.51412,0.5,1380152693.4157572
FCT,#,D0001,20251219,0.17,0.01,0.0,12059569394.38,0.0,0.0,12059569394.38,0.0,,0.18,12059569394.38,5947184.91,12139275257.45,0.0,1.0,0.0633,768416123.8,0.03165,90219100.01,,376456.8046015501,0.0,1.1,12507945047.018576,0.5,1380152693.4157572,1.0,11370859133.65325,0.5,1380152693.4157572
FCT,#,D0001,20251007,0.17,0.01,0.0,12149475513.16,0.0,0.0,12149475513.16,0.0,,0.18,12149475513.16,5991522.17,12209927952.72,0.0,1.0,0.0633,772888439.41,0.03165,90219100.01,,379263.35341632366,0.0,1.1,12580743464.640917,0.5,1380152693.4157572,1.0,11437039513.30992,0.5,1380152693.4157572
FCT,#,D0001,20250823,0.18,0.01,0.0,11144149283.66,0.0,0.0,11144149283.66,0.0,,0.19,11144149283.66,5801064.01,11301636110.0,0.0,1.0,0.0633,715393565.76,0.03165,122037675.17,,367207.3518755436,-1.4901161193847656e-08,1.1,11644866798.66326,0.5,1866906520.5839195,1.0,10586242544.239326,0.5,1866906520.5839195
FCT,#,D0001,20250912,0.18,0.01,0.0,11761656514.66,130880907.7,0.0,11892537422.36,0.0,,0.19,11827096968.51,6190635.92,11987862077.44,0.0,1.0,0.0633,758831669.5,0.03165,98351190.58,,8676628.711050272,-4142380.728705004,1.1,12351933448.732635,0.5,1504555693.5288472,1.0,11229030407.93876,0.5,1504555693.5288472
FCT,#,D0001,20250921,0.17,0.01,0.0,12149475513.16,0.0,0.0,12149475513.16,0.0,,0.18,12149475513.16,5991522.17,12298868676.88,0.0,1.0,0.0633,778518387.25,0.03165,90219100.01,,379263.35341632366,0.0,1.1,12672385318.599863,0.5,1380152693.4157572,1.0,11520350289.636238,0.5,1380152693.4157572
FCT,#,D0001,20250814,0.18,0.01,0.0,10508450914.86,400210249.2,0.0,10908661164.06,0.0,,0.19,10708556039.46,5678481.15,11014796494.3,0.0,1.0,0.0633,697236618.09,0.03165,129490874.16,,25692756.63140142,-12666654.38717994,1.1,11349315863.83589,0.5,1980923980.89125,1.0,10317559876.214443,0.5,1980923980.89125
FCT,#,D0001,20250813,0.18,0.01,0.0,10508450914.86,0.0,0.0,10508450914.86,0.0,,0.19,10508450914.86,5470152.53,10608907763.95,0.0,1.0,0.0633,671543861.46,0.03165,142157528.54,,346260.65521371365,0.0,1.1,10931100292.741146,0.5,2174695778.2976594,1.0,9937363902.491953,0.5,2174695778.2976594
FCT,#,D0001,20250702,0.2,0.01,0.0,8931134921.79,0.0,0.0,8931134921.79,0.0,,0.21,8931134921.79,5138461.19,8964451302.03,0.0,1.0,0.0633,567449767.42,0.03165,192079579.73,,325264.5931928158,0.0,1.1,9236701688.07064,0.5,2938392749.242327,1.0,8397001534.609671,0.5,2938392749.242327
FCT,#,D0001,20250922,0.17,0.01,0.0,12149475513.16,0.0,0.0,12149475513.16,0.0,,0.18,12149475513.16,5991522.17,12304860199.05,0.0,1.0,0.0633,778897650.6,0.03165,90219100.01,,379263.35341620445,0.0,1.1,12678558803.299068,0.5,1380152693.4157572,1.0,11525962548.453695,0.5,1380152693.4157572
FCT,#,D0001,20250727,0.2,0.01,0.0,9910813297.56,0.0,0.0,9910813297.56,0.0,,0.21,9910813297.56,5702111.76,10080847223.83,0.0,1.0,0.0633,638117629.27,0.03165,161072759.13,,360943.6744232178,0.0,1.1,10387002554.021875,0.5,2464056971.653888,1.0,9442729594.565342,0.5,2464056971.653888
FCT,#,D0001,20250915,0.17,0.01,0.0,11892537422.36,0.0,0.0,11892537422.36,0.0,,0.18,11892537422.36,5864812.98,12006108162.25,0.0,1.0,0.0633,759986646.67,0.03165,98351190.58,,371242.6613434553,0.0,1.1,12370733667.14078,0.5,1504555693.5288467,1.0,11246121515.582523,0.5,1504555693.5288467
FCT,#,D0001,20250820,0.18,0.01,0.0,10908661164.06,0.0,0.0,10908661164.06,0.0,,0.19,10908661164.06,5678481.15,11048867381.23,0.0,1.0,0.0633,699393305.23,0.03165,129490874.16,,359447.85704147816,0.0,1.1,11384421483.59512,0.5,1980923980.8912497,1.0,10349474075.995562,0.5,1980923980.8912497
FCT,#,D0001,20260402,0.15,0.01,0.0,12059569394.38,0.0,0.0,12059569394.38,0.0,,0.16,12059569394.38,5286386.58,11948521517.61,0.0,1.0,0.0633,756341412.06,0.03165,90219100.01,,334628.2707568407,0.0,1.1,12311398116.10032,0.5,1380152693.4157572,1.0,11192180105.545746,0.5,1380152693.4157572
FCT,#,D0001,20250507,0.21,0.01,0.0,5786035948.1,0.0,0.0,5786035948.1,0.0,,0.22,5786035948.1,3487473.72,5809493292.72,0.0,1.0,0.0633,367740925.43,0.03165,291621962.24,,220757.08661156893,0.0,1.1,5985927604.019675,0.5,4461171044.828682,1.0,5441752367.290613,0.5,4461171044.828682
FCT,#,D0001,20260513,0.15,0.01,0.0,12059569394.38,0.0,0.0,12059569394.38,0.0,,0.16,12059569394.38,5286386.58,12165263367.55,0.0,1.0,0.0633,770061171.17,0.03165,90219100.01,,334628.2707569599,0.0,1.1,12534722416.02027,0.5,1380152693.4157572,1.0,11395202196.382065,0.5,1380152693.4157572
FCT,#,D0001,20250628,0.2,0.01,0.0,8931134921.79,0.0,0.0,8931134921.79,0.0,,0.21,8931134921.79,5138461.19,9074352027.48,0.0,1.0,0.0633,574406483.34,0.03165,192079579.73,,325264.59319257736,0.0,1.1,9349940098.550991,0.5,2938392749.242327,1.0,8499945544.137266,0.5,2938392749.242327
FCT,#,D0001,20250417,0.21,0.01,0.0,1695516478.0,1240779655.0,0.0,2936296133.0,0.0,,0.22,2315906305.5,1769822.33,2944197686.15,0.0,1.0,0.0633,186367713.53,0.03165,381816227.39,,78653381.91478263,-39270676.08074999,1.1,3033612969.8797026,0.5,5840943819.804725,1.0,2757829972.617912,0.5,5840943819.804725
FCT,#,D0001,20260520,0.15,0.01,0.0,12059569394.38,0.0,0.0,12059569394.38,0.0,,0.16,12059569394.38,5286386.58,12202268073.63,0.0,1.0,0.0633,772403569.06,0.03165,90219100.01,,334628.2707569599,0.0,1.1,12572850955.030993,0.5,1380152693.4157572,1.0,11429864504.57363,0.5,1380152693.4157572
FCT,#,D0001,20250605,0.21,0.01,0.0,7747698588.39,0.0,0.0,7747698588.39,9960189.62,,0.22,7747698588.39,4669845.72,7782589937.96,0.0,1.0,0.0633,492637943.07,0.03165,229535339.68,,295601.23436141014,0.0,1.1,8018947194.374291,0.5,3511383035.966272,1.0,7289951994.885719,0.5,3511383035.966272
FCT,#,D0001,20250530,0.21,0.01,0.0,6299824126.99,0.0,0.0,6299824126.99,0.0,,0.22,6299824126.99,3797154.27,6405240305.31,0.0,1.0,0.0633,405451711.33,0.03165,275360566.38,,240359.8651848436,0.0,1.1,6599767453.378169,0.5,4212407653.3146167,1.0,5999788593.980153,0.5,4212407653.3146167
FCT,#,D0001,20260424,0.15,0.01,0.0,12059569394.38,0.0,0.0,12059569394.38,0.0,,0.16,12059569394.38,5286386.58,12064822022.45,0.0,1.0,0.0633,763703234.02,0.03165,90219100.01,,334628.2707569599,0.0,1.1,12431230667.27688,0.5,1380152693.4157572,1.0,11301118788.433529,0.5,1380152693.4157572
FCT,#,D0001,20250529,0.21,0.01,0.0,6039325771.39,260498355.6,0.0,6299824126.99,0.0,,0.22,6169574949.19,3797154.27,6401443151.04,0.0,1.0,0.0633,405211351.46,0.03165,275360566.38,,16729905.77466488,-8244772.954739988,1.1,6595854979.534717,0.5,4212407653.3146167,1.0,5996231799.577015,0.5,4212407653.3146167
FCT,#,D0001,20250606,0.21,0.01,0.0,7747698588.39,0.0,0.0,7747698588.39,0.0,,0.22,7747698588.39,4669845.72,7787259783.68,0.0,1.0,0.0633,492933544.31,0.03165,229535339.68,,295601.23436146975,0.0,1.1,8023758863.313456,0.5,3511383035.966272,1.0,7294326239.375868,0.5,3511383035.966272
FCT,#,D0001,20260523,0.15,0.01,0.0,12059569394.38,0.0,0.0,12059569394.38,0.0,,0.16,12059569394.38,5286386.58,12218127233.39,0.0,1.0,0.0633,773407453.87,0.03165,90219100.01,,334628.2707569599,0.0,1.1,12589191757.46416,0.5,1380152693.4157572,1.0,11444719779.51287,0.5,1380152693.4157572
FCT,#,D0001,20250411,0.21,0.01,0.0,0.0,1695516478.0,0.0,1695516478.0,0.0,,0.22,847758239.0,1021955.14,1696538433.14,0.0,1.0,0.0633,107390882.82,0.03165,421086903.47,,0.0,0.0,1.1,1748062305.3518083,0.5,6441698309.26435,1.0,1589147550.3198256,0.5,6441698309.26435
FCT,#,D0001,20260514,0.15,0.01,0.0,12059569394.38,0.0,0.0,12059569394.38,0.0,,0.16,12059569394.38,5286386.58,12170549754.13,0.0,1.0,0.0633,770395799.44,0.03165,90219100.01,,334628.2707568407,0.0,1.1,12540169350.16466,0.5,1380152693.4157572,1.0,11400153954.695145,0.5,1380152693.4157572
FCT,#,D0001,20260401,0.15,0.01,0.0,12059569394.38,0.0,0.0,12059569394.38,0.0,,0.16,12059569394.38,5286386.58,11943235131.03,0.0,1.0,0.0633,756006783.79,0.03165,90219100.01,,334628.2707569599,0.0,1.1,12305951181.955936,0.5,1380152693.4157572,1.0,11187228347.232666,0.5,1380152693.4157572
FCT,#,D0001,20250504,0.21,0.01,0.0,4286035948.1,0.0,0.0,4286035948.1,0.0,,0.22,4286035948.1,2583364.13,4299934981.14,0.0,1.0,0.0633,272185884.31,0.03165,339096962.24,,163526.94962531328,0.0,1.1,4430524006.519684,0.5,5187433544.828682,1.0,4027749096.836076,0.5,5187433544.828682
FCT,#,D0001,20260105,0.16,0.01,0.0,12059569394.38,0.0,0.0,12059569394.38,0.0,,0.17,12059569394.38,5616785.75,12034887858.54,0.0,1.0,0.0633,761808401.45,0.03165,90219100.01,,355542.5376793146,0.0,1.1,12400387402.807337,0.5,1380152693.4157572,1.0,11273079457.097576,0.5,1380152693.4157572
FCT,#,D0001,20260210,0.16,0.01,0.0,12059569394.38,0.0,0.0,12059569394.38,0.0,,0.17,12059569394.38,5616785.75,12036751309.78,0.0,1.0,0.0633,761926357.91,0.03165,90219100.01,,355542.5376793146,0.0,1.1,12402307447.05304,0.5,1380152693.4157572,1.0,11274824951.8664,0.5,1380152693.4157572
FCT,#,D0001,20260219,0.16,0.01,0.0,12059569394.38,0.0,0.0,12059569394.38,0.0,,0.17,12059569394.38,5616785.75,12087302381.48,0.0,1.0,0.0633,765126240.75,0.03165,90219100.01,,355542.5376791954,0.0,1.1,12454393754.808762,0.5,1380152693.4157572,1.0,11322176140.735235,0.5,1380152693.4157572
FCT,#,D0001,20260128,0.16,0.01,0.0,12059569394.38,0.0,0.0,12059569394.38,0.0,,0.17,12059569394.38,5616785.75,12164073930.69,0.0,1.0,0.0633,769985879.81,0.03165,90219100.01,,355542.5376791954,0.0,1.1,12533496855.960842,0.5,1380152693.4157572,1.0,11394088050.873491,0.5,1380152693.4157572
FCT,#,D0001,20260311,0.16,0.01,0.0,12059569394.38,0.0,0.0,12059569394.38,0.0,,0.17,12059569394.38,5616785.75,12018685083.59,0.0,1.0,0.0633,760782765.79,0.03165,90219100.01,,355542.5376793146,0.0,1.1,12383692549.57829,0.5,1380152693.4157572,1.0,11257902317.798445,0.5,1380152693.4157572
FCT,#,D0001,20260131,0.16,0.01,0.0,12059569394.38,0.0,0.0,12059569394.38,0.0,,0.17,12059569394.38,5616785.75,11980583452.32,200340835.6,1.0,0.0633,758370932.53,0.03165,90219100.01,,-12326032.355800748,0.0,1.1,12344433771.76891,0.5,1380152693.4157572,1.0,11222212519.789915,0.5,1380152693.4157572
FCT,#,D0001,20260209,0.16,0.01,0.0,12059569394.38,0.0,0.0,12059569394.38,0.0,,0.17,12059569394.38,5616785.75,12031134524.03,0.0,1.0,0.0633,761570815.37,0.03165,90219100.01,,355542.5376791954,0.0,1.1,12396520079.52463,0.5,1380152693.4157572,1.0,11269563708.658752,0.5,1380152693.4157572
FCT,#,D0001,20260318,0.16,0.01,0.0,12059569394.38,0.0,0.0,12059569394.38,0.0,,0.17,12059569394.38,5616785.75,12058002583.81,0.0,1.0,0.0633,763271563.55,0.03165,90219100.01,,355542.5376791954,0.0,1.1,12424204122.277184,0.5,1380152693.4157572,1.0,11294731020.251984,0.5,1380152693.4157572
FCT,#,D0001,20260106,0.16,0.01,0.0,12059569394.38,0.0,0.0,12059569394.38,0.0,,0.17,12059569394.38,5616785.75,12040504644.29,0.0,1.0,0.0633,762163943.98,0.03165,90219100.01,,355542.5376791954,0.0,1.1,12406174770.335749,0.5,1380152693.4157572,1.0,11278340700.305223,0.5,1380152693.4157572
FCT,#,D0001,20250929,0.17,0.01,0.0,12149475513.16,0.0,0.0,12149475513.16,0.0,,0.18,12149475513.16,5991522.17,12346800854.25,0.0,1.0,0.0633,781552494.07,0.03165,90219100.01,,379263.35341632366,0.0,1.1,12721773196.193483,0.5,1380152693.4157572,1.0,11565248360.175894,0.5,1380152693.4157572
FCT,#,D0001,20250806,0.18,0.01,0.0,10247215442.36,0.0,0.0,10247215442.36,0.0,,0.19,10247215442.36,5334166.94,10309381223.73,0.0,1.0,0.0633,652583831.46,0.03165,150425631.25,,337652.7674665451,0.0,1.1,10622477131.497593,0.5,2301179463.195347,1.0,9656797392.270536,0.5,2301179463.195347
FCT,#,D0001,20250831,0.18,0.01,0.0,11652837739.66,0.0,0.0,11652837739.66,0.0,,0.19,11652837739.66,6065860.74,11675190645.28,182336823.0,1.0,0.0633,739039567.85,0.03165,105937685.54,,-11157951.91098249,0.0,1.1,12029766185.17656,0.5,1620612287.4001195,1.0,10936151077.433235,0.5,1620612287.4001195
FCT,#,D0001,20250716,0.2,0.01,0.0,9821914613.99,0.0,0.0,9821914613.99,0.0,,0.21,9821914613.99,5650964.57,9929329735.28,0.0,1.0,0.0633,628526572.24,0.03165,163886402.47,,357706.0574349165,0.0,1.1,10230883479.339746,0.5,2507099491.771392,1.0,9300803163.036133,0.5,2507099491.771392
FCT,#,D0001,20250904,0.18,0.01,0.0,11652837739.66,0.0,0.0,11652837739.66,0.0,,0.19,11652837739.66,6065860.74,11699454088.24,0.0,1.0,0.0633,740575443.79,0.03165,105937685.54,,383968.9849175215,0.0,1.1,12054766508.904173,0.5,1620612287.4001195,1.0,10958878644.458338,0.5,1620612287.4001195
FCT,#,D0001,20250719,0.2,0.01,0.0,9888125858.31,0.0,0.0,9888125858.31,0.0,,0.21,9888125858.31,5689058.71,10012608155.74,0.0,1.0,0.0633,633798096.26,0.03165,161790816.58,,360117.4165328741,0.0,1.1,10316691065.428087,0.5,2475041662.552756,1.0,9378810059.480078,0.5,2475041662.552756
FCT,#,D0001,20250907,0.18,0.01,0.0,11652837739.66,0.0,0.0,11652837739.66,0.0,,0.19,11652837739.66,6065860.74,11717651670.47,0.0,1.0,0.0633,741727350.74,0.03165,105937685.54,,383968.9849174023,0.0,1.1,12073516751.699884,0.5,1620612287.4001195,1.0,10975924319.727163,0.5,1620612287.4001195
FCT,#,D0001,20250828,0.18,0.01,0.0,11144149283.66,0.0,0.0,11144149283.66,0.0,,0.19,11144149283.66,5801064.01,11330641430.06,0.0,1.0,0.0633,717229602.52,0.03165,122037675.17,,367207.3518755436,0.0,1.1,11674753010.286642,0.5,1866906520.5839195,1.0,10613411827.53331,0.5,1866906520.5839195
FCT,#,D0001,20250805,0.18,0.01,0.0,10247215442.36,0.0,0.0,10247215442.36,0.0,,0.19,10247215442.36,5334166.94,10304047056.79,0.0,1.0,0.0633,652246178.69,0.03165,150425631.25,,337652.7674664259,0.0,1.1,10616980965.904947,0.5,2301179463.195347,1.0,9651800878.095406,0.5,2301179463.195347
FCT,#,D0001,20250710,0.2,0.01,0.0,8931134921.79,0.0,0.0,8931134921.79,0.0,,0.21,8931134921.79,5138461.19,9005558991.53,0.0,1.0,0.0633,570051884.16,0.03165,192079579.73,,325264.59319257736,0.0,1.1,9279057818.10388,0.5,2938392749.242327,1.0,8435507107.367163,0.5,2938392749.242327
FCT,#,D0001,20250930,0.17,0.01,0.0,12149475513.16,0.0,0.0,12149475513.16,0.0,,0.18,12149475513.16,5991522.17,12167987297.52,184805078.9,1.0,0.0633,770233595.93,0.03165,90219100.01,,-11318898.14095378,0.0,1.1,12537529071.746496,0.5,1380152693.4157572,1.0,11397753701.587725,0.5,1380152693.4157572
FCT,#,D0001,20251126,0.17,0.01,0.0,12149475513.16,0.0,0.0,12149475513.16,0.0,,0.18,12149475513.16,5991522.17,12297350918.36,0.0,1.0,0.0633,778422313.13,0.03165,90219100.01,,379263.35341632366,0.0,1.1,12670821465.751184,0.5,1380152693.4157572,1.0,11518928605.228348,0.5,1380152693.4157572
FCT,#,D0001,20251021,0.17,0.01,0.0,12149475513.16,0.0,0.0,12149475513.16,0.0,,0.18,12149475513.16,5991522.17,12293809263.11,0.0,1.0,0.0633,778198126.35,0.03165,90219100.01,,379263.35341632366,0.0,1.1,12667172250.429756,0.5,1380152693.4157572,1.0,11515611136.754322,0.5,1380152693.4157572
FCT,#,D0001,20251224,0.16,0.01,0.0,12059569394.38,0.0,0.0,12059569394.38,0.0,,0.17,12059569394.38,5616785.75,12168019984.5,0.0,1.0,0.0633,770235665.02,0.03165,90219100.01,,355542.5376793146,0.0,1.1,12537562751.428688,0.5,1380152693.4157572,1.0,11397784319.480623,0.5,1380152693.4157572
FCT,#,D0001,20251012,0.17,0.01,0.0,12149475513.16,0.0,0.0,12149475513.16,0.0,,0.18,12149475513.16,5991522.17,12239885563.57,0.0,1.0,0.0633,774784756.17,0.03165,90219100.01,,379263.35341632366,0.0,1.1,12611610888.136929,0.5,1380152693.4157572,1.0,11465100807.397207,0.5,1380152693.4157572
FCT,#,D0001,20251103,0.17,0.01,0.0,12149475513.16,0.0,0.0,12149475513.16,0.0,,0.18,12149475513.16,5991522.17,12159545908.43,0.0,1.0,0.0633,769699256.0,0.03165,90219100.01,,379263.35341632366,0.0,1.1,12528831317.66952,0.5,1380152693.4157572,1.0,11389846652.426834,0.5,1380152693.4157572
FCT,#,D0001,20251227,0.16,0.01,0.0,12059569394.38,0.0,0.0,12059569394.38,0.0,,0.17,12059569394.38,5616785.75,12184870341.74,0.0,1.0,0.0633,771302292.63,0.03165,90219100.01,,355542.5376793146,0.0,1.1,12554924854.013927,0.5,1380152693.4157572,1.0,11413568049.103567,0.5,1380152693.4157572
FCT,#,D0001,20251015,0.17,0.01,0.0,12149475513.16,0.0,0.0,12149475513.16,0.0,,0.18,12149475513.16,5991522.17,12257860130.08,0.0,1.0,0.0633,775922546.23,0.03165,90219100.01,,379263.35341632366,0.0,1.1,12630131342.234535,0.5,1380152693.4157572,1.0,11481937583.84958,0.5,1380152693.4157572
FCT,#,D0001,20251202,0.17,0.01,0.0,12149475513.16,0.0,0.0,12149475513.16,0.0,,0.18,12149475513.16,5991522.17,12127990558.29,0.0,1.0,0.0633,767701802.34,0.03165,90219100.01,,379263.35341632366,0.0,1.1,12496317631.540953,0.5,1380152693.4157572,1.0,11360288755.94632,0.5,1380152693.4157572
FCT,#,D0001,20251022,0.17,0.01,0.0,12149475513.16,0.0,0.0,12149475513.16,0.0,,0.18,12149475513.16,5991522.17,12299800785.28,0.0,1.0,0.0633,778577389.71,0.03165,90219100.01,,379263.35341620445,0.0,1.1,12673345735.128958,0.5,1380152693.4157572,1.0,11521223395.57178,0.5,1380152693.4157572
FCT,#,D0001,20260408,0.15,0.01,0.0,12059569394.38,0.0,0.0,12059569394.38,0.0,,0.16,12059569394.38,5286386.58,11980239837.11,0.0,1.0,0.0633,758349181.69,0.03165,90219100.01,,334628.2707569599,0.0,1.1,12344079720.966658,0.5,1380152693.4157572,1.0,11221890655.424232,0.5,1380152693.4157572
FCT,#,D0001,20250513,0.21,0.01,0.0,5786035948.1,0.0,0.0,5786035948.1,0.0,,0.22,5786035948.1,3487473.72,5830418135.05,0.0,1.0,0.0633,369065467.95,0.03165,291621962.24,,220757.08661162853,0.0,1.1,6007487933.814179,0.5,4461171044.828682,1.0,5461352667.103799,0.5,4461171044.828682
FCT,#,D0001,20250427,0.21,0.01,0.0,4246527388.0,0.0,0.0,4246527388.0,0.0,,0.22,4246527388.0,2559550.75,4275286078.13,0.0,1.0,0.0633,270625608.75,0.03165,340347408.17,,162019.5627542138,0.0,1.1,4405126516.322159,0.5,5206562601.9151,1.0,4004660469.383781,0.5,5206562601.9151
FCT,#,D0001,20260530,0.15,0.01,0.0,12059569394.38,0.0,0.0,12059569394.38,0.0,,0.16,12059569394.38,5286386.58,12255131939.47,0.0,1.0,0.0633,775749851.77,0.03165,90219100.01,,334628.2707570791,0.0,1.1,12627320296.474882,0.5,1380152693.4157572,1.0,11479382087.704435,0.5,1380152693.4157572
FCT,#,D0001,20260417,0.15,0.01,0.0,12059569394.38,0.0,0.0,12059569394.38,0.0,,0.16,12059569394.38,5286386.58,12027817316.37,0.0,1.0,0.0633,761360836.13,0.03165,90219100.01,,334628.2707568407,0.0,1.1,12393102128.266155,0.5,1380152693.4157572,1.0,11266456480.24196,0.5,1380152693.4157572
FCT,#,D0001,20260605,0.15,0.01,0.0,12059569394.38,0.0,89906118.78,11969663275.6,0.0,,0.16,12014616334.99,5246975.68,12196904729.29,0.0,1.0,0.0633,772064069.36,0.03165,90219100.01,,-5358923.758074522,0.0,1.1,12567324725.923409,0.5,1380152693.4157572,1.0,11424840659.93037,0.5,1380152693.4157572
FCT,#,D0001,20250520,0.21,0.01,0.0,5799996516.39,0.0,0.0,5799996516.39,0.0,,0.22,5799996516.39,3495888.31,5868841506.93,0.0,1.0,0.0633,371497667.39,0.03165,291180110.26,,221289.73010206225,0.0,1.1,6047078223.497799,0.5,4454411686.676872,1.0,5497343839.543453,0.5,4454411686.676872
FCT,#,D0001,20260418,0.15,0.01,0.0,12059569394.38,0.0,0.0,12059569394.38,0.0,,0.16,12059569394.38,5286386.58,12033103702.95,0.0,1.0,0.0633,761695464.4,0.03165,90219100.01,,334628.2707569599,0.0,1.1,12398549062.410547,0.5,1380152693.4157572,1.0,11271408238.555042,0.5,1380152693.4157572
FCT,#,D0001,20250523,0.21,0.01,0.0,6039325771.39,0.0,0.0,6039325771.39,0.0,,0.22,6039325771.39,3640141.56,6118946933.37,0.0,1.0,0.0633,387329340.88,0.03165,283605339.34,,230420.96080106497,0.0,1.1,6304779351.731491,0.5,4338534444.637247,1.0,5731617592.483173,0.5,4338534444.637247
FCT,#,D0001,20250424,0.21,0.01,0.0,2936296133.0,1310231255.0,0.0,4246527388.0,0.0,,0.22,3591411760.5,2559550.75,4267607425.87,0.0,1.0,0.0633,270139550.06,0.03165,340347408.17,,83099658.00425416,-41468819.22074997,1.1,4397214663.389692,0.5,5206562601.9151,1.0,3997467875.80881,0.5,5206562601.9151
FCT,#,D0001,20260529,0.15,0.01,0.0,12059569394.38,0.0,0.0,12059569394.38,0.0,,0.16,12059569394.38,5286386.58,12249845552.89,0.0,1.0,0.0633,775415223.5,0.03165,90219100.01,,334628.2707568407,0.0,1.1,12621873362.330494,0.5,1380152693.4157572,1.0,11474430329.391356,0.5,1380152693.4157572
FCT,#,D0001,20250612,0.2,0.01,0.0,7974259568.39,0.0,0.0,7974259568.39,0.0,,0.21,7974259568.39,4587930.16,8041381825.63,0.0,1.0,0.0633,509019469.56,0.03165,222364684.66,,290415.9792947769,0.0,1.1,8285598591.674059,0.5,3401687873.474772,1.0,7532362356.067326,0.5,3401687873.474772
FCT,#,D0001,20260504,0.15,0.01,0.0,12059569394.38,0.0,0.0,12059569394.38,0.0,,0.16,12059569394.38,5286386.58,12117685888.29,0.0,1.0,0.0633,767049516.73,0.03165,90219100.01,,334628.2707569599,0.0,1.1,12485700008.72077,0.5,1380152693.4157572,1.0,11350636371.564337,0.5,1380152693.4157572
FCT,#,D0001,20250621,0.2,0.01,0.0,8319033309.39,0.0,0.0,8319033309.39,0.0,,0.21,8319033309.39,4786293.14,8428042027.02,0.0,1.0,0.0633,533495060.31,0.03165,211452595.76,,302972.3555663824,0.0,1.1,8684001663.376707,0.5,3234757047.426097,1.0,7894546966.706097,0.5,3234757047.426097
FCT,#,D0001,20260411,0.15,0.01,0.0,12059569394.38,0.0,0.0,12059569394.38,0.0,,0.16,12059569394.38,5286386.58,11996098996.87,0.0,1.0,0.0633,759353066.5,0.03165,90219100.01,,334628.2707569599,0.0,1.1,12360420523.399824,0.5,1380152693.4157572,1.0,11236745930.363476,0.5,1380152693.4157572
FCT,#,D0001,20260327,0.15,0.01,0.0,12059569394.38,0.0,0.0,12059569394.38,0.0,,0.16,12059569394.38,5286386.58,12106901659.71,0.0,1.0,0.0633,766366875.06,0.03165,90219100.01,,334628.2707569599,0.0,1.1,12474588263.112782,0.5,1380152693.4157572,1.0,11340534784.647982,0.5,1380152693.4157572
FCT,#,D0001,20260115,0.16,0.01,0.0,12059569394.38,0.0,0.0,12059569394.38,0.0,,0.17,12059569394.38,5616785.75,12091055716.0,0.0,1.0,0.0633,765363826.82,0.03165,90219100.01,,355542.5376791954,0.0,1.1,12458261078.091469,0.5,1380152693.4157572,1.0,11325691889.17406,0.5,1380152693.4157572
FCT,#,D0001,20260225,0.16,0.01,0.0,12059569394.38,0.0,0.0,12059569394.38,0.0,,0.17,12059569394.38,5616785.75,12121003095.96,0.0,1.0,0.0633,767259495.97,0.03165,90219100.01,,355542.5376791954,0.0,1.1,12489117959.97924,0.5,1380152693.4157572,1.0,11353743599.981129,0.5,1380152693.4157572
FCT,#,D0001,20260302,0.16,0.01,0.0,12059569394.38,0.0,0.0,12059569394.38,0.0,,0.17,12059569394.38,5616785.75,11968134011.88,0.0,1.0,0.0633,757582882.95,0.03165,90219100.01,,355542.5376791954,0.0,1.1,12331606241.82257,0.5,1380152693.4157572,1.0,11210551128.92961,0.5,1380152693.4157572
FCT,#,D0001,20260122,0.16,0.01,0.0,12059569394.38,0.0,0.0,12059569394.38,0.0,,0.17,12059569394.38,5616785.75,12130373216.21,0.0,1.0,0.0633,767852624.59,0.03165,90219100.01,,355542.5376793146,0.0,1.1,12498772650.79036,0.5,1380152693.4157572,1.0,11362520591.6276,0.5,1380152693.4157572
FCT,#,D0001,20260301,0.16,0.01,0.0,12059569394.38,0.0,0.0,12059569394.38,0.0,,0.17,12059569394.38,5616785.75,11962517226.14,0.0,1.0,0.0633,757227340.41,0.03165,90219100.01,,355542.5376791954,0.0,1.1,12325818874.294155,0.5,1380152693.4157572,1.0,11205289885.72196,0.5,1380152693.4157572
FCT,#,D0001,20260121,0.16,0.01,0.0,12059569394.38,0.0,0.0,12059569394.38,0.0,,0.17,12059569394.38,5616785.75,12124756430.47,0.0,1.0,0.0633,767497082.05,0.03165,90219100.01,,355542.5376791954,0.0,1.1,12492985283.261946,0.5,1380152693.4157572,1.0,11357259348.41995,0.5,1380152693.4157572
FCT,#,D0001,20260226,0.16,0.01,0.0,12059569394.38,0.0,0.0,12059569394.38,0.0,,0.17,12059569394.38,5616785.75,12126619881.7,0.0,1.0,0.0633,767615038.51,0.03165,90219100.01,,355542.5376791954,0.0,1.1,12494905327.507652,0.5,1380152693.4157572,1.0,11359004843.188774,0.5,1380152693.4157572
FCT,#,D0001,20260203,0.16,0.01,0.0,12059569394.38,0.0,0.0,12059569394.38,0.0,,0.17,12059569394.38,5616785.75,11997433809.56,0.0,1.0,0.0633,759437560.15,0.03165,90219100.01,,355542.5376791954,0.0,1.1,12361795874.354149,0.5,1380152693.4157572,1.0,11237996249.41286,0.5,1380152693.4157572
FCT,#,D0001,20260324,0.15,0.01,0.0,12059569394.38,0.0,0.0,12059569394.38,0.0,,0.16,12059569394.38,5286386.58,12091042499.96,0.0,1.0,0.0633,765362990.25,0.03165,90219100.01,,334628.2707569599,0.0,1.1,12458247460.679617,0.5,1380152693.4157572,1.0,11325679509.70874,0.5,1380152693.4157572
FCT,#,D0001,20250703,0.2,0.01,0.0,8931134921.79,0.0,0.0,8931134921.79,0.0,,0.21,8931134921.79,5138461.19,8969589763.22,0.0,1.0,0.0633,567775032.01,0.03165,192079579.73,,325264.5931928158,0.0,1.1,9241996204.324793,0.5,2938392749.242327,1.0,8401814731.204357,0.5,2938392749.242327
FCT,#,D0001,20250923,0.17,0.01,0.0,12149475513.16,0.0,0.0,12149475513.16,0.0,,0.18,12149475513.16,5991522.17,12310851721.22,0.0,1.0,0.0633,779276913.95,0.03165,90219100.01,,379263.35341632366,0.0,1.1,12684732287.998266,0.5,1380152693.4157572,1.0,11531574807.27115,0.5,1380152693.4157572
FCT,#,D0001,20250812,0.18,0.01,0.0,10508450914.86,0.0,0.0,10508450914.86,0.0,,0.19,10508450914.86,5470152.53,10603437611.42,0.0,1.0,0.0633,671197600.8,0.03165,142157528.54,,346260.65521383286,0.0,1.1,10925464011.677755,0.5,2174695778.2976594,1.0,9932240010.616142,0.5,2174695778.2976594
FCT,#,D0001,20250726,0.2,0.01,0.0,9910813297.56,0.0,0.0,9910813297.56,0.0,,0.21,9910813297.56,5702111.76,10075145112.07,0.0,1.0,0.0633,637756685.59,0.03165,161072759.13,,360943.6744232178,0.0,1.1,10381127269.127478,0.5,2464056971.653888,1.0,9437388426.479525,0.5,2464056971.653888
FCT,#,D0001,20250914,0.18,0.01,0.0,11892537422.36,0.0,0.0,11892537422.36,0.0,,0.19,11892537422.36,6190635.92,12000243349.28,0.0,1.0,0.0633,759615404.01,0.03165,98351190.58,,391867.2536404133,0.0,1.1,12364690739.795303,0.5,1504555693.5288467,1.0,11240627945.268456,0.5,1504555693.5288467
FCT,#,D0001,20250725,0.2,0.01,0.0,9888125858.31,22687439.25,0.0,9910813297.56,0.0,,0.21,9899469577.94,5702111.76,10069443000.31,0.0,1.0,0.0633,637395741.92,0.03165,161072759.13,,1797058.5789482594,-718057.4522625208,1.1,10375251984.233078,0.5,2464056971.653888,1.0,9432047258.393707,0.5,2464056971.653888
FCT,#,D0001,20250913,0.18,0.01,0.0,11892537422.36,0.0,0.0,11892537422.36,0.0,,0.19,11892537422.36,6190635.92,11994052713.36,0.0,1.0,0.0633,759223536.76,0.03165,98351190.58,,391867.2536404133,-2.9802322387695312e-08,1.1,12358312094.263971,0.5,1504555693.5288467,1.0,11234829176.60361,0.5,1504555693.5288467
FCT,#,D0001,20250822,0.18,0.01,0.0,10908661164.06,235488119.6,0.0,11144149283.66,0.0,,0.19,11026405223.86,5801064.01,11295835045.99,0.0,1.0,0.0633,715026358.41,0.03165,122037675.17,,15273605.322555542,-7453198.985339999,1.1,11638889556.338585,0.5,1866906520.58392,1.0,10580808687.58053,0.5,1866906520.58392
FCT,#,D0001,20250815,0.18,0.01,0.0,10908661164.06,0.0,0.0,10908661164.06,0.0,,0.19,10908661164.06,5678481.15,11020474975.46,0.0,1.0,0.0633,697596065.95,0.03165,129490874.16,,359447.85704147816,-2.9802322387695312e-08,1.1,11355166800.462423,0.5,1980923980.8912497,1.0,10322878909.511295,0.5,1980923980.8912497
FCT,#,D0001,20250920,0.17,0.01,0.0,12149475513.16,0.0,0.0,12149475513.16,0.0,,0.18,12149475513.16,5991522.17,12292877154.71,0.0,1.0,0.0633,778139123.89,0.03165,90219100.01,,379263.35341620445,0.0,1.1,12666211833.90066,0.5,1380152693.4157572,1.0,11514738030.81878,0.5,1380152693.4157572
FCT,#,D0001,20251116,0.17,0.01,0.0,12149475513.16,0.0,0.0,12149475513.16,0.0,,0.18,12149475513.16,5991522.17,12237435696.65,0.0,1.0,0.0633,774629679.6,0.03165,90219100.01,,379263.35341632366,0.0,1.1,12609086618.759155,0.5,1380152693.4157572,1.0,11462806017.053778,0.5,1380152693.4157572
FCT,#,D0001,20251211,0.17,0.01,0.0,12059569394.38,0.0,0.0,12059569394.38,0.0,,0.18,12059569394.38,5947184.91,12091697778.2,0.0,1.0,0.0633,765404469.36,0.03165,90219100.01,,376456.8046014309,0.0,1.1,12458922639.719074,0.5,1380152693.4157572,1.0,11326293308.835522,0.5,1380152693.4157572
FCT,#,D0001,20251031,0.17,0.01,0.0,12149475513.16,0.0,0.0,12149475513.16,0.0,,0.18,12149475513.16,5991522.17,12141571341.92,212153142.9,1.0,0.0633,768561465.94,0.03165,90219100.01,,-13050030.592153668,0.0,1.1,12510310863.571909,0.5,1380152693.4157572,1.0,11373009875.974464,0.5,1380152693.4157572
FCT,#,D0001,20251218,0.17,0.01,0.0,12059569394.38,0.0,0.0,12059569394.38,0.0,,0.18,12059569394.38,5947184.91,12133328072.54,0.0,1.0,0.0633,768039666.99,0.03165,90219100.01,,376456.8046016693,0.0,1.1,12501817246.106138,0.5,1380152693.4157572,1.0,11365288405.551031,0.5,1380152693.4157572
FCT,#,D0001,20251006,0.17,0.01,0.0,12149475513.16,0.0,0.0,12149475513.16,0.0,,0.18,12149475513.16,5991522.17,12203936430.55,0.0,1.0,0.0633,772509176.05,0.03165,90219100.01,,379263.35341620445,0.0,1.1,12574569979.941711,0.5,1380152693.4157572,1.0,11431427254.492464,0.5,1380152693.4157572
FCT,#,D0001,20251109,0.17,0.01,0.0,12149475513.16,0.0,0.0,12149475513.16,0.0,,0.18,12149475513.16,5991522.17,12195495041.46,0.0,1.0,0.0633,771974836.12,0.03165,90219100.01,,379263.35341632366,0.0,1.1,12565872225.864737,0.5,1380152693.4157572,1.0,11423520205.331575,0.5,1380152693.4157572
FCT,#,D0001,20251110,0.17,0.01,0.0,12149475513.16,0.0,0.0,12149475513.16,0.0,,0.18,12149475513.16,5991522.17,12201486563.63,0.0,1.0,0.0633,772354099.48,0.03165,90219100.01,,379263.35341620445,0.0,1.1,12572045710.563938,0.5,1380152693.4157572,1.0,11429132464.149036,0.5,1380152693.4157572
FCT,#,D0001,20251217,0.17,0.01,0.0,12059569394.38,0.0,0.0,12059569394.38,0.0,,0.18,12059569394.38,5947184.91,12127380887.64,0.0,1.0,0.0633,767663210.19,0.03165,90219100.01,,376456.8046014309,0.0,1.1,12495689445.1937,0.5,1380152693.4157572,1.0,11359717677.448818,0.5,1380152693.4157572
FCT,#,D0001,20251208,0.17,0.01,0.0,12059569394.38,0.0,0.0,12059569394.38,0.0,,0.18,12059569394.38,5947184.91,12073856223.47,0.0,1.0,0.0633,764275098.95,0.03165,90219100.01,,376456.8046015501,0.0,1.1,12440539236.981762,0.5,1380152693.4157572,1.0,11309581124.528872,0.5,1380152693.4157572
FCT,#,D0001,20251119,0.17,0.01,0.0,12149475513.16,0.0,0.0,12149475513.16,0.0,,0.18,12149475513.16,5991522.17,12255410263.16,0.0,1.0,0.0633,775767469.66,0.03165,90219100.01,,379263.35341620445,0.0,1.1,12627607072.856766,0.5,1380152693.4157572,1.0,11479642793.50615,0.5,1380152693.4157572
FCT,#,D0001,20251013,0.17,0.01,0.0,12149475513.16,0.0,0.0,12149475513.16,0.0,,0.18,12149475513.16,5991522.17,12245877085.74,0.0,1.0,0.0633,775164019.53,0.03165,90219100.01,,379263.35341632366,0.0,1.1,12617784372.836132,0.5,1380152693.4157572,1.0,11470713066.214664,0.5,1380152693.4157572
FCT,#,D0001,20250829,0.18,0.01,0.0,11144149283.66,508688456.0,0.0,11652837739.66,0.0,,0.19,11398493511.66,6065860.74,11845395746.8,0.0,1.0,0.0633,749813550.77,0.03165,105937685.54,,32583948.2497176,-16099989.632400006,1.1,12205140415.627266,0.5,1620612287.4001195,1.0,11095582196.024786,0.5,1620612287.4001195
FCT,#,D0001,20250804,0.18,0.01,0.0,10247215442.36,0.0,0.0,10247215442.36,0.0,,0.19,10247215442.36,5334166.94,10298712889.85,0.0,1.0,0.0633,651908525.93,0.03165,150425631.25,,337652.7674665451,0.0,1.1,10611484800.312302,0.5,2301179463.195347,1.0,9646804363.920273,0.5,2301179463.195347
FCT,#,D0001,20250905,0.18,0.01,0.0,11652837739.66,0.0,0.0,11652837739.66,6711915.21,,0.19,11652837739.66,6065860.74,11705519948.99,0.0,1.0,0.0633,740959412.77,0.03165,105937685.54,,383968.9849174023,0.0,1.1,12061016589.836077,0.5,1620612287.4001195,1.0,10964560536.214617,0.5,1620612287.4001195
FCT,#,D0001,20250630,0.2,0.01,0.0,8931134921.79,0.0,0.0,8931134921.79,0.0,,0.21,8931134921.79,5138461.19,8954174379.65,130454570.2,1.0,0.0633,566799238.23,0.03165,192079579.73,,-7932509.700467229,0.0,1.1,9226112655.562326,0.5,2938392749.242327,1.0,8387375141.420297,0.5,2938392749.242327
FCT,#,D0001,20251117,0.17,0.01,0.0,12149475513.16,0.0,0.0,12149475513.16,0.0,,0.18,12149475513.16,5991522.17,12243427218.82,0.0,1.0,0.0633,775008942.95,0.03165,90219100.01,,379263.35341632366,0.0,1.1,12615260103.45836,0.5,1380152693.4157572,1.0,11468418275.871237,0.5,1380152693.4157572
FCT,#,D0001,20250724,0.2,0.01,0.0,9888125858.31,0.0,0.0,9888125858.31,0.0,,0.21,9888125858.31,5689058.71,10041053449.3,0.0,1.0,0.0633,635598683.34,0.03165,161790816.58,,360117.4165328741,0.0,1.1,10346000242.558657,0.5,2475041662.552756,1.0,9405454765.962414,0.5,2475041662.552756
FCT,#,D0001,20250701,0.2,0.01,0.0,8931134921.79,0.0,0.0,8931134921.79,0.0,,0.21,8931134921.79,5138461.19,8959312840.84,0.0,1.0,0.0633,567124502.83,0.03165,192079579.73,,325264.5931926966,0.0,1.1,9231407171.816484,0.5,2938392749.242327,1.0,8392188338.014984,0.5,2938392749.242327
FCT,#,D0001,20250821,0.18,0.01,0.0,10908661164.06,0.0,0.0,10908661164.06,0.0,,0.19,10908661164.06,5678481.15,11054545862.38,0.0,1.0,0.0633,699752753.09,0.03165,129490874.16,,359447.85704147816,0.0,1.1,11390272420.221657,0.5,1980923980.8912497,1.0,10354793109.292414,0.5,1980923980.8912497
FCT,#,D0001,20251005,0.17,0.01,0.0,12149475513.16,0.0,0.0,12149475513.16,0.0,,0.18,12149475513.16,5991522.17,12197944908.38,0.0,1.0,0.0633,772129912.7,0.03165,90219100.01,,379263.35341632366,0.0,1.1,12568396495.242508,0.5,1380152693.4157572,1.0,11425814995.675009,0.5,1380152693.4157572
FCT,#,D0001,20251028,0.17,0.01,0.0,12149475513.16,0.0,0.0,12149475513.16,0.0,,0.18,12149475513.16,5991522.17,12335749918.31,0.0,1.0,0.0633,780852969.83,0.03165,90219100.01,,379263.35341632366,0.0,1.1,12710386643.324171,0.5,1380152693.4157572,1.0,11554896948.47652,0.5,1380152693.4157572
FCT,#,D0001,20250622,0.2,0.01,0.0,8319033309.39,0.0,0.0,8319033309.39,0.0,,0.21,8319033309.39,4786293.14,8432828320.15,0.0,1.0,0.0633,533798032.67,0.03165,211452595.76,,302972.3555663228,0.0,1.1,8688933316.236185,0.5,3234757047.426097,1.0,7899030287.48744,0.5,3234757047.426097
FCT,#,D0001,20260507,0.15,0.01,0.0,12059569394.38,0.0,0.0,12059569394.38,0.0,,0.16,12059569394.38,5286386.58,12133545048.04,0.0,1.0,0.0633,768053401.54,0.03165,90219100.01,,334628.2707569599,0.0,1.1,12502040811.153936,0.5,1380152693.4157572,1.0,11365491646.503578,0.5,1380152693.4157572
FCT,#,D0001,20250615,0.2,0.01,0.0,7974259568.39,0.0,0.0,7974259568.39,0.0,,0.21,7974259568.39,4587930.16,8055145616.12,0.0,1.0,0.0633,509890717.5,0.03165,222364684.66,,290415.9792948961,0.0,1.1,8299780388.479082,0.5,3401687873.474772,1.0,7545254898.617347,0.5,3401687873.474772
FCT,#,D0001,20250514,0.21,0.01,0.0,5786035948.1,0.0,0.0,5786035948.1,0.0,,0.22,5786035948.1,3487473.72,5833905608.77,0.0,1.0,0.0633,369286225.04,0.03165,291621962.24,,220757.08661156893,0.0,1.1,6011081322.113263,0.5,4461171044.828682,1.0,5464619383.739329,0.5,4461171044.828682
FCT,#,D0001,20260112,0.16,0.01,0.0,12059569394.38,0.0,0.0,12059569394.38,0.0,,0.17,12059569394.38,5616785.75,12074205358.76,0.0,1.0,0.0633,764297199.21,0.03165,90219100.01,,355542.5376791954,0.0,1.1,12440898975.506227,0.5,1380152693.4157572,1.0,11309908159.551117,0.5,1380152693.4157572
FCT,#,D0001,20250709,0.2,0.01,0.0,8931134921.79,0.0,0.0,8931134921.79,0.0,,0.21,8931134921.79,5138461.19,9000420530.34,0.0,1.0,0.0633,569726619.57,0.03165,192079579.73,,325264.5931928158,0.0,1.1,9273763301.849724,0.5,2938392749.242327,1.0,8430693910.772476,0.5,2938392749.242327
FCT,#,D0001,20251201,0.17,0.01,0.0,12149475513.16,0.0,0.0,12149475513.16,0.0,,0.18,12149475513.16,5991522.17,12121999036.11,0.0,1.0,0.0633,767322538.99,0.03165,90219100.01,,379263.35341620445,0.0,1.1,12490144146.84175,0.5,1380152693.4157572,1.0,11354676497.128862,0.5,1380152693.4157572
FCT,#,D0001,20251125,0.17,0.01,0.0,12149475513.16,0.0,0.0,12149475513.16,0.0,,0.18,12149475513.16,5991522.17,12291359396.19,0.0,1.0,0.0633,778043049.78,0.03165,90219100.01,,379263.35341632366,0.0,1.1,12664647981.05198,0.5,1380152693.4157572,1.0,11513316346.41089,0.5,1380152693.4157572
FCT,#,D0001,20260427,0.15,0.01,0.0,12059569394.38,0.0,0.0,12059569394.38,0.0,,0.16,12059569394.38,5286386.58,12080681182.21,0.0,1.0,0.0633,764707118.83,0.03165,90219100.01,,334628.2707569599,0.0,1.1,12447571469.710049,0.5,1380152693.4157572,1.0,11315974063.372768,0.5,1380152693.4157572
FCT,#,D0001,20250418,0.21,0.01,0.0,2936296133.0,0.0,0.0,2936296133.0,0.0,,0.22,2936296133.0,1769822.33,2945967508.48,0.0,1.0,0.0633,186479743.29,0.03165,381816227.39,,112029.7532826066,0.0,1.1,3035436541.710505,0.5,5840943819.804725,1.0,2759487765.1913686,0.5,5840943819.804725
FCT,#,D0001,20260317,0.16,0.01,0.0,12059569394.38,0.0,0.0,12059569394.38,0.0,,0.17,12059569394.38,5616785.75,12052385798.06,0.0,1.0,0.0633,762916021.02,0.03165,90219100.01,,355542.5376794338,0.0,1.1,12418416754.74877,0.5,1380152693.4157572,1.0,11289469777.044334,0.5,1380152693.4157572
FCT,#,D0001,20260308,0.16,0.01,0.0,12059569394.38,0.0,0.0,12059569394.38,0.0,,0.17,12059569394.38,5616785.75,12001834726.35,0.0,1.0,0.0633,759716138.18,0.03165,90219100.01,,355542.5376793146,0.0,1.1,12366330446.99305,0.5,1380152693.4157572,1.0,11242118588.1755,0.5,1380152693.4157572
FCT,#,D0001,20260216,0.16,0.01,0.0,12059569394.38,0.0,0.0,12059569394.38,0.0,,0.17,12059569394.38,5616785.75,12070452024.25,0.0,1.0,0.0633,764059613.13,0.03165,90219100.01,,355542.5376791954,0.0,1.1,12437031652.223522,0.5,1380152693.4157572,1.0,11306392411.112291,0.5,1380152693.4157572
FCT,#,D0001,20251204,0.17,0.01,0.0,12149475513.16,0.0,0.0,12149475513.16,0.0,,0.18,12149475513.16,5991522.17,12139973602.63,0.0,1.0,0.0633,768460329.05,0.03165,90219100.01,,379263.35341632366,0.0,1.1,12508664600.93936,0.5,1380152693.4157572,1.0,11371513273.581236,0.5,1380152693.4157572
FCT,#,D0001,20251016,0.17,0.01,0.0,12149475513.16,0.0,0.0,12149475513.16,0.0,,0.18,12149475513.16,5991522.17,12263851652.25,0.0,1.0,0.0633,776301809.59,0.03165,90219100.01,,379263.35341632366,0.0,1.1,12636304826.93374,0.5,1380152693.4157572,1.0,11487549842.667036,0.5,1380152693.4157572
FCT,#,D0001,20251229,0.16,0.01,0.0,12059569394.38,0.0,0.0,12059569394.38,0.0,,0.17,12059569394.38,5616785.75,12196103913.23,0.0,1.0,0.0633,772013377.71,0.03165,90219100.01,,355542.5376793146,0.0,1.1,12566499589.070757,0.5,1380152693.4157572,1.0,11424090535.518867,0.5,1380152693.4157572
FCT,#,D0001,20251009,0.17,0.01,0.0,12149475513.16,0.0,0.0,12149475513.16,0.0,,0.18,12149475513.16,5991522.17,12221910997.06,0.0,1.0,0.0633,773646966.11,0.03165,90219100.01,,379263.35341632366,0.0,1.1,12593090434.03932,0.5,1380152693.4157572,1.0,11448264030.944836,0.5,1380152693.4157572
FCT,#,D0001,20251106,0.17,0.01,0.0,12149475513.16,0.0,0.0,12149475513.16,0.0,,0.18,12149475513.16,5991522.17,12177520474.94,0.0,1.0,0.0633,770837046.06,0.03165,90219100.01,,379263.35341632366,0.0,1.1,12547351771.767128,0.5,1380152693.4157572,1.0,11406683428.879206,0.5,1380152693.4157572
FCT,#,D0001,20251105,0.17,0.01,0.0,12149475513.16,0.0,0.0,12149475513.16,3460931.05,,0.18,12149475513.16,5991522.17,12171528952.77,0.0,1.0,0.0633,770457782.71,0.03165,90219100.01,,379263.35341632366,0.0,1.1,12541178287.067924,0.5,1380152693.4157572,1.0,11401071170.061749,0.5,1380152693.4157572
FCT,#,D0001,20251230,0.16,0.01,0.0,12059569394.38,0.0,0.0,12059569394.38,0.0,,0.17,12059569394.38,5616785.75,12201720698.97,0.0,1.0,0.0633,772368920.24,0.03165,90219100.01,,355542.5376791954,0.0,1.1,12572286956.599169,0.5,1380152693.4157572,1.0,11429351778.726517,0.5,1380152693.4157572
FCT,#,D0001,20251010,0.17,0.01,0.0,12149475513.16,0.0,0.0,12149475513.16,0.0,,0.18,12149475513.16,5991522.17,12227902519.23,0.0,1.0,0.0633,774026229.47,0.03165,90219100.01,,379263.35341632366,0.0,1.1,12599263918.738523,0.5,1380152693.4157572,1.0,11453876289.762293,0.5,1380152693.4157572
FCT,#,D0001,20251207,0.17,0.01,0.0,12059569394.38,0.0,0.0,12059569394.38,0.0,,0.18,12059569394.38,5947184.91,12067909038.57,0.0,1.0,0.0633,763898642.14,0.03165,90219100.01,,376456.8046016693,0.0,1.1,12434411436.069324,0.5,1380152693.4157572,1.0,11304010396.426657,0.5,1380152693.4157572
FCT,#,D0001,20251019,0.17,0.01,0.0,12149475513.16,0.0,0.0,12149475513.16,0.0,,0.18,12149475513.16,5991522.17,12281826218.77,0.0,1.0,0.0633,777439599.65,0.03165,90219100.01,,379263.35341632366,0.0,1.1,12654825281.031347,0.5,1380152693.4157572,1.0,11504386619.119406,0.5,1380152693.4157572
FCT,#,D0001,20251128,0.17,0.01,0.0,12149475513.16,0.0,0.0,12149475513.16,0.0,,0.18,12149475513.16,5991522.17,12309333962.7,0.0,1.0,0.0633,779180839.84,0.03165,90219100.01,,379263.35341620445,0.0,1.1,12683168435.149591,0.5,1380152693.4157572,1.0,11530153122.863264,0.5,1380152693.4157572
FCT,#,D0001,20250712,0.2,0.01,0.0,9291948584.59,0.0,0.0,9291948584.59,0.0,,0.21,9291948584.59,5346052.61,9377064759.55,0.0,1.0,0.0633,593568199.28,0.03165,180659827.3,,338405.13023269176,2.9802322387695312e-08,1.1,9661846216.299288,0.5,2763695794.0561366,1.0,8783496560.27208,0.5,2763695794.0561366
FCT,#,D0001,20250924,0.17,0.01,0.0,12149475513.16,0.0,0.0,12149475513.16,0.0,,0.18,12149475513.16,5991522.17,12316843243.4,0.0,1.0,0.0633,779656177.31,0.03165,90219100.01,,379263.35341632366,0.0,1.1,12690905772.69747,0.5,1380152693.4157572,1.0,11537187066.088608,0.5,1380152693.4157572
FCT,#,D0001,20250803,0.18,0.01,0.0,10247215442.36,0.0,0.0,10247215442.36,0.0,,0.19,10247215442.36,5334166.94,10293378722.91,0.0,1.0,0.0633,651570873.16,0.03165,150425631.25,,337652.7674664259,0.0,1.1,10605988634.719654,0.5,2301179463.195347,1.0,9641807849.74514,0.5,2301179463.195347
FCT,#,D0001,20250826,0.18,0.01,0.0,11144149283.66,0.0,0.0,11144149283.66,0.0,,0.19,11144149283.66,5801064.01,11319039302.03,0.0,1.0,0.0633,716495187.82,0.03165,122037675.17,,367207.3518754244,0.0,1.1,11662798525.63729,0.5,1866906520.5839195,1.0,10602544114.215715,0.5,1866906520.5839195
FCT,#,D0001,20250721,0.2,0.01,0.0,9888125858.31,0.0,0.0,9888125858.31,0.0,,0.21,9888125858.31,5689058.71,10023986273.16,0.0,1.0,0.0633,634518331.09,0.03165,161790816.58,,360117.4165328741,0.0,1.1,10328414736.280315,0.5,2475041662.552756,1.0,9389467942.073011,0.5,2475041662.552756
FCT,#,D0001,20250901,0.18,0.01,0.0,11652837739.66,0.0,0.0,11652837739.66,0.0,,0.19,11652837739.66,6065860.74,11681256506.02,0.0,1.0,0.0633,739423536.83,0.03165,105937685.54,,383968.9849175215,0.0,1.1,12036016266.108467,0.5,1620612287.4001195,1.0,10941832969.189514,0.5,1620612287.4001195
FCT,#,D0001,20250902,0.18,0.01,0.0,11652837739.66,0.0,0.0,11652837739.66,0.0,,0.19,11652837739.66,6065860.74,11687322366.76,0.0,1.0,0.0633,739807505.82,0.03165,105937685.54,,383968.9849175215,0.0,1.1,12042266347.040367,0.5,1620612287.4001195,1.0,10947514860.945787,0.5,1620612287.4001195
FCT,#,D0001,20250825,0.18,0.01,0.0,11144149283.66,0.0,0.0,11144149283.66,0.0,,0.19,11144149283.66,5801064.01,11313238238.02,0.0,1.0,0.0633,716127980.47,0.03165,122037675.17,,367207.3518755436,0.0,1.1,11656821283.312614,0.5,1866906520.5839195,1.0,10597110257.55692,0.5,1866906520.5839195
FCT,#,D0001,20250927,0.17,0.01,0.0,12149475513.16,0.0,0.0,12149475513.16,0.0,,0.18,12149475513.16,5991522.17,12334817809.91,0.0,1.0,0.0633,780793967.37,0.03165,90219100.01,,379263.35341632366,0.0,1.1,12709426226.795078,0.5,1380152693.4157572,1.0,11554023842.54098,0.5,1380152693.4157572
FCT,#,D0001,20260320,0.16,0.01,0.0,12059569394.38,0.0,0.0,12059569394.38,0.0,,0.17,12059569394.38,5616785.75,12069236155.3,0.0,1.0,0.0633,763982648.63,0.03165,90219100.01,,355542.5376793146,0.0,1.1,12435778857.33401,0.5,1380152693.4157572,1.0,11305253506.66728,0.5,1380152693.4157572
FCT,#,D0001,20260215,0.16,0.01,0.0,12059569394.38,0.0,0.0,12059569394.38,0.0,,0.17,12059569394.38,5616785.75,12064835238.5,0.0,1.0,0.0633,763704070.6,0.03165,90219100.01,,355542.5376793146,0.0,1.1,12431244284.695108,0.5,1380152693.4157572,1.0,11301131167.904642,0.5,1380152693.4157572
FCT,#,D0001,20260222,0.16,0.01,0.0,12059569394.38,0.0,0.0,12059569394.38,0.0,,0.17,12059569394.38,5616785.75,12104152738.72,0.0,1.0,0.0633,766192868.36,0.03165,90219100.01,,355542.5376791954,0.0,1.1,12471755857.394,0.5,1380152693.4157572,1.0,11337959870.35818,0.5,1380152693.4157572
FCT,#,D0001,20260313,0.16,0.01,0.0,12059569394.38,0.0,0.0,12059569394.38,0.0,,0.17,12059569394.38,5616785.75,12029918655.08,0.0,1.0,0.0633,761493850.87,0.03165,90219100.01,,355542.5376791954,0.0,1.1,12395267284.635117,0.5,1380152693.4157572,1.0,11268424804.21374,0.5,1380152693.4157572
FCT,#,D0001,20260125,0.16,0.01,0.0,12059569394.38,0.0,0.0,12059569394.38,0.0,,0.17,12059569394.38,5616785.75,12147223573.45,0.0,1.0,0.0633,768919252.2,0.03165,90219100.01,,355542.5376791954,0.0,1.1,12516134753.3756,0.5,1380152693.4157572,1.0,11378304321.250546,0.5,1380152693.4157572
FCT,#,D0001,20260126,0.16,0.01,0.0,12059569394.38,0.0,0.0,12059569394.38,0.0,,0.17,12059569394.38,5616785.75,12152840359.2,0.0,1.0,0.0633,769274794.74,0.03165,90219100.01,,355542.5376791954,0.0,1.1,12521922120.904016,0.5,1380152693.4157572,1.0,11383565564.458197,0.5,1380152693.4157572
FCT,#,D0001,20260221,0.16,0.01,0.0,12059569394.38,0.0,0.0,12059569394.38,0.0,,0.17,12059569394.38,5616785.75,12098535952.97,0.0,1.0,0.0633,765837325.82,0.03165,90219100.01,,355542.5376793146,0.0,1.1,12465968489.865583,0.5,1380152693.4157572,1.0,11332698627.150532,0.5,1380152693.4157572
FCT,#,D0001,20260212,0.16,0.01,0.0,12059569394.38,0.0,0.0,12059569394.38,0.0,,0.17,12059569394.38,5616785.75,12047984881.27,0.0,1.0,0.0633,762637442.98,0.03165,90219100.01,,355542.5376791954,0.0,1.1,12413882182.109867,0.5,1380152693.4157572,1.0,11285347438.281696,0.5,1380152693.4157572
FCT,#,D0001,20260323,0.15,0.01,0.0,12059569394.38,0.0,0.0,12059569394.38,0.0,,0.16,12059569394.38,5286386.58,12085756113.37,0.0,1.0,0.0633,765028361.98,0.03165,90219100.01,,334628.2707568407,0.0,1.1,12452800526.535229,0.5,1380152693.4157572,1.0,11320727751.39566,0.5,1380152693.4157572
FCT,#,D0001,20260103,0.16,0.01,0.0,12059569394.38,0.0,0.0,12059569394.38,0.0,,0.17,12059569394.38,5616785.75,12023654287.05,0.0,1.0,0.0633,761097316.37,0.03165,90219100.01,,355542.5376791954,0.0,1.1,12388812667.75051,0.5,1380152693.4157572,1.0,11262556970.68228,0.5,1380152693.4157572
FCT,#,D0001,20260407,0.15,0.01,0.0,12059569394.38,0.0,0.0,12059569394.38,0.0,,0.16,12059569394.38,5286386.58,11974953450.53,0.0,1.0,0.0633,758014553.42,0.03165,90219100.01,,334628.2707568407,0.0,1.1,12338632786.822268,0.5,1380152693.4157572,1.0,11216938897.11115,0.5,1380152693.4157572
FCT,#,D0001,20250502,0.21,0.01,0.0,4286035948.1,0.0,0.0,4286035948.1,0.0,,0.22,4286035948.1,2583364.13,4294768252.88,0.0,1.0,0.0633,271858830.41,0.03165,339096962.24,,163526.94962531328,0.0,1.1,4425200364.716037,0.5,5187433544.828682,1.0,4022909422.469124,0.5,5187433544.828682
FCT,#,D0001,20250413,0.21,0.01,0.0,1695516478.0,0.0,0.0,1695516478.0,0.0,,0.22,1695516478.0,1021955.14,1698582343.41,0.0,1.0,0.0633,107520262.34,0.03165,421086903.47,,64689.76019898057,0.0,1.1,1750168289.181705,0.5,6441698309.26435,1.0,1591062081.0742772,0.5,6441698309.26435
FCT,#,D0001,20260508,0.15,0.01,0.0,12059569394.38,0.0,0.0,12059569394.38,0.0,,0.16,12059569394.38,5286386.58,12138831434.63,0.0,1.0,0.0633,768388029.81,0.03165,90219100.01,,334628.2707568407,0.0,1.1,12507487745.298325,0.5,1380152693.4157572,1.0,11370443404.816658,0.5,1380152693.4157572
FCT,#,D0001,20250625,0.2,0.01,0.0,8319033309.39,0.0,0.0,8319033309.39,0.0,,0.21,8319033309.39,4786293.14,8447187199.56,0.0,1.0,0.0633,534706949.73,0.03165,211452595.76,,302972.3555663824,0.0,1.1,8703728274.814615,0.5,3234757047.426097,1.0,7912480249.831469,0.5,3234757047.426097
FCT,#,D0001,20250420,0.21,0.01,0.0,2936296133.0,0.0,0.0,2936296133.0,0.0,,0.22,2936296133.0,1769822.33,2949507153.13,0.0,1.0,0.0633,186703802.79,0.03165,381816227.39,,112029.7532826066,0.0,1.1,3039083685.372112,0.5,5840943819.804725,1.0,2762803350.3382826,0.5,5840943819.804725
FCT,#,D0001,20260517,0.15,0.01,0.0,12059569394.38,0.0,0.0,12059569394.38,0.0,,0.16,12059569394.38,5286386.58,12186408913.88,0.0,1.0,0.0633,771399684.25,0.03165,90219100.01,,334628.2707570791,0.0,1.1,12556510152.597826,0.5,1380152693.4157572,1.0,11415009229.634386,0.5,1380152693.4157572
FCT,#,D0001,20260430,0.15,0.01,0.0,12059569394.38,0.0,0.0,12059569394.38,0.0,,0.16,12059569394.38,5286386.58,12096540341.96,0.0,1.0,0.0633,765711003.65,0.03165,90219100.01,,334628.2707568407,0.0,1.1,12463912272.143211,0.5,1380152693.4157572,1.0,11330829338.312012,0.5,1380152693.4157572
FCT,#,D0001,20250527,0.21,0.01,0.0,6039325771.39,0.0,0.0,6039325771.39,0.0,,0.22,6039325771.39,3640141.56,6133507499.61,0.0,1.0,0.0633,388251024.73,0.03165,283605339.34,,230420.96080100536,0.0,1.1,6319782122.371653,0.5,4338534444.637247,1.0,5745256474.88332,0.5,4338534444.637247
FCT,#,D0001,20260429,0.15,0.01,0.0,12059569394.38,0.0,0.0,12059569394.38,0.0,,0.16,12059569394.38,5286386.58,12091253955.37,0.0,1.0,0.0633,765376375.38,0.03165,90219100.01,,334628.2707569599,0.0,1.1,12458465337.998829,0.5,1380152693.4157572,1.0,11325877579.998932,0.5,1380152693.4157572
FCT,#,D0001,20250524,0.21,0.01,0.0,6039325771.39,0.0,0.0,6039325771.39,0.0,,0.22,6039325771.39,3640141.56,6122587074.93,0.0,1.0,0.0633,387559761.84,0.03165,283605339.34,,230420.96080100536,0.0,1.1,6308530044.391532,0.5,4338534444.637247,1.0,5735027313.08321,0.5,4338534444.637247
FCT,#,D0001,20250423,0.21,0.01,0.0,2936296133.0,0.0,0.0,2936296133.0,0.0,,0.22,2936296133.0,1769822.33,2954816620.11,0.0,1.0,0.0633,187039892.05,0.03165,381816227.39,,112029.7532826364,0.0,1.1,3044554400.86452,0.5,5840943819.804725,1.0,2767776728.058654,0.5,5840943819.804725
FCT,#,D0001,20250603,0.21,0.01,0.0,6299824126.99,447874461.4,0.0,6747698588.39,0.0,,0.22,6523761357.69,4067106.0,6773250246.51,0.0,1.0,0.0633,428746740.6,0.03165,261185339.68,,28607901.216323912,-14175226.703310013,1.1,6978953856.495967,0.5,3995558035.966272,1.0,6344503505.905424,0.5,3995558035.966272
FCT,#,D0001,20260518,0.15,0.01,0.0,12059569394.38,0.0,0.0,12059569394.38,0.0,,0.16,12059569394.38,5286386.58,12191695300.47,0.0,1.0,0.0633,771734312.52,0.03165,90219100.01,,334628.2707569599,0.0,1.1,12561957086.742216,0.5,1380152693.4157572,1.0,11419960987.947468,0.5,1380152693.4157572
FCT,#,D0001,20250414,0.21,0.01,0.0,1695516478.0,0.0,0.0,1695516478.0,0.0,,0.22,1695516478.0,1021955.14,1699604298.55,0.0,1.0,0.0633,107584952.1,0.03165,421086903.47,,64689.76019896567,0.0,1.1,1751221281.0966532,0.5,6441698309.26435,1.0,1592019346.4515028,0.5,6441698309.26435
FCT,#,D0001,20250626,0.2,0.01,0.0,8319033309.39,0.0,0.0,8319033309.39,0.0,,0.21,8319033309.39,4786293.14,8451973492.7,0.0,1.0,0.0633,535009922.09,0.03165,211452595.76,,302972.3555663824,0.0,1.1,8708659927.674093,0.5,3234757047.426097,1.0,7916963570.612812,0.5,3234757047.426097
FCT,#,D0001,20260511,0.15,0.01,0.0,12059569394.38,0.0,0.0,12059569394.38,0.0,,0.16,12059569394.38,5286386.58,12154690594.38,0.0,1.0,0.0633,769391914.62,0.03165,90219100.01,,334628.2707569599,0.0,1.1,12523828547.731491,0.5,1380152693.4157572,1.0,11385298679.7559,0.5,1380152693.4157572
FCT,#,D0001,20260404,0.15,0.01,0.0,12059569394.38,0.0,0.0,12059569394.38,0.0,,0.16,12059569394.38,5286386.58,11959094290.78,0.0,1.0,0.0633,757010668.61,0.03165,90219100.01,,334628.2707568407,0.0,1.1,12322291984.3891,0.5,1380152693.4157572,1.0,11202083622.17191,0.5,1380152693.4157572
FCT,#,D0001,20250501,0.21,0.01,0.0,4286035948.1,0.0,0.0,4286035948.1,0.0,,0.22,4286035948.1,2583364.13,4292184888.74,0.0,1.0,0.0633,271695303.46,0.03165,339096962.24,,163526.9496253729,0.0,1.1,4422538543.814213,0.5,5187433544.828682,1.0,4020489585.285648,0.5,5187433544.828682
FCT,#,D0001,20251121,0.17,0.01,0.0,12149475513.16,0.0,0.0,12149475513.16,0.0,,0.18,12149475513.16,5991522.17,12267393307.51,0.0,1.0,0.0633,776525996.37,0.03165,90219100.01,,379263.35341632366,0.0,1.1,12639954042.255169,0.5,1380152693.4157572,1.0,11490867311.141062,0.5,1380152693.4157572
FCT,#,D0001,20251214,0.17,0.01,0.0,12059569394.38,0.0,0.0,12059569394.38,0.0,,0.18,12059569394.38,5947184.91,12109539332.92,0.0,1.0,0.0633,766533839.77,0.03165,90219100.01,,376456.8046016693,0.0,1.1,12477306042.456388,0.5,1380152693.4157572,1.0,11343005493.14217,0.5,1380152693.4157572
FCT,#,D0001,20251026,0.17,0.01,0.0,12149475513.16,0.0,0.0,12149475513.16,0.0,,0.18,12149475513.16,5991522.17,12323766873.96,0.0,1.0,0.0633,780094443.12,0.03165,90219100.01,,379263.35341632366,0.0,1.1,12698039673.925768,0.5,1380152693.4157572,1.0,11543672430.841606,0.5,1380152693.4157572
FCT,#,D0001,20251223,0.16,0.01,0.0,12059569394.38,0.0,0.0,12059569394.38,0.0,,0.17,12059569394.38,5616785.75,12162403198.75,0.0,1.0,0.0633,769880122.48,0.03165,90219100.01,,355542.5376791954,0.0,1.1,12531775383.900276,0.5,1380152693.4157572,1.0,11392523076.272978,0.5,1380152693.4157572
FCT,#,D0001,20251112,0.17,0.01,0.0,12149475513.16,0.0,0.0,12149475513.16,0.0,,0.18,12149475513.16,5991522.17,12213469607.97,0.0,1.0,0.0633,773112626.18,0.03165,90219100.01,,379263.35341632366,0.0,1.1,12584392679.962343,0.5,1380152693.4157572,1.0,11440356981.783949,0.5,1380152693.4157572
FCT,#,D0001,20251115,0.17,0.01,0.0,12149475513.16,0.0,0.0,12149475513.16,0.0,,0.18,12149475513.16,5991522.17,12231444174.48,0.0,1.0,0.0633,774250416.24,0.03165,90219100.01,,379263.35341632366,0.0,1.1,12602913134.059954,0.5,1380152693.4157572,1.0,11457193758.23632,0.5,1380152693.4157572
FCT,#,D0001,20251220,0.17,0.01,0.0,12059569394.38,0.0,0.0,12059569394.38,0.0,,0.18,12059569394.38,5947184.91,12145222442.36,0.0,1.0,0.0633,768792580.6,0.03165,90219100.01,,376456.8046014309,0.0,1.1,12514072847.931017,0.5,1380152693.4157572,1.0,11376429861.755466,0.5,1380152693.4157572
FCT,#,D0001,20251213,0.17,0.01,0.0,12059569394.38,0.0,0.0,12059569394.38,0.0,,0.18,12059569394.38,5947184.91,12103592148.01,0.0,1.0,0.0633,766157382.97,0.03165,90219100.01,,376456.8046014309,0.0,1.1,12471178241.543953,0.5,1380152693.4157572,1.0,11337434765.039955,0.5,1380152693.4157572
FCT,#,D0001,20251025,0.17,0.01,0.0,12149475513.16,0.0,0.0,12149475513.16,0.0,,0.18,12149475513.16,5991522.17,12317775351.79,0.0,1.0,0.0633,779715179.77,0.03165,90219100.01,,379263.35341620445,0.0,1.1,12691866189.226566,0.5,1380152693.4157572,1.0,11538060172.02415,0.5,1380152693.4157572
FCT,#,D0001,20251122,0.17,0.01,0.0,12149475513.16,0.0,0.0,12149475513.16,0.0,,0.18,12149475513.16,5991522.17,12273384829.68,0.0,1.0,0.0633,776905259.72,0.03165,90219100.01,,379263.35341632366,0.0,1.1,12646127526.954372,0.5,1380152693.4157572,1.0,11496479569.95852,0.5,1380152693.4157572
FCT,#,D0001,20250706,0.2,0.01,0.0,8931134921.79,0.0,0.0,8931134921.79,0.0,,0.21,8931134921.79,5138461.19,8985005146.78,0.0,1.0,0.0633,568750825.79,0.03165,192079579.73,,325264.5931928158,0.0,1.1,9257879753.087255,0.5,2938392749.242327,1.0,8416254320.988416,0.5,2938392749.242327
FCT,#,D0001,20250918,0.17,0.01,0.0,12149475513.16,0.0,0.0,12149475513.16,0.0,,0.18,12149475513.16,5991522.17,12280894110.37,0.0,1.0,0.0633,777380597.19,0.03165,90219100.01,,379263.35341632366,2.9802322387695312e-08,1.1,12653864864.502254,0.5,1380152693.4157572,1.0,11503513513.183868,0.5,1380152693.4157572
FCT,#,D0001,20250809,0.18,0.01,0.0,10508450914.86,0.0,0.0,10508450914.86,0.0,,0.19,10508450914.86,5470152.53,10587027153.83,0.0,1.0,0.0633,670158818.84,0.03165,142157528.54,,346260.65521371365,0.0,1.1,10908555168.487589,0.5,2174695778.2976594,1.0,9916868334.988714,0.5,2174695778.2976594
FCT,#,D0001,20250816,0.18,0.01,0.0,10908661164.06,0.0,0.0,10908661164.06,0.0,,0.19,10908661164.06,5678481.15,11026153456.61,0.0,1.0,0.0633,697955513.8,0.03165,129490874.16,,359447.85704159737,0.0,1.1,11361017737.088964,0.5,1980923980.8912497,1.0,10328197942.80815,0.5,1980923980.8912497
FCT,#,D0001,20250731,0.18,0.01,0.0,9910813297.56,222267813.8,0.0,10133081111.36,0.0,,0.19,10021947204.46,5274754.55,10163241891.08,160625061.6,1.0,0.0633,643333211.71,0.03165,154037982.83,,4235878.177345872,-7034776.3067700565,1.1,10471899547.309248,0.5,2356440452.9072714,1.0,9519908679.372044,0.5,2356440452.9072714
FCT,#,D0001,20250728,0.18,0.01,0.0,9910813297.56,0.0,0.0,9910813297.56,0.0,,0.19,9910813297.56,5159053.5,10086006277.33,0.0,1.0,0.0633,638444197.36,0.03165,161072759.13,,326568.0863827467,0.0,1.1,10392318287.973951,0.5,2464056971.653888,1.0,9447562079.976318,0.5,2464056971.653888
FCT,#,D0001,20250908,0.18,0.01,0.0,11652837739.66,0.0,0.0,11652837739.66,0.0,,0.19,11652837739.66,6065860.74,11723717531.21,0.0,1.0,0.0633,742111319.73,0.03165,105937685.54,,383968.9849175215,0.0,1.1,12079766832.631786,0.5,1620612287.4001195,1.0,10981606211.48344,0.5,1620612287.4001195
FCT,#,D0001,20250705,0.2,0.01,0.0,8931134921.79,0.0,0.0,8931134921.79,0.0,,0.21,8931134921.79,5138461.19,8979866685.59,0.0,1.0,0.0633,568425561.2,0.03165,192079579.73,,325264.5931926966,0.0,1.1,9252585236.833103,0.5,2938392749.242327,1.0,8411441124.393731,0.5,2938392749.242327
FCT,#,D0001,20250917,0.17,0.01,0.0,11892537422.36,256938090.8,0.0,12149475513.16,0.0,,0.18,12021006467.76,5991522.17,12274902588.2,0.0,1.0,0.0633,777001333.83,0.03165,90219100.01,,16643444.501056314,-8132090.573819995,1.1,12647691379.803053,0.5,1380152693.4157567,1.0,11497901254.36641,0.5,1380152693.4157567
FCT,#,D0001,20260330,0.15,0.01,0.0,12059569394.38,0.0,0.0,12059569394.38,0.0,,0.16,12059569394.38,5286386.58,12122760819.46,0.0,1.0,0.0633,767370759.87,0.03165,90219100.01,,334628.2707569599,0.0,1.1,12490929065.545948,0.5,1380152693.4157572,1.0,11355390059.587223,0.5,1380152693.4157572
FCT,#,D0001,20260110,0.16,0.01,0.0,12059569394.38,0.0,0.0,12059569394.38,0.0,,0.17,12059569394.38,5616785.75,12062971787.27,0.0,1.0,0.0633,763586114.13,0.03165,90219100.01,,355542.5376794338,0.0,1.1,12429324240.449402,0.5,1380152693.4157572,1.0,11299385673.135818,0.5,1380152693.4157572
FCT,#,D0001,20260205,0.16,0.01,0.0,12059569394.38,0.0,0.0,12059569394.38,0.0,,0.17,12059569394.38,5616785.75,12008667381.05,0.0,1.0,0.0633,760148645.22,0.03165,90219100.01,,355542.5376791954,0.0,1.1,12373370609.410976,0.5,1380152693.4157572,1.0,11248518735.82816,0.5,1380152693.4157572
FCT,#,D0001,20260228,0.16,0.01,0.0,12059569394.38,0.0,0.0,12059569394.38,0.0,,0.17,12059569394.38,5616785.75,11956900440.39,180953012.8,1.0,0.0633,756871797.88,0.03165,90219100.01,,-11098783.172560692,0.0,1.1,12320031506.765743,0.5,1380152693.4157572,1.0,11200028642.514313,0.5,1380152693.4157572
FCT,#,D0001,20260307,0.16,0.01,0.0,12059569394.38,0.0,0.0,12059569394.38,0.0,,0.17,12059569394.38,5616785.75,11996217940.61,0.0,1.0,0.0633,759360595.64,0.03165,90219100.01,,355542.5376791954,0.0,1.1,12360543079.464638,0.5,1380152693.4157572,1.0,11236857344.967852,0.5,1380152693.4157572
FCT,#,D0001,20260119,0.16,0.01,0.0,12059569394.38,0.0,0.0,12059569394.38,0.0,,0.17,12059569394.38,5616785.75,12113522858.98,0.0,1.0,0.0633,766785996.97,0.03165,90219100.01,,355542.5376793146,0.0,1.1,12481410548.20512,0.5,1380152693.4157572,1.0,11346736862.004654,0.5,1380152693.4157572
FCT,#,D0001,20260304,0.16,0.01,0.0,12059569394.38,0.0,0.0,12059569394.38,0.0,,0.17,12059569394.38,5616785.75,11979367583.37,0.0,1.0,0.0633,758293968.03,0.03165,90219100.01,,355542.5376791954,0.0,1.1,12343180976.879398,0.5,1380152693.4157572,1.0,11221073615.344906,0.5,1380152693.4157572
FCT,#,D0001,20260116,0.16,0.01,0.0,12059569394.38,0.0,0.0,12059569394.38,0.0,,0.17,12059569394.38,5616785.75,12096672501.74,0.0,1.0,0.0633,765719369.36,0.03165,90219100.01,,355542.5376793146,0.0,1.1,12464048445.61988,0.5,1380152693.4157572,1.0,11330953132.381708,0.5,1380152693.4157572
FCT,#,D0001,20260206,0.16,0.01,0.0,12059569394.38,0.0,0.0,12059569394.38,0.0,,0.17,12059569394.38,5616785.75,12014284166.79,0.0,1.0,0.0633,760504187.76,0.03165,90219100.01,,355542.5376791954,0.0,1.1,12379157976.939388,0.5,1380152693.4157572,1.0,11253779979.035809,0.5,1380152693.4157572
FCT,#,D0001,20260329,0.15,0.01,0.0,12059569394.38,0.0,0.0,12059569394.38,0.0,,0.16,12059569394.38,5286386.58,12117474432.88,0.0,1.0,0.0633,767036131.6,0.03165,90219100.01,,334628.2707570791,0.0,1.1,12485482131.401558,0.5,1380152693.4157572,1.0,11350438301.274143,0.5,1380152693.4157572
FCT,#,D0001,20260109,0.16,0.01,0.0,12059569394.38,0.0,0.0,12059569394.38,0.0,,0.17,12059569394.38,5616785.75,12057355001.52,0.0,1.0,0.0633,763230571.6,0.03165,90219100.01,,355542.5376791954,0.0,1.1,12423536872.92099,0.5,1380152693.4157572,1.0,11294124429.928171,0.5,1380152693.4157572
FCT,#,D0001,20260413,0.15,0.01,0.0,12059569394.38,0.0,0.0,12059569394.38,0.0,,0.16,12059569394.38,5286386.58,12006671770.03,0.0,1.0,0.0633,760022323.04,0.03165,90219100.01,,334628.2707569599,0.0,1.1,12371314391.688602,0.5,1380152693.4157572,1.0,11246649446.989635,0.5,1380152693.4157572
FCT,#,D0001,20250508,0.21,0.01,0.0,5786035948.1,0.0,0.0,5786035948.1,0.0,,0.22,5786035948.1,3487473.72,5812980766.44,0.0,1.0,0.0633,367961682.52,0.03165,291621962.24,,220757.0866116881,0.0,1.1,5989520992.318759,0.5,4461171044.828682,1.0,5445019083.926144,0.5,4461171044.828682
FCT,#,D0001,20250619,0.2,0.01,0.0,7974259568.39,344773741.0,0.0,8319033309.39,0.0,,0.21,8146646438.89,4786293.14,8418469440.74,0.0,1.0,0.0633,532889115.6,0.03165,211452595.76,,22127150.16086632,-10912088.90265,1.1,8674138357.657753,0.5,3234757047.426097,1.0,7885580325.143412,0.5,3234757047.426097
FCT,#,D0001,20260502,0.15,0.01,0.0,12059569394.38,0.0,0.0,12059569394.38,0.0,,0.16,12059569394.38,5286386.58,12107113115.13,0.0,1.0,0.0633,766380260.19,0.03165,90219100.01,,334628.2707569599,0.0,1.1,12474806140.431992,0.5,1380152693.4157572,1.0,11340732854.938171,0.5,1380152693.4157572
FCT,#,D0001,20250430,0.21,0.01,0.0,4286035948.1,0.0,0.0,4286035948.1,0.0,,0.22,4286035948.1,2583364.13,4289601524.61,32919392.64,1.0,0.0633,271531776.51,0.03165,339096962.24,,-1920270.604486704,0.0,1.1,4419876722.91239,0.5,5187433544.828682,1.0,4018069748.102172,0.5,5187433544.828682
FCT,#,D0001,20250610,0.2,0.01,0.0,7747698588.39,226560980.0,0.0,7974259568.39,0.0,,0.21,7860979078.39,4587930.16,8032205965.3,0.0,1.0,0.0633,508438637.6,0.03165,222364684.66,,14631726.013294816,-7170655.01699999,1.1,8276144060.47071,0.5,3401687873.474772,1.0,7523767327.700644,0.5,3401687873.474772
FCT,#,D0001,20260527,0.15,0.01,0.0,12059569394.38,0.0,0.0,12059569394.38,0.0,,0.16,12059569394.38,5286386.58,12239272779.72,0.0,1.0,0.0633,774745966.96,0.03165,90219100.01,,334628.2707568407,0.0,1.1,12610979494.041716,0.5,1380152693.4157572,1.0,11464526812.765196,0.5,1380152693.4157572
FCT,#,D0001,20260420,0.15,0.01,0.0,12059569394.38,0.0,0.0,12059569394.38,0.0,,0.16,12059569394.38,5286386.58,12043676476.12,0.0,1.0,0.0633,762364720.94,0.03165,90219100.01,,334628.2707568407,0.0,1.1,12409442930.699324,0.5,1380152693.4157572,1.0,11281311755.181202,0.5,1380152693.4157572
FCT,#,D0001,20250517,0.21,0.01,0.0,5799996516.39,0.0,0.0,5799996516.39,0.0,,0.22,5799996516.39,3495888.31,5858353842.0,0.0,1.0,0.0633,370833798.2,0.03165,291180110.26,,221289.73010206225,0.0,1.1,6036272048.180015,0.5,4454411686.676872,1.0,5487520043.800013,0.5,4454411686.676872
FCT,#,D0001,20260423,0.15,0.01,0.0,12059569394.38,0.0,0.0,12059569394.38,0.0,,0.16,12059569394.38,5286386.58,12059535635.87,0.0,1.0,0.0633,763368605.75,0.03165,90219100.01,,334628.2707568407,0.0,1.1,12425783733.132492,0.5,1380152693.4157572,1.0,11296167030.120447,0.5,1380152693.4157572
FCT,#,D0001,20250518,0.21,0.01,0.0,5799996516.39,0.0,0.0,5799996516.39,0.0,,0.22,5799996516.39,3495888.31,5861849730.31,0.0,1.0,0.0633,371055087.93,0.03165,291180110.26,,221289.73010200265,0.0,1.1,6039874106.619276,0.5,4454411686.676872,1.0,5490794642.38116,0.5,4454411686.676872
FCT,#,D0001,20260603,0.15,0.01,0.0,12059569394.38,0.0,0.0,12059569394.38,0.0,,0.16,12059569394.38,5286386.58,12276277485.81,0.0,1.0,0.0633,777088364.85,0.03165,90219100.01,,334628.2707569599,0.0,1.1,12649108033.05244,0.5,1380152693.4157572,1.0,11499189120.956762,0.5,1380152693.4157572
FCT,#,D0001,20250429,0.21,0.01,0.0,4246527388.0,39508560.1,0.0,4286035948.1,0.0,,0.22,4266281668.05,2583364.13,4319937553.12,0.0,1.0,0.0633,273452047.11,0.03165,339096962.24,,2664418.8039553165,-1250445.9271650314,1.1,4451134056.605042,0.5,5187433544.828682,1.0,4046485506.004584,0.5,5187433544.828682
FCT,#,D0001,20260524,0.15,0.01,0.0,12059569394.38,0.0,0.0,12059569394.38,0.0,,0.16,12059569394.38,5286386.58,12223413619.97,0.0,1.0,0.0633,773742082.14,0.03165,90219100.01,,334628.2707569599,0.0,1.1,12594638691.60855,0.5,1380152693.4157572,1.0,11449671537.825953,0.5,1380152693.4157572
FCT,#,D0001,20250609,0.2,0.01,0.0,7747698588.39,0.0,0.0,7747698588.39,0.0,,0.21,7747698588.39,4457580.01,7801057055.14,0.0,1.0,0.0633,493806911.59,0.03165,229535339.68,,282164.8146176934,0.0,1.1,8037975157.906435,0.5,3511383035.966272,1.0,7307250143.551304,0.5,3511383035.966272
FCT,#,D0001,20260501,0.15,0.01,0.0,12059569394.38,0.0,0.0,12059569394.38,0.0,,0.16,12059569394.38,5286386.58,12101826728.54,0.0,1.0,0.0633,766045631.92,0.03165,90219100.01,,334628.2707569599,0.0,1.1,12469359206.287603,0.5,1380152693.4157572,1.0,11335781096.625092,0.5,1380152693.4157572
FCT,#,D0001,20260414,0.15,0.01,0.0,12059569394.38,0.0,0.0,12059569394.38,0.0,,0.16,12059569394.38,5286386.58,12011958156.62,0.0,1.0,0.0633,760356951.31,0.03165,90219100.01,,334628.2707569599,0.0,1.1,12376761325.83299,0.5,1380152693.4157572,1.0,11251601205.302715,0.5,1380152693.4157572
FCT,#,D0001,20250511,0.21,0.01,0.0,5786035948.1,0.0,0.0,5786035948.1,0.0,,0.22,5786035948.1,3487473.72,5823443187.61,0.0,1.0,0.0633,368623953.78,0.03165,291621962.24,,220757.08661162853,0.0,1.1,6000301157.216011,0.5,4461171044.828682,1.0,5454819233.832737,0.5,4461171044.828682
FCT,#,D0001,20250818,0.18,0.01,0.0,10908661164.06,0.0,0.0,10908661164.06,0.0,,0.19,10908661164.06,5678481.15,11037510418.92,0.0,1.0,0.0633,698674409.52,0.03165,129490874.16,,359447.85704147816,0.0,1.1,11372719610.34204,0.5,1980923980.8912497,1.0,10338836009.401855,0.5,1980923980.8912497
FCT,#,D0001,20250729,0.18,0.01,0.0,9910813297.56,0.0,0.0,9910813297.56,0.0,,0.19,9910813297.56,5159053.5,10091165330.83,0.0,1.0,0.0633,638770765.44,0.03165,161072759.13,,326568.0863829851,0.0,1.1,10397634021.926023,0.5,2464056971.653888,1.0,9452394565.387297,0.5,2464056971.653888
FCT,#,D0001,20250909,0.18,0.01,0.0,11652837739.66,0.0,0.0,11652837739.66,0.0,,0.19,11652837739.66,6065860.74,11729783391.95,0.0,1.0,0.0633,742495288.71,0.03165,105937685.54,,383968.9849175215,0.0,1.1,12086016913.563688,0.5,1620612287.4001195,1.0,10987288103.239716,0.5,1620612287.4001195
FCT,#,D0001,20250704,0.2,0.01,0.0,8931134921.79,0.0,0.0,8931134921.79,0.0,,0.21,8931134921.79,5138461.19,8974728224.4,0.0,1.0,0.0633,568100296.6,0.03165,192079579.73,,325264.5931926966,0.0,1.1,9247290720.578947,0.5,2938392749.242327,1.0,8406627927.799044,0.5,2938392749.242327
FCT,#,D0001,20250916,0.17,0.01,0.0,11892537422.36,0.0,0.0,11892537422.36,0.0,,0.18,11892537422.36,5864812.98,12011972975.23,0.0,1.0,0.0633,760357889.33,0.03165,98351190.58,,371242.6613434553,0.0,1.1,12376776594.486252,0.5,1504555693.5288467,1.0,11251615085.896591,0.5,1504555693.5288467
FCT,#,D0001,20250811,0.18,0.01,0.0,10508450914.86,0.0,0.0,10508450914.86,0.0,,0.19,10508450914.86,5470152.53,10597967458.89,0.0,1.0,0.0633,670851340.15,0.03165,142157528.54,,346260.65521371365,0.0,1.1,10919827730.614368,0.5,2174695778.2976594,1.0,9927116118.740334,0.5,2174695778.2976594
FCT,#,D0001,20250808,0.18,0.01,0.0,10508450914.86,0.0,0.0,10508450914.86,0.0,,0.19,10508450914.86,5470152.53,10581557001.29,0.0,1.0,0.0633,669812558.18,0.03165,142157528.54,,346260.65521371365,0.0,1.1,10902918887.424196,0.5,2174695778.2976594,1.0,9911744443.112906,0.5,2174695778.2976594
FCT,#,D0001,20250919,0.17,0.01,0.0,12149475513.16,0.0,0.0,12149475513.16,0.0,,0.18,12149475513.16,5991522.17,12286885632.54,0.0,1.0,0.0633,777759860.54,0.03165,90219100.01,,379263.35341632366,0.0,1.1,12660038349.201458,0.5,1380152693.4157572,1.0,11509125772.001324,0.5,1380152693.4157572
FCT,#,D0001,20250730,0.18,0.01,0.0,9910813297.56,0.0,0.0,9910813297.56,0.0,,0.19,9910813297.56,5159053.5,10096324384.33,0.0,1.0,0.0633,639097333.53,0.03165,161072759.13,,326568.0863828659,0.0,1.1,10402949755.8781,0.5,2464056971.653888,1.0,9457227050.798271,0.5,2464056971.653888
FCT,#,D0001,20250910,0.18,0.01,0.0,11652837739.66,0.0,0.0,11652837739.66,0.0,,0.19,11652837739.66,6065860.74,11735849252.69,0.0,1.0,0.0633,742879257.7,0.03165,105937685.54,,383968.9849175215,0.0,1.1,12092266994.49559,0.5,1620612287.4001195,1.0,10992969994.99599,0.5,1620612287.4001195
FCT,#,D0001,20250817,0.18,0.01,0.0,10908661164.06,0.0,0.0,10908661164.06,0.0,,0.19,10908661164.06,5678481.15,11031831937.77,0.0,1.0,0.0633,698314961.66,0.03165,129490874.16,,359447.85704147816,0.0,1.1,11366868673.715502,0.5,1980923980.8912497,1.0,10333516976.105,0.5,1980923980.8912497
FCT,#,D0001,20251221,0.17,0.01,0.0,12059569394.38,0.0,0.0,12059569394.38,0.0,,0.18,12059569394.38,5947184.91,12151169627.26,0.0,1.0,0.0633,769169037.41,0.03165,90219100.01,,376456.8046016693,0.0,1.1,12520200648.84345,0.5,1380152693.4157572,1.0,11382000589.85768,0.5,1380152693.4157572
FCT,#,D0001,20251001,0.17,0.01,0.0,12149475513.16,0.0,0.0,12149475513.16,0.0,,0.18,12149475513.16,5991522.17,12173978819.69,0.0,1.0,0.0633,770612859.29,0.03165,90219100.01,,379263.35341620445,0.0,1.1,12543702556.445698,0.5,1380152693.4157572,1.0,11403365960.405178,0.5,1380152693.4157572
FCT,#,D0001,20251212,0.17,0.01,0.0,12059569394.38,0.0,0.0,12059569394.38,0.0,,0.18,12059569394.38,5947184.91,12097644963.1,0.0,1.0,0.0633,765780926.16,0.03165,90219100.01,,376456.8046016693,0.0,1.1,12465050440.631512,0.5,1380152693.4157572,1.0,11331864036.937737,0.5,1380152693.4157572
FCT,#,D0001,20251024,0.17,0.01,0.0,12149475513.16,0.0,0.0,12149475513.16,0.0,,0.18,12149475513.16,5991522.17,12311783829.62,0.0,1.0,0.0633,779335916.42,0.03165,90219100.01,,379263.35341632366,0.0,1.1,12685692704.527365,0.5,1380152693.4157572,1.0,11532447913.206694,0.5,1380152693.4157572
FCT,#,D0001,20251027,0.17,0.01,0.0,12149475513.16,0.0,0.0,12149475513.16,0.0,,0.18,12149475513.16,5991522.17,12329758396.13,0.0,1.0,0.0633,780473706.48,0.03165,90219100.01,,379263.35341620445,0.0,1.1,12704213158.624971,0.5,1380152693.4157572,1.0,11549284689.659063,0.5,1380152693.4157572
FCT,#,D0001,20251120,0.17,0.01,0.0,12149475513.16,0.0,0.0,12149475513.16,0.0,,0.18,12149475513.16,5991522.17,12261401785.34,0.0,1.0,0.0633,776146733.01,0.03165,90219100.01,,379263.35341632366,0.0,1.1,12633780557.555964,0.5,1380152693.4157572,1.0,11485255052.323605,0.5,1380152693.4157572
FCT,#,D0001,20251113,0.17,0.01,0.0,12149475513.16,0.0,0.0,12149475513.16,0.0,,0.18,12149475513.16,5991522.17,12219461130.14,0.0,1.0,0.0633,773491889.54,0.03165,90219100.01,,379263.35341620445,0.0,1.1,12590566164.661545,0.5,1380152693.4157572,1.0,11445969240.601404,0.5,1380152693.4157572
FCT,#,D0001,20251222,0.16,0.01,0.0,12059569394.38,0.0,0.0,12059569394.38,0.0,,0.17,12059569394.38,5616785.75,12156786413.01,0.0,1.0,0.0633,769524579.94,0.03165,90219100.01,,355542.5376791954,0.0,1.1,12525988016.371862,0.5,1380152693.4157572,1.0,11387261833.065329,0.5,1380152693.4157572
FCT,#,D0001,20251002,0.17,0.01,0.0,12149475513.16,0.0,0.0,12149475513.16,0.0,,0.18,12149475513.16,5991522.17,12179970341.86,0.0,1.0,0.0633,770992122.64,0.03165,90219100.01,,379263.35341632366,0.0,1.1,12549876041.1449,0.5,1380152693.4157572,1.0,11408978219.222635,0.5,1380152693.4157572
FCT,#,D0001,20250608,0.21,0.01,0.0,7747698588.39,0.0,0.0,7747698588.39,0.0,,0.22,7747698588.39,4669845.72,7796599475.13,0.0,1.0,0.0633,493524746.78,0.03165,229535339.68,,295601.23436146975,0.0,1.1,8033382201.191779,0.5,3511383035.966272,1.0,7303074728.356162,0.5,3511383035.966272
FCT,#,D0001,20260525,0.15,0.01,0.0,12059569394.38,0.0,0.0,12059569394.38,0.0,,0.16,12059569394.38,5286386.58,12228700006.55,0.0,1.0,0.0633,774076710.41,0.03165,90219100.01,,334628.2707569599,0.0,1.1,12600085625.75294,0.5,1380152693.4157572,1.0,11454623296.139034,0.5,1380152693.4157572
FCT,#,D0001,20260422,0.15,0.01,0.0,12059569394.38,0.0,0.0,12059569394.38,0.0,,0.16,12059569394.38,5286386.58,12054249249.29,0.0,1.0,0.0633,763033977.48,0.03165,90219100.01,,334628.2707570791,0.0,1.1,12420336798.9881,0.5,1380152693.4157572,1.0,11291215271.807364,0.5,1380152693.4157572
FCT,#,D0001,20260602,0.15,0.01,0.0,12059569394.38,0.0,0.0,12059569394.38,0.0,,0.16,12059569394.38,5286386.58,12270991099.22,0.0,1.0,0.0633,776753736.58,0.03165,90219100.01,,334628.2707569599,0.0,1.1,12643661098.90805,0.5,1380152693.4157572,1.0,11494237362.64368,0.5,1380152693.4157572
FCT,#,D0001,20250519,0.21,0.01,0.0,5799996516.39,0.0,0.0,5799996516.39,0.0,,0.22,5799996516.39,3495888.31,5865345618.62,0.0,1.0,0.0633,371276377.66,0.03165,291180110.26,,221289.73010206225,0.0,1.1,6043476165.0585375,0.5,4454411686.676872,1.0,5494069240.962306,0.5,4454411686.676872
FCT,#,D0001,20260415,0.15,0.01,0.0,12059569394.38,0.0,0.0,12059569394.38,0.0,,0.16,12059569394.38,5286386.58,12017244543.2,0.0,1.0,0.0633,760691579.58,0.03165,90219100.01,,334628.2707568407,0.0,1.1,12382208259.97738,0.5,1380152693.4157572,1.0,11256552963.6158,0.5,1380152693.4157572
FCT,#,D0001,20250510,0.21,0.01,0.0,5786035948.1,0.0,0.0,5786035948.1,0.0,,0.22,5786035948.1,3487473.72,5819955713.89,0.0,1.0,0.0633,368403196.69,0.03165,291621962.24,,220757.08661162853,0.0,1.1,5996707768.916927,0.5,4461171044.828682,1.0,5451552517.197207,0.5,4461171044.828682
FCT,#,D0001,20250617,0.2,0.01,0.0,7974259568.39,0.0,0.0,7974259568.39,0.0,,0.21,7974259568.39,4587930.16,8064321476.44,0.0,1.0,0.0633,510471549.46,0.03165,222364684.66,,290415.9792948365,0.0,1.1,8309234919.682431,0.5,3401687873.474772,1.0,7553849926.984028,0.5,3401687873.474772
FCT,#,D0001,20260503,0.15,0.01,0.0,12059569394.38,0.0,0.0,12059569394.38,0.0,,0.16,12059569394.38,5286386.58,12112399501.71,0.0,1.0,0.0633,766714888.46,0.03165,90219100.01,,334628.2707568407,0.0,1.1,12480253074.576382,0.5,1380152693.4157572,1.0,11345684613.251257,0.5,1380152693.4157572
FCT,#,D0001,20250618,0.2,0.01,0.0,7974259568.39,0.0,0.0,7974259568.39,0.0,,0.21,7974259568.39,4587930.16,8068909406.61,0.0,1.0,0.0633,510761965.44,0.03165,222364684.66,,290415.9792948365,0.0,1.1,8313962185.284106,0.5,3401687873.474772,1.0,7558147441.167369,0.5,3401687873.474772
FCT,#,D0001,20260412,0.15,0.01,0.0,12059569394.38,0.0,0.0,12059569394.38,0.0,,0.16,12059569394.38,5286386.58,12001385383.45,0.0,1.0,0.0633,759687694.77,0.03165,90219100.01,,334628.2707568407,0.0,1.1,12365867457.544212,0.5,1380152693.4157572,1.0,11241697688.676556,0.5,1380152693.4157572
FCT,#,D0001,20250509,0.21,0.01,0.0,5786035948.1,0.0,0.0,5786035948.1,0.0,,0.22,5786035948.1,3487473.72,5816468240.16,0.0,1.0,0.0633,368182439.6,0.03165,291621962.24,,220757.08661156893,0.0,1.1,5993114380.617845,0.5,4461171044.828682,1.0,5448285800.561676,0.5,4461171044.828682
FCT,#,D0001,20250516,0.21,0.01,0.0,5799996516.39,0.0,0.0,5799996516.39,0.0,,0.22,5799996516.39,3495888.31,5854857953.69,0.0,1.0,0.0633,370612508.47,0.03165,291180110.26,,221289.73010206225,5.960464477539065e-08,1.1,6032669989.740753,0.5,4454411686.676872,1.0,5484245445.218866,0.5,4454411686.676872
FCT,#,D0001,20260601,0.15,0.01,0.0,12059569394.38,0.0,0.0,12059569394.38,0.0,,0.16,12059569394.38,5286386.58,12265704712.64,0.0,1.0,0.0633,776419108.31,0.03165,90219100.01,,334628.2707568407,0.0,1.1,12638214164.763662,0.5,1380152693.4157572,1.0,11489285604.3306,0.5,1380152693.4157572
FCT,#,D0001,20260526,0.15,0.01,0.0,12059569394.38,0.0,0.0,12059569394.38,0.0,,0.16,12059569394.38,5286386.58,12233986393.14,0.0,1.0,0.0633,774411338.69,0.03165,90219100.01,,334628.2707569599,0.0,1.1,12605532559.897327,0.5,1380152693.4157572,1.0,11459575054.452114,0.5,1380152693.4157572
FCT,#,D0001,20250611,0.2,0.01,0.0,7974259568.39,0.0,0.0,7974259568.39,0.0,,0.21,7974259568.39,4587930.16,8036793895.47,0.0,1.0,0.0633,508729053.58,0.03165,222364684.66,,290415.9792948365,0.0,1.1,8280871326.072384,0.5,3401687873.474772,1.0,7528064841.883985,0.5,3401687873.474772
FCT,#,D0001,20260305,0.16,0.01,0.0,12059569394.38,0.0,0.0,12059569394.38,0.0,,0.17,12059569394.38,5616785.75,11984984369.12,0.0,1.0,0.0633,758649510.57,0.03165,90219100.01,,355542.5376793146,0.0,1.1,12348968344.40781,0.5,1380152693.4157572,1.0,11226334858.552551,0.5,1380152693.4157572
FCT,#,D0001,20260117,0.16,0.01,0.0,12059569394.38,0.0,0.0,12059569394.38,0.0,,0.17,12059569394.38,5616785.75,12102289287.49,0.0,1.0,0.0633,766074911.9,0.03165,90219100.01,,355542.5376791954,0.0,1.1,12469835813.148296,0.5,1380152693.4157572,1.0,11336214375.58936,0.5,1380152693.4157572
FCT,#,D0001,20260328,0.15,0.01,0.0,12059569394.38,0.0,0.0,12059569394.38,0.0,,0.16,12059569394.38,5286386.58,12112188046.29,0.0,1.0,0.0633,766701503.33,0.03165,90219100.01,,334628.2707568407,0.0,1.1,12480035197.257172,0.5,1380152693.4157572,1.0,11345486542.961063,0.5,1380152693.4157572
FCT,#,D0001,20260108,0.16,0.01,0.0,12059569394.38,0.0,0.0,12059569394.38,0.0,,0.17,12059569394.38,5616785.75,12051738215.78,0.0,1.0,0.0633,762875029.06,0.03165,90219100.01,,355542.5376791954,0.0,1.1,12417749505.392578,0.5,1380152693.4157572,1.0,11288863186.720524,0.5,1380152693.4157572
FCT,#,D0001,20260207,0.16,0.01,0.0,12059569394.38,0.0,0.0,12059569394.38,0.0,,0.17,12059569394.38,5616785.75,12019900952.54,0.0,1.0,0.0633,760859730.3,0.03165,90219100.01,,355542.5376793146,0.0,1.1,12384945344.4678,0.5,1380152693.4157572,1.0,11259041222.243454,0.5,1380152693.4157572
FCT,#,D0001,20260204,0.16,0.01,0.0,12059569394.38,0.0,0.0,12059569394.38,0.0,,0.17,12059569394.38,5616785.75,12003050595.3,0.0,1.0,0.0633,759793102.68,0.03165,90219100.01,,355542.5376793146,0.0,1.1,12367583241.88256,0.5,1380152693.4157572,1.0,11243257492.620508,0.5,1380152693.4157572
FCT,#,D0001,20260111,0.16,0.01,0.0,12059569394.38,0.0,0.0,12059569394.38,0.0,,0.17,12059569394.38,5616785.75,12068588573.02,0.0,1.0,0.0633,763941656.67,0.03165,90219100.01,,355542.5376791954,0.0,1.1,12435111607.977816,0.5,1380152693.4157572,1.0,11304646916.343468,0.5,1380152693.4157572
FCT,#,D0001,20260118,0.16,0.01,0.0,12059569394.38,0.0,0.0,12059569394.38,0.0,,0.17,12059569394.38,5616785.75,12107906073.23,0.0,1.0,0.0633,766430454.44,0.03165,90219100.01,,355542.5376791954,0.0,1.1,12475623180.676708,0.5,1380152693.4157572,1.0,11341475618.797009,0.5,1380152693.4157572
FCT,#,D0001,20250824,0.18,0.01,0.0,11144149283.66,0.0,0.0,11144149283.66,0.0,,0.19,11144149283.66,5801064.01,11307437174.01,0.0,1.0,0.0633,715760773.12,0.03165,122037675.17,,367207.3518756628,0.0,1.1,11650844040.987936,0.5,1866906520.5839195,1.0,10591676400.898125,0.5,1866906520.5839195
FCT,#,D0001,20250723,0.2,0.01,0.0,9888125858.31,0.0,0.0,9888125858.31,0.0,,0.21,9888125858.31,5689058.71,10035364390.59,0.0,1.0,0.0633,635238565.92,0.03165,161790816.58,,360117.4165328741,0.0,1.1,10340138407.132542,0.5,2475041662.552756,1.0,9400125824.665949,0.5,2475041662.552756
FCT,#,D0001,20250903,0.18,0.01,0.0,11652837739.66,0.0,0.0,11652837739.66,0.0,,0.19,11652837739.66,6065860.74,11693388227.5,0.0,1.0,0.0633,740191474.8,0.03165,105937685.54,,383968.9849175215,0.0,1.1,12048516427.972273,0.5,1620612287.4001195,1.0,10953196752.702065,0.5,1620612287.4001195
FCT,#,D0001,20250714,0.2,0.01,0.0,9291948584.59,529966029.4,0.0,9821914613.99,0.0,,0.21,9556931599.29,5650964.57,9918027806.13,0.0,1.0,0.0633,627811160.13,0.03165,163886402.47,,33904555.71845484,-16773424.83050999,1.1,10219238310.606752,0.5,2507099491.771392,1.0,9290216646.006138,0.5,2507099491.771392
FCT,#,D0001,20250926,0.17,0.01,0.0,12149475513.16,0.0,0.0,12149475513.16,0.0,,0.18,12149475513.16,5991522.17,12328826287.74,0.0,1.0,0.0633,780414704.01,0.03165,90219100.01,,379263.35341632366,0.0,1.1,12703252742.095877,0.5,1380152693.4157572,1.0,11548411583.723522,0.5,1380152693.4157572
FCT,#,D0001,20250801,0.18,0.01,0.0,10133081111.36,114134331.0,0.0,10247215442.36,0.0,,0.19,10190148276.86,5334166.94,10282710389.02,0.0,1.0,0.0633,650895567.62,0.03165,150425631.25,,7562355.919766426,-3612351.57614997,1.1,10594996303.534365,0.5,2301179463.195347,1.0,9631814821.394876,0.5,2301179463.195347
FCT,#,D0001,20250802,0.18,0.01,0.0,10247215442.36,0.0,0.0,10247215442.36,0.0,,0.19,10247215442.36,5334166.94,10288044555.96,0.0,1.0,0.0633,651233220.39,0.03165,150425631.25,,337652.7674665451,0.0,1.1,10600492469.12701,0.5,2301179463.195347,1.0,9636811335.57001,0.5,2301179463.195347
FCT,#,D0001,20250713,0.2,0.01,0.0,9291948584.59,0.0,0.0,9291948584.59,0.0,,0.21,9291948584.59,5346052.61,9382410812.16,0.0,1.0,0.0633,593906604.41,0.03165,180659827.3,,338405.1302329302,0.0,1.1,9667354628.527376,0.5,2763695794.0561366,1.0,8788504207.75216,0.5,2763695794.0561366
FCT,#,D0001,20250925,0.17,0.01,0.0,12149475513.16,0.0,0.0,12149475513.16,0.0,,0.18,12149475513.16,5991522.17,12322834765.57,0.0,1.0,0.0633,780035440.66,0.03165,90219100.01,,379263.35341620445,0.0,1.1,12697079257.396671,0.5,1380152693.4157572,1.0,11542799324.906063,0.5,1380152693.4157572
FCT,#,D0001,20250720,0.2,0.01,0.0,9888125858.31,0.0,0.0,9888125858.31,0.0,,0.21,9888125858.31,5689058.71,10018297214.45,0.0,1.0,0.0633,634158213.67,0.03165,161790816.58,,360117.4165329933,0.0,1.1,10322552900.8542,0.5,2475041662.552756,1.0,9384139000.776545,0.5,2475041662.552756
FCT,#,D0001,20251231,0.16,0.01,0.0,12059569394.38,0.0,0.0,12059569394.38,0.0,,0.17,12059569394.38,5616785.75,12006803929.82,200533554.9,1.0,0.0633,760030688.76,0.03165,90219100.01,,-12338231.487490771,0.0,1.1,12371450565.16527,0.5,1380152693.4157572,1.0,11246773241.059336,0.5,1380152693.4157572
FCT,#,D0001,20251104,0.17,0.01,0.0,12149475513.16,0.0,0.0,12149475513.16,0.0,,0.18,12149475513.16,5991522.17,12165537430.6,0.0,1.0,0.0633,770078519.36,0.03165,90219100.01,,379263.35341632366,0.0,1.1,12535004802.36872,0.5,1380152693.4157572,1.0,11395458911.244291,0.5,1380152693.4157572
FCT,#,D0001,20251129,0.17,0.01,0.0,12149475513.16,0.0,0.0,12149475513.16,0.0,,0.18,12149475513.16,5991522.17,12315325484.87,0.0,1.0,0.0633,779560103.19,0.03165,90219100.01,,379263.35341620445,0.0,1.1,12689341919.848791,0.5,1380152693.4157572,1.0,11535765381.68072,0.5,1380152693.4157572
FCT,#,D0001,20251206,0.17,0.01,0.0,12059569394.38,0.0,0.0,12059569394.38,0.0,,0.18,12059569394.38,5947184.91,12061961853.66,0.0,1.0,0.0633,763522185.34,0.03165,90219100.01,,376456.8046014309,0.0,1.1,12428283635.156887,0.5,1380152693.4157572,1.0,11298439668.324442,0.5,1380152693.4157572
FCT,#,D0001,20251205,0.17,0.01,0.0,12149475513.16,0.0,89906118.78,12059569394.38,0.0,,0.18,12104522453.77,5947184.91,12056014668.75,0.0,1.0,0.0633,763145728.53,0.03165,90219100.01,,-5314600.514172435,0.0,1.1,12422155834.24445,0.5,1380152693.4157572,1.0,11292868940.222223,0.5,1380152693.4157572
FCT,#,D0001,20251017,0.17,0.01,0.0,12149475513.16,0.0,0.0,12149475513.16,0.0,,0.18,12149475513.16,5991522.17,12269843174.43,0.0,1.0,0.0633,776681072.94,0.03165,90219100.01,,379263.3534160853,0.0,1.1,12642478311.632944,0.5,1380152693.4157572,1.0,11493162101.484491,0.5,1380152693.4157572
FCT,#,D0001,20251130,0.17,0.01,0.0,12149475513.16,0.0,0.0,12149475513.16,0.0,,0.18,12149475513.16,5991522.17,12116007513.94,205309493.1,1.0,0.0633,766943275.63,0.03165,90219100.01,,-12616827.55981362,0.0,1.1,12483970662.142548,0.5,1380152693.4157572,1.0,11349064238.311403,0.5,1380152693.4157572
FCT,#,D0001,20251107,0.17,0.01,0.0,12149475513.16,0.0,0.0,12149475513.16,0.0,,0.18,12149475513.16,5991522.17,12183511997.11,0.0,1.0,0.0633,771216309.42,0.03165,90219100.01,,379263.35341632366,0.0,1.1,12553525256.46633,0.5,1380152693.4157572,1.0,11412295687.696665,0.5,1380152693.4157572
FCT,#,D0001,20251228,0.16,0.01,0.0,12059569394.38,0.0,0.0,12059569394.38,0.0,,0.17,12059569394.38,5616785.75,12190487127.48,0.0,1.0,0.0633,771657835.17,0.03165,90219100.01,,355542.5376791954,0.0,1.1,12560712221.542343,0.5,1380152693.4157572,1.0,11418829292.31122,0.5,1380152693.4157572
FCT,#,D0001,20251008,0.17,0.01,0.0,12149475513.16,0.0,0.0,12149475513.16,0.0,,0.18,12149475513.16,5991522.17,12215919474.89,0.0,1.0,0.0633,773267702.76,0.03165,90219100.01,,379263.35341620445,0.0,1.1,12586916949.34012,0.5,1380152693.4157572,1.0,11442651772.12738,0.5,1380152693.4157572
FCT,#,D0001,20250422,0.21,0.01,0.0,2936296133.0,0.0,0.0,2936296133.0,0.0,,0.22,2936296133.0,1769822.33,2953046797.78,0.0,1.0,0.0633,186927862.3,0.03165,381816227.39,,112029.7532826364,0.0,1.1,3042730829.033717,0.5,5840943819.804725,1.0,2766118935.485197,0.5,5840943819.804725
FCT,#,D0001,20260519,0.15,0.01,0.0,12059569394.38,0.0,0.0,12059569394.38,0.0,,0.16,12059569394.38,5286386.58,12196981687.05,0.0,1.0,0.0633,772068940.79,0.03165,90219100.01,,334628.2707568407,0.0,1.1,12567404020.886606,0.5,1380152693.4157572,1.0,11424912746.26055,0.5,1380152693.4157572
FCT,#,D0001,20250602,0.21,0.01,0.0,6299824126.99,0.0,0.0,6299824126.99,0.0,,0.22,6299824126.99,3797154.27,6321308679.11,0.0,1.0,0.0633,400138839.39,0.03165,275360566.38,,240359.8651848436,0.0,1.1,6513286823.695594,0.5,4212407653.3146167,1.0,5921169839.723267,0.5,4212407653.3146167
FCT,#,D0001,20260428,0.15,0.01,0.0,12059569394.38,0.0,0.0,12059569394.38,0.0,,0.16,12059569394.38,5286386.58,12085967568.79,0.0,1.0,0.0633,765041747.1,0.03165,90219100.01,,334628.2707569599,0.0,1.1,12453018403.854437,0.5,1380152693.4157572,1.0,11320925821.68585,0.5,1380152693.4157572
FCT,#,D0001,20250525,0.21,0.01,0.0,6039325771.39,0.0,0.0,6039325771.39,0.0,,0.22,6039325771.39,3640141.56,6126227216.49,0.0,1.0,0.0633,387790182.8,0.03165,283605339.34,,230420.96080106497,0.0,1.1,6312280737.051572,0.5,4338534444.637247,1.0,5738437033.683247,0.5,4338534444.637247
FCT,#,D0001,20260405,0.15,0.01,0.0,12059569394.38,0.0,0.0,12059569394.38,0.0,,0.16,12059569394.38,5286386.58,11964380677.36,0.0,1.0,0.0633,757345296.88,0.03165,90219100.01,,334628.2707569599,0.0,1.1,12327738918.533491,0.5,1380152693.4157572,1.0,11207035380.484991,0.5,1380152693.4157572
FCT,#,D0001,20250415,0.21,0.01,0.0,1695516478.0,0.0,0.0,1695516478.0,0.0,,0.22,1695516478.0,1021955.14,1700626253.69,0.0,1.0,0.0633,107649641.86,0.03165,421086903.47,,64689.76019898057,0.0,1.1,1752274273.0116014,0.5,6441698309.26435,1.0,1592976611.8287284,0.5,6441698309.26435
FCT,#,D0001,20260510,0.15,0.01,0.0,12059569394.38,0.0,0.0,12059569394.38,0.0,,0.16,12059569394.38,5286386.58,12149404207.8,0.0,1.0,0.0633,769057286.35,0.03165,90219100.01,,334628.2707569599,0.0,1.1,12518381613.587105,0.5,1380152693.4157572,1.0,11380346921.44282,0.5,1380152693.4157572
FCT,#,D0001,20250627,0.2,0.01,0.0,8319033309.39,612101612.4,0.0,8931134921.79,0.0,,0.21,8625084115.59,5138461.19,9069213566.29,0.0,1.0,0.0633,574081218.75,0.03165,192079579.73,,39071296.65811282,-19373016.032460004,1.1,9344645582.296837,0.5,2938392749.242327,1.0,8495132347.542579,0.5,2938392749.242327
FCT,#,D0001,20250412,0.21,0.01,0.0,1695516478.0,0.0,0.0,1695516478.0,0.0,,0.22,1695516478.0,1021955.14,1697560388.27,0.0,1.0,0.0633,107455572.58,0.03165,421086903.47,,64689.76019899547,0.0,1.1,1749115297.2667568,0.5,6441698309.26435,1.0,1590104815.6970515,0.5,6441698309.26435
FCT,#,D0001,20260406,0.15,0.01,0.0,12059569394.38,0.0,0.0,12059569394.38,0.0,,0.16,12059569394.38,5286386.58,11969667063.95,0.0,1.0,0.0633,757679925.15,0.03165,90219100.01,,334628.2707569599,0.0,1.1,12333185852.67788,0.5,1380152693.4157572,1.0,11211987138.79807,0.5,1380152693.4157572
FCT,#,D0001,20250503,0.21,0.01,0.0,4286035948.1,0.0,0.0,4286035948.1,0.0,,0.22,4286035948.1,2583364.13,4297351617.01,0.0,1.0,0.0633,272022357.36,0.03165,339096962.24,,163526.94962531328,0.0,1.1,4427862185.61786,0.5,5187433544.828682,1.0,4025329259.6526,0.5,5187433544.828682
FCT,#,D0001,20250526,0.21,0.01,0.0,6039325771.39,0.0,0.0,6039325771.39,0.0,,0.22,6039325771.39,3640141.56,6129867358.05,0.0,1.0,0.0633,388020603.76,0.03165,283605339.34,,230420.96080100536,0.0,1.1,6316031429.711612,0.5,4338534444.637247,1.0,5741846754.283283,0.5,4338534444.637247
FCT,#,D0001,20250421,0.21,0.01,0.0,2936296133.0,0.0,0.0,2936296133.0,0.0,,0.22,2936296133.0,1769822.33,2951276975.46,0.0,1.0,0.0633,186815832.55,0.03165,381816227.39,,112029.7532826364,0.0,1.1,3040907257.202914,0.5,5840943819.804725,1.0,2764461142.91174,0.5,5840943819.804725
FCT,#,D0001,20260516,0.15,0.01,0.0,12059569394.38,0.0,0.0,12059569394.38,0.0,,0.16,12059569394.38,5286386.58,12181122527.3,0.0,1.0,0.0633,771065055.98,0.03165,90219100.01,,334628.2707568407,0.0,1.1,12551063218.453438,0.5,1380152693.4157572,1.0,11410057471.321306,0.5,1380152693.4157572
FCT,#,D0001,20260220,0.16,0.01,0.0,12059569394.38,0.0,0.0,12059569394.38,0.0,,0.17,12059569394.38,5616785.75,12092919167.23,0.0,1.0,0.0633,765481783.29,0.03165,90219100.01,,355542.5376791954,0.0,1.1,12460181122.337172,0.5,1380152693.4157572,1.0,11327437383.942884,0.5,1380152693.4157572
FCT,#,D0001,20260315,0.16,0.01,0.0,12059569394.38,0.0,0.0,12059569394.38,0.0,,0.17,12059569394.38,5616785.75,12041152226.57,0.0,1.0,0.0633,762204935.94,0.03165,90219100.01,,355542.5376791954,0.0,1.1,12406842019.691944,0.5,1380152693.4157572,1.0,11278947290.62904,0.5,1380152693.4157572
FCT,#,D0001,20260127,0.16,0.01,0.0,12059569394.38,0.0,0.0,12059569394.38,0.0,,0.17,12059569394.38,5616785.75,12158457144.94,0.0,1.0,0.0633,769630337.27,0.03165,90219100.01,,355542.5376793146,0.0,1.1,12527709488.432426,0.5,1380152693.4157572,1.0,11388826807.665842,0.5,1380152693.4157572
FCT,#,D0001,20260322,0.16,0.01,0.0,12059569394.38,0.0,0.0,12059569394.38,0.0,,0.17,12059569394.38,5616785.75,12080469726.79,0.0,1.0,0.0633,764693733.71,0.03165,90219100.01,,355542.5376793146,0.0,1.1,12447353592.390837,0.5,1380152693.4157572,1.0,11315775993.082577,0.5,1380152693.4157572
FCT,#,D0001,20260213,0.16,0.01,0.0,12059569394.38,0.0,0.0,12059569394.38,0.0,,0.17,12059569394.38,5616785.75,12053601667.01,0.0,1.0,0.0633,762992985.52,0.03165,90219100.01,,355542.5376793146,0.0,1.1,12419669549.63828,0.5,1380152693.4157572,1.0,11290608681.489344,0.5,1380152693.4157572
FCT,#,D0001,20260214,0.16,0.01,0.0,12059569394.38,0.0,0.0,12059569394.38,0.0,,0.17,12059569394.38,5616785.75,12059218452.76,0.0,1.0,0.0633,763348528.06,0.03165,90219100.01,,355542.5376791954,0.0,1.1,12425456917.166697,0.5,1380152693.4157572,1.0,11295869924.696997,0.5,1380152693.4157572
FCT,#,D0001,20260321,0.16,0.01,0.0,12059569394.38,0.0,0.0,12059569394.38,0.0,,0.17,12059569394.38,5616785.75,12074852941.04,0.0,1.0,0.0633,764338191.17,0.03165,90219100.01,,355542.5376791954,0.0,1.1,12441566224.862425,0.5,1380152693.4157572,1.0,11310514749.87493,0.5,1380152693.4157572
FCT,#,D0001,20260101,0.16,0.01,0.0,12059569394.38,0.0,0.0,12059569394.38,0.0,,0.17,12059569394.38,5616785.75,12012420715.56,0.0,1.0,0.0633,760386231.3,0.03165,90219100.01,,355542.5376791954,0.0,1.1,12377237932.693682,0.5,1380152693.4157572,1.0,11252034484.266985,0.5,1380152693.4157572
FCT,#,D0001,20260312,0.16,0.01,0.0,12059569394.38,0.0,0.0,12059569394.38,0.0,,0.17,12059569394.38,5616785.75,12024301869.34,0.0,1.0,0.0633,761138308.33,0.03165,90219100.01,,355542.5376791954,0.0,1.1,12389479917.106705,0.5,1380152693.4157572,1.0,11263163561.006094,0.5,1380152693.4157572
FCT,#,D0001,20260124,0.16,0.01,0.0,12059569394.38,0.0,0.0,12059569394.38,0.0,,0.17,12059569394.38,5616785.75,12141606787.7,0.0,1.0,0.0633,768563709.66,0.03165,90219100.01,,355542.5376793146,0.0,1.1,12510347385.847189,0.5,1380152693.4157572,1.0,11373043078.042896,0.5,1380152693.4157572
FCT,#,D0001,20260223,0.16,0.01,0.0,12059569394.38,0.0,0.0,12059569394.38,0.0,,0.17,12059569394.38,5616785.75,12109769524.46,0.0,1.0,0.0633,766548410.9,0.03165,90219100.01,,355542.5376791954,0.0,1.1,12477543224.922417,0.5,1380152693.4157572,1.0,11343221113.56583,0.5,1380152693.4157572
FCT,#,D0001,20250616,0.2,0.01,0.0,7974259568.39,0.0,0.0,7974259568.39,0.0,,0.21,7974259568.39,4587930.16,8059733546.28,0.0,1.0,0.0633,510181133.48,0.03165,222364684.66,,290415.9792947769,0.0,1.1,8304507654.080757,0.5,3401687873.474772,1.0,7549552412.800688,0.5,3401687873.474772
FCT,#,D0001,20251003,0.17,0.01,0.0,12149475513.16,0.0,0.0,12149475513.16,0.0,,0.18,12149475513.16,5991522.17,12185961864.03,0.0,1.0,0.0633,771371385.99,0.03165,90219100.01,,379263.35341632366,0.0,1.1,12556049525.844105,0.5,1380152693.4157572,1.0,11414590478.040092,0.5,1380152693.4157572
FCT,#,D0001,20250911,0.18,0.01,0.0,11652837739.66,108818775.0,0.0,11761656514.66,0.0,,0.19,11707247127.16,6122506.13,11850790533.82,0.0,1.0,0.0633,750155040.79,0.03165,102493571.31,,7275783.095587134,-3444114.2287499905,1.1,12210699042.334455,0.5,1567924957.014495,1.0,11100635493.031322,0.5,1567924957.014495
FCT,#,D0001,20250819,0.18,0.01,0.0,10908661164.06,0.0,0.0,10908661164.06,0.0,,0.19,10908661164.06,5678481.15,11043188900.07,0.0,1.0,0.0633,699033857.37,0.03165,129490874.16,,359447.85704159737,0.0,1.1,11378570546.968578,0.5,1980923980.8912497,1.0,10344155042.698708,0.5,1980923980.8912497
FCT,#,D0001,20250810,0.18,0.01,0.0,10508450914.86,0.0,0.0,10508450914.86,0.0,,0.19,10508450914.86,5470152.53,10592497306.36,0.0,1.0,0.0633,670505079.49,0.03165,142157528.54,,346260.65521383286,0.0,1.1,10914191449.550976,0.5,2174695778.2976594,1.0,9921992226.864525,0.5,2174695778.2976594
FCT,#,D0001,20260314,0.16,0.01,0.0,12059569394.38,0.0,0.0,12059569394.38,0.0,,0.17,12059569394.38,5616785.75,12035535440.83,0.0,1.0,0.0633,761849393.4,0.03165,90219100.01,,355542.5376793146,0.0,1.1,12401054652.163528,0.5,1380152693.4157572,1.0,11273686047.421389,0.5,1380152693.4157572
FCT,#,D0001,20250722,0.2,0.01,0.0,9888125858.31,0.0,0.0,9888125858.31,0.0,,0.21,9888125858.31,5689058.71,10029675331.88,0.0,1.0,0.0633,634878448.51,0.03165,161790816.58,,360117.4165328741,0.0,1.1,10334276571.706429,0.5,2475041662.552756,1.0,9394796883.36948,0.5,2475041662.552756
FCT,#,D0001,20250715,0.2,0.01,0.0,9821914613.99,0.0,0.0,9821914613.99,0.0,,0.21,9821914613.99,5650964.57,9923678770.71,0.0,1.0,0.0633,628168866.19,0.03165,163886402.47,,357706.0574350357,0.0,1.1,10225060894.97325,0.5,2507099491.771392,1.0,9295509904.521135,0.5,2507099491.771392
FCT,#,D0001,20250624,0.2,0.01,0.0,8319033309.39,0.0,0.0,8319033309.39,0.0,,0.21,8319033309.39,4786293.14,8442400906.43,0.0,1.0,0.0633,534403977.38,0.03165,211452595.76,,302972.3555663228,0.0,1.1,8698796621.95514,0.5,3234757047.426097,1.0,7907996929.050126,0.5,3234757047.426097
FCT,#,D0001,20260509,0.15,0.01,0.0,12059569394.38,0.0,0.0,12059569394.38,0.0,,0.16,12059569394.38,5286386.58,12144117821.21,0.0,1.0,0.0633,768722658.08,0.03165,90219100.01,,334628.2707569599,0.0,1.1,12512934679.442717,0.5,1380152693.4157572,1.0,11375395163.12974,0.5,1380152693.4157572
FCT,#,D0001,20250601,0.21,0.01,0.0,6299824126.99,0.0,0.0,6299824126.99,0.0,,0.22,6299824126.99,3797154.27,6317511524.84,0.0,1.0,0.0633,399898479.52,0.03165,275360566.38,,240359.8651848436,0.0,1.1,6509374349.852141,0.5,4212407653.3146167,1.0,5917613045.320128,0.5,4212407653.3146167
FCT,#,D0001,20260102,0.16,0.01,0.0,12059569394.38,0.0,0.0,12059569394.38,0.0,,0.17,12059569394.38,5616785.75,12018037501.31,0.0,1.0,0.0633,760741773.83,0.03165,90219100.01,,355542.5376793146,0.0,1.1,12383025300.222094,0.5,1380152693.4157572,1.0,11257295727.47463,0.5,1380152693.4157572
FCT,#,D0001,20250827,0.18,0.01,0.0,11144149283.66,0.0,0.0,11144149283.66,0.0,,0.19,11144149283.66,5801064.01,11324840366.05,0.0,1.0,0.0633,716862395.17,0.03165,122037675.17,,367207.3518756628,0.0,1.1,11668775767.961964,0.5,1866906520.5839195,1.0,10607977970.874512,0.5,1866906520.5839195
FCT,#,D0001,20251011,0.17,0.01,0.0,12149475513.16,0.0,0.0,12149475513.16,0.0,,0.18,12149475513.16,5991522.17,12233894041.4,0.0,1.0,0.0633,774405492.82,0.03165,90219100.01,,379263.35341620445,0.0,1.1,12605437403.437729,0.5,1380152693.4157572,1.0,11459488548.57975,0.5,1380152693.4157572
FCT,#,D0001,20251018,0.17,0.01,0.0,12149475513.16,0.0,0.0,12149475513.16,0.0,,0.18,12149475513.16,5991522.17,12275834696.6,0.0,1.0,0.0633,777060336.29,0.03165,90219100.01,,379263.35341632366,0.0,1.1,12648651796.332144,0.5,1380152693.4157572,1.0,11498774360.301949,0.5,1380152693.4157572
FCT,#,D0001,20250428,0.21,0.01,0.0,4246527388.0,0.0,0.0,4246527388.0,0.0,,0.22,4246527388.0,2559550.75,4277845628.88,0.0,1.0,0.0633,270787628.31,0.03165,340347408.17,,162019.5627542138,0.0,1.1,4407763800.632981,0.5,5206562601.9151,1.0,4007058000.575437,0.5,5206562601.9151
FCT,#,D0001,20260421,0.15,0.01,0.0,12059569394.38,0.0,0.0,12059569394.38,0.0,,0.16,12059569394.38,5286386.58,12048962862.7,0.0,1.0,0.0633,762699349.21,0.03165,90219100.01,,334628.2707569599,0.0,1.1,12414889864.843714,0.5,1380152693.4157572,1.0,11286263513.494284,0.5,1380152693.4157572
FCT,#,D0001,20260331,0.15,0.01,0.0,12059569394.38,0.0,0.0,12059569394.38,0.0,,0.16,12059569394.38,5286386.58,11937948744.44,190098461.6,1.0,0.0633,755672155.52,0.03165,90219100.01,,-11698604.34852314,0.0,1.1,12300504247.811546,0.5,1380152693.4157572,1.0,11182276588.919586,0.5,1380152693.4157572
FCT,#,D0001,20260306,0.16,0.01,0.0,12059569394.38,0.0,0.0,12059569394.38,0.0,,0.17,12059569394.38,5616785.75,11990601154.86,0.0,1.0,0.0633,759005053.1,0.03165,90219100.01,,355542.5376791954,0.0,1.1,12354755711.936226,0.5,1380152693.4157572,1.0,11231596101.760204,0.5,1380152693.4157572
FCT,#,D0001,20250707,0.2,0.01,0.0,8931134921.79,0.0,0.0,8931134921.79,0.0,,0.21,8931134921.79,5138461.19,8990143607.97,0.0,1.0,0.0633,569076090.38,0.03165,192079579.73,,325264.5931926966,0.0,1.1,9263174269.341412,0.5,2938392749.242327,1.0,8421067517.583102,0.5,2938392749.242327
FCT,#,D0001,20251114,0.17,0.01,0.0,12149475513.16,0.0,0.0,12149475513.16,0.0,,0.18,12149475513.16,5991522.17,12225452652.31,0.0,1.0,0.0633,773871152.89,0.03165,90219100.01,,379263.35341632366,0.0,1.1,12596739649.360748,0.5,1380152693.4157572,1.0,11451581499.41886,0.5,1380152693.4157572
FCT,#,D0001,20251123,0.17,0.01,0.0,12149475513.16,0.0,0.0,12149475513.16,0.0,,0.18,12149475513.16,5991522.17,12279376351.85,0.0,1.0,0.0633,777284523.07,0.03165,90219100.01,,379263.35341632366,0.0,1.1,12652301011.653574,0.5,1380152693.4157572,1.0,11502091828.775976,0.5,1380152693.4157572
FCT,#,D0001,20251215,0.17,0.01,0.0,12059569394.38,0.0,0.0,12059569394.38,0.0,,0.18,12059569394.38,5947184.91,12115486517.82,0.0,1.0,0.0633,766910296.58,0.03165,90219100.01,,376456.8046014309,0.0,1.1,12483433843.368826,0.5,1380152693.4157572,1.0,11348576221.244389,0.5,1380152693.4157572
FCT,#,D0002,20251201,0.17,0.015,,1624444444.44,0.0,23888888.89,1600555555.55,,,0.185,1612500000.0,811240.49,1578473877.47,22336111.11,,0.0321,50669011.47,0.02765,0.0,,-1457781.680365391,0.0,1.1,1680585352.598657,,0.0,1.0,1527804865.9987786,0.5,0.0
FCT,#,D0002,20260401,0.15,0.015,,1528888888.88,0.0,23888888.89,1504999999.99,,,0.165,1516944444.44,680342.47,1488064086.75,21022222.22,,0.0321,47766857.18,0.02765,0.0,,-1419807.6734804586,0.0,1.1,1584326952.5190918,,0.0,1.0,1440297229.562811,0.5,0.0
FCT,#,D0002,20260201,0.16,0.015,,1576666666.66,0.0,23888888.89,1552777777.77,,,0.175,1564722222.22,744482.5,1535086501.13,21679166.67,,0.0321,49276276.69,0.02765,0.0,,-1438836.6953482702,0.0,1.1,1634391246.8846445,,0.0,1.0,1485810224.4405856,0.5,0.0
FCT,#,D0002,20260301,0.16,0.015,,1552777777.77,0.0,23888888.89,1528888888.88,,,0.175,1540833333.32,733028.92,1510680974.11,21350694.44,,0.0321,48492859.27,0.02765,0.0,,-1428660.3965826333,0.0,1.1,1608406926.3286257,,0.0,1.0,1462188114.8442051,0.5,0.0
FCT,#,D0002,20260101,0.16,0.015,,1600555555.55,0.0,23888888.89,1576666666.66,,,0.175,1588611111.1,755936.07,1557231992.0,22007638.89,,0.0321,49987146.94,0.02765,0.0,,-1449012.9937929064,0.0,1.1,1657969329.5612862,,0.0,1.0,1507244845.0557146,0.5,0.0
FCT,#,D0002,20251001,0.17,0.015,,1672222222.22,0.0,23888888.89,1648333333.33,,,0.185,1660277777.78,835456.62,1620676953.95,22993055.56,,0.0321,52023730.22,0.02765,0.0,,-1478092.2593108118,0.0,1.1,1725518546.0981889,,0.0,1.0,1568653223.7256262,0.5,0.0
FCT,#,D0002,20260501,0.15,0.015,,1504999999.99,0.0,23888888.89,1481111111.1,,,0.165,1493055555.54,669543.38,1463880922.74,20693750.0,,0.0321,46990577.62,0.02765,0.0,,-1409610.365903407,0.0,1.1,1558579379.635363,,0.0,1.0,1416890345.1230574,0.5,0.0
FCT,#,D0002,20250901,0.18,0.015,,1696111111.11,0.0,23888888.89,1672222222.22,,,0.195,1684166666.66,893379.0,1641548479.83,23321527.78,,0.0321,52693706.2,0.02765,0.0,,-1486776.9093536213,0.0,1.1,1747740250.9881978,,0.0,1.0,1588854773.6256342,0.5,0.0
FCT,#,D0002,20251101,0.17,0.015,,1648333333.33,0.0,23888888.89,1624444444.44,,,0.185,1636388888.88,823348.55,1600010528.91,22664583.33,,0.0321,51360337.98,0.02765,0.0,,-1467936.9696775898,0.0,1.1,1703515210.026735,,0.0,1.0,1548650190.9333954,0.5,0.0
FCT,#,D0002,20260601,0.15,0.015,,1481111111.1,0.0,23888888.89,1457222222.21,,,0.165,1469166666.65,658744.29,1440371801.74,20365277.78,,0.0321,46235934.84,0.02765,0.0,,-1399413.058326356,0.0,1.1,1533549453.5892963,,0.0,1.0,1394135866.8993602,0.5,0.0
FCT,#,D0002,20250815,0.18,0.015,,0.0,1720000000.0,23888888.89,1696111111.11,,,0.195,848055555.56,906141.55,1673367252.66,23650000.0,,0.0321,53715088.81,0.02765,0.0,,0.0,0.0,,1781617380.237249,,0.0,1.0,1619652163.8520443,0.5,0.0
FRC,BASE,D0002,20251023,0.17,0.015,,1648333333.33,0.0,0.0,1648333333.33,,,0.185,1648333333.33,835456.62,1639056999.61,0.0,,0.0321,52613729.69,0.0277,0.0,,26818.15753418207,0.0,,1745087596.9141314,,0.0,1.0,1586443269.9219377,0.5,0.0
FRC,BASE,D0002,20251002,0.17,0.015,,1648333333.33,0.0,0.0,1648333333.33,,,0.185,1648333333.33,835456.62,1621512410.57,0.0,,0.0321,52050548.38,0.0277,0.0,,26818.157534196973,0.0,,1726408048.4080048,,0.0,1.0,1569461862.189095,0.5,0.0
FRC,BASE,D0002,20260913,0.145,0.015,,1457222222.21,0.0,0.0,1457222222.21,,,0.16,1457222222.21,638782.34,1506266192.91,0.0,,0.0321,48351144.79,0.0277,0.0,,20504.91324183345,0.0,,1603706552.925618,,0.0,1.0,1457915048.114198,0.5,0.0
FRC,BASE,D0001,20261204,0.125,0.01,,13969663275.6,0.0,0.0,13969663275.6,,,0.135,13969663275.6,5166861.76,15172470017.34,0.0,,0.0633,960417352.1,0.03165,-68030899.99,,327062.3493742943,0.0,,15633257931.76206,,-1040722306.5842428,1.0,14212052665.238235,0.5,-1040722306.5842428
FRC,BASE,D0002,20260420,0.15,0.015,,1504999999.99,0.0,0.0,1504999999.99,,,0.165,1504999999.99,680342.47,1500990593.6,0.0,,0.0321,48181798.05,0.0277,0.0,,21838.993150547147,0.0,,1598089675.0963976,,0.0,1.0,1452808795.5421796,0.5,0.0
FRC,BASE,D0002,20270226,0.125,0.015,,1457222222.21,0.0,0.0,1457222222.21,,,0.14,1457222222.21,558934.55,1605277456.22,0.0,,0.0321,51529406.34,0.0277,0.0,,17941.799086607993,0.0,,1709122854.8668952,,0.0,1.0,1553748049.8789954,0.5,0.0
FRC,BASE,D0001,20260918,0.145,0.01,,11969663275.6,0.0,0.0,11969663275.6,,,0.155,11969663275.6,5083007.69,12725537529.3,0.0,,0.0633,805526525.6,0.03165,90219100.01,,321754.3869276047,0.0,,13112012104.066954,,1380152693.4157572,1.0,11920011003.69723,0.5,1380152693.4157572
FRC,BASE,D0002,20251218,0.17,0.015,,1600555555.55,0.0,0.0,1600555555.55,,,0.185,1600555555.55,811240.49,1592264965.75,0.0,,0.0321,51111705.4,0.0277,0.0,,26040.819634608924,0.0,,1695268586.3795035,,0.0,1.0,1541153260.3450034,0.5,0.0
FRC,BASE,D0002,20260121,0.16,0.015,,1576666666.66,0.0,0.0,1576666666.66,,,0.175,1576666666.66,755936.07,1572350713.46,0.0,,0.0321,50472457.9,0.0277,0.0,,24265.54794510454,0.0,,1674066081.11373,,0.0,1.0,1521878255.5579362,0.5,0.0
FRC,BASE,D0002,20250825,0.18,0.015,,1696111111.11,0.0,0.0,1696111111.11,,,0.195,1696111111.11,906141.55,1682428668.19,0.0,,0.0321,54005960.25,0.0277,0.0,,29087.14383560419,0.0,,1791264978.7326765,,0.0,1.0,1628422707.9387963,0.5,0.0
FRC,BASE,D0001,20260727,0.142,0.01,,11969663275.6,0.0,0.0,11969663275.6,,,0.152,11969663275.6,5001023.7,12459007561.43,0.0,,0.0633,788655178.64,0.03165,90219100.01,,316564.8000416756,0.0,,12837387621.073055,,1380152693.4157572,1.0,11670352382.793686,0.5,1380152693.4157572
FRC,BASE,D0002,20260403,0.15,0.015,,1504999999.99,0.0,0.0,1504999999.99,,,0.165,1504999999.99,680342.47,1489424771.68,0.0,,0.0321,47810535.17,0.0277,0.0,,21838.993150539696,0.0,,1585775660.1588085,,0.0,1.0,1441614236.5080075,0.5,0.0
FRC,BASE,D0002,20261022,0.145,0.015,,1457222222.21,0.0,0.0,1457222222.21,,,0.16,1457222222.21,638782.34,1531178704.32,0.0,,0.0321,49150836.41,0.0277,0.0,,20504.91324183345,0.0,,1630230654.7043908,,0.0,1.0,1482027867.9130824,0.5,0.0
FRC,BASE,D0001,20260627,0.145,0.01,,11969663275.6,0.0,0.0,11969663275.6,,,0.155,11969663275.6,5083007.69,12308730898.53,0.0,,0.0633,779142665.88,0.03165,90219100.01,,321754.38692748547,0.0,,12682547055.915314,,1380152693.4157572,1.0,11529588232.650284,0.5,1380152693.4157572
FRC,BASE,D0002,20260930,0.145,0.015,,1457222222.21,0.0,0.0,1457222222.21,,,0.16,1457222222.21,638782.34,1517125492.75,0.0,,0.0321,48699728.32,0.0277,0.0,,20504.9132418409,0.0,,1615268340.880468,,0.0,1.0,1468425764.4367888,0.5,0.0
FRC,BASE,D0002,20261004,0.145,0.015,,1457222222.21,0.0,0.0,1457222222.21,,,0.16,1457222222.21,638782.34,1519680622.13,0.0,,0.0321,48781747.97,0.0277,0.0,,20504.9132418409,0.0,,1617988761.5757265,,0.0,1.0,1470898874.1597512,0.5,0.0
FRC,BASE,D0001,20260821,0.142,0.01,,11969663275.6,0.0,0.0,11969663275.6,,,0.152,11969663275.6,5001023.7,12584033153.87,0.0,,0.0633,796569298.64,0.03165,90219100.01,,316564.8000416756,0.0,,12966210240.748756,,1380152693.4157572,1.0,11787463855.22614,0.5,1380152693.4157572
FRC,BASE,D0002,20270214,0.125,0.015,,1457222222.21,0.0,0.0,1457222222.21,,,0.14,1457222222.21,558934.55,1598570241.61,0.0,,0.0321,51314104.76,0.0277,0.0,,17941.799086607993,0.0,,1701981750.5418408,,0.0,1.0,1547256136.8562188,0.5,0.0
FRC,BASE,D0001,20261115,0.145,0.01,,13969663275.6,0.0,0.0,13969663275.6,,,0.155,13969663275.6,5932322.76,15062817728.88,0.0,,0.0633,953476362.24,0.03165,-68030899.99,,375516.03076314926,0.0,,15520275503.310863,,-1040722306.5842428,1.0,14109341366.646238,0.5,-1040722306.5842428
FRC,BASE,D0001,20261120,0.145,0.01,,13969663275.6,0.0,0.0,13969663275.6,,,0.155,13969663275.6,5932322.76,15092479342.69,0.0,,0.0633,955353942.39,0.03165,-68030899.99,,375516.03076314926,0.0,,15550837940.326456,,-1040722306.5842428,1.0,14137125400.296778,0.5,-1040722306.5842428
FRC,BASE,D0002,20260706,0.142,0.015,,1457222222.21,0.0,0.0,1457222222.21,,,0.157,1457222222.21,628801.37,1462749145.72,0.0,,0.0321,46954247.58,0.0277,0.0,,20184.523972436786,0.0,,1557374387.959492,,0.0,1.0,1415794898.1449926,0.5,0.0
FRC,BASE,D0002,20260105,0.16,0.015,,1576666666.66,0.0,0.0,1576666666.66,,,0.175,1576666666.66,755936.07,1560255736.29,0.0,,0.0321,50084209.13,0.0277,0.0,,24265.54794509709,0.0,,1661188679.8717752,,0.0,1.0,1510171527.1561592,0.5,0.0
FRC,BASE,D0002,20260506,0.15,0.015,,1481111111.1,0.0,0.0,1481111111.1,,,0.165,1481111111.1,669543.38,1467228639.64,0.0,,0.0321,47098039.33,0.0277,0.0,,21492.34246559441,0.0,,1562143660.3362498,,0.0,1.0,1420130600.3056817,0.5,0.0
FRC,BASE,D0001,20261225,0.125,0.01,,13969663275.6,0.0,0.0,13969663275.6,,,0.135,13969663275.6,5166861.76,15280974114.28,0.0,,0.0633,967285661.43,0.03165,-68030899.99,,327062.3493744135,0.0,,15745057298.135237,,-1040722306.5842428,1.0,14313688452.850212,0.5,-1040722306.5842428
FRC,BASE,D0002,20250822,0.18,0.015,,1696111111.11,0.0,0.0,1696111111.11,,,0.195,1696111111.11,906141.55,1679710243.53,0.0,,0.0321,53918698.82,0.0277,0.0,,29087.14383559674,0.0,,1788370699.184048,,0.0,1.0,1625791544.7127707,0.5,0.0
FRC,BASE,D0002,20260523,0.15,0.015,,1481111111.1,0.0,0.0,1481111111.1,,,0.165,1481111111.1,669543.38,1478610877.08,0.0,,0.0321,47463409.15,0.0277,0.0,,21492.34246559441,0.0,,1574262214.7192638,,0.0,1.0,1431147467.9266033,0.5,0.0
FRC,BASE,D0001,20270105,0.125,0.01,,13969663275.6,0.0,0.0,13969663275.6,,,0.135,13969663275.6,5166861.76,15337809593.64,0.0,,0.0633,970883347.28,0.03165,-68030899.99,,327062.3493742943,0.0,,15803618870.997374,,-1040722306.5842428,1.0,14366926246.361248,0.5,-1040722306.5842428
FRC,BASE,D0002,20260108,0.16,0.015,,1576666666.66,0.0,0.0,1576666666.66,,,0.175,1576666666.66,755936.07,1562523544.51,0.0,,0.0321,50157005.78,0.0277,0.0,,24265.54794510454,0.0,,1663603192.6046417,,0.0,1.0,1512366538.7314923,0.5,0.0
FRC,BASE,D0002,20270125,0.125,0.015,,1457222222.21,0.0,0.0,1457222222.21,,,0.14,1457222222.21,558934.55,1587391550.59,0.0,,0.0321,50955268.77,0.0277,0.0,,17941.799086607993,0.0,,1690079910.0000837,,0.0,1.0,1536436281.8182578,0.5,0.0
FRC,BASE,D0002,20260508,0.15,0.015,,1481111111.1,0.0,0.0,1481111111.1,,,0.165,1481111111.1,669543.38,1468567726.4,0.0,,0.0321,47141024.02,0.0277,0.0,,21492.34246559441,0.0,,1563569372.6166043,,0.0,1.0,1421426702.378731,0.5,0.0
FRC,BASE,D0002,20260213,0.16,0.015,,1552777777.77,0.0,0.0,1552777777.77,,,0.175,1552777777.77,744482.5,1544020291.08,0.0,,0.0321,49563051.34,0.0277,0.0,,23897.888127736747,0.0,,1643902963.7110813,,0.0,1.0,1494457239.7373464,0.5,0.0
FRC,BASE,D0001,20270111,0.125,0.01,,8969663275.6,0.0,0.0,8969663275.6,,,0.135,8969663275.6,3317546.69,10184975147.76,0.0,,0.0633,644708926.85,0.03165,90219100.01,,210000.7055387497,0.0,,10494292842.994406,,1380152693.4157572,1.0,9540266220.904003,0.5,1380152693.4157572
FRC,BASE,D0002,20260307,0.16,0.015,,1528888888.88,0.0,0.0,1528888888.88,,,0.175,1528888888.88,733028.92,1515079147.63,0.0,,0.0321,48634040.64,0.0277,0.0,,23530.228310368955,0.0,,1613089617.6893296,,0.0,1.0,1466445106.9902997,0.5,0.0
FRC,BASE,D0002,20260618,0.145,0.015,,1457222222.21,0.0,0.0,1457222222.21,,,0.16,1457222222.21,638782.34,1451310949.38,0.0,,0.0321,46587081.47,0.0277,0.0,,20504.9132418409,0.0,,1545196254.690873,,0.0,1.0,1404723867.9007933,0.5,0.0
FRC,BASE,D0002,20261130,0.145,0.015,,1457222222.21,0.0,0.0,1457222222.21,,,0.16,1457222222.21,638782.34,1556091215.74,0.0,,0.0321,49950528.03,0.0277,0.0,,20504.91324183345,0.0,,1656754756.483164,,0.0,1.0,1506140687.7119672,0.5,0.0
FRC,BASE,D0002,20251025,0.17,0.015,,1648333333.33,0.0,0.0,1648333333.33,,,0.185,1648333333.33,835456.62,1640727912.85,0.0,,0.0321,52667366.0,0.0277,0.0,,26818.15753418952,0.0,,1746866601.5337622,,0.0,1.0,1588060546.8488746,0.5,0.0
FRC,BASE,D0002,20260214,0.16,0.015,,1552777777.77,0.0,0.0,1552777777.77,,,0.175,1552777777.77,744482.5,1544764773.58,0.0,,0.0321,49586949.23,0.0277,0.0,,23897.888127729297,0.0,,1644695606.7799506,,0.0,1.0,1495177824.3454096,0.5,0.0
FRC,BASE,D0002,20251203,0.17,0.015,,1600555555.55,0.0,0.0,1600555555.55,,,0.185,1600555555.55,811240.49,1580096358.44,0.0,,0.0321,50721093.11,0.0277,0.0,,26040.819634608924,0.0,,1682312791.8669918,,0.0,1.0,1529375265.333629,0.5,0.0
FRC,BASE,D0002,20260311,0.16,0.015,,1528888888.88,0.0,0.0,1528888888.88,,,0.175,1528888888.88,733028.92,1518011263.31,0.0,,0.0321,48728161.55,0.0277,0.0,,23530.228310361505,0.0,,1616211411.9297984,,0.0,1.0,1469283101.754362,0.5,0.0
FRC,BASE,D0001,20261220,0.125,0.01,,13969663275.6,0.0,0.0,13969663275.6,,,0.135,13969663275.6,5166861.76,15255139805.49,0.0,,0.0633,965650349.69,0.03165,-68030899.99,,327062.3493742943,0.0,,15718438401.379717,,-1040722306.5842428,1.0,14289489455.799742,0.5,-1040722306.5842428
FRC,BASE,D0002,20270210,0.125,0.015,,1457222222.21,0.0,0.0,1457222222.21,,,0.14,1457222222.21,558934.55,1596334503.41,0.0,,0.0321,51242337.56,0.0277,0.0,,17941.799086607993,0.0,,1699601382.433489,,0.0,1.0,1545092165.8486266,0.5,0.0
FRC,BASE,D0002,20261027,0.145,0.015,,1457222222.21,0.0,0.0,1457222222.21,,,0.16,1457222222.21,638782.34,1534372616.04,0.0,,0.0321,49253360.97,0.0277,0.0,,20504.91324183345,0.0,,1633631180.5734646,,0.0,1.0,1485119255.0667858,0.5,0.0
FRC,BASE,D0002,20251112,0.17,0.015,,1624444444.44,0.0,0.0,1624444444.44,,,0.185,1624444444.44,823348.55,1609067363.01,0.0,,0.0321,51651062.35,0.0277,0.0,,26429.488584399223,0.0,,1713157930.7186418,,0.0,1.0,1557416300.6533103,0.5,0.0
FRC,BASE,D0002,20260707,0.142,0.015,,1457222222.21,0.0,0.0,1457222222.21,,,0.157,1457222222.21,628801.37,1463377947.09,0.0,,0.0321,46974432.1,0.0277,0.0,,20184.523972436786,0.0,,1558043866.4899662,,0.0,1.0,1416403514.990878,0.5,0.0
FRC,BASE,D0002,20261013,0.145,0.015,,1457222222.21,0.0,0.0,1457222222.21,,,0.16,1457222222.21,638782.34,1525429663.23,0.0,,0.0321,48966292.19,0.0277,0.0,,20504.91324183345,0.0,,1624109708.1400585,,0.0,1.0,1476463371.0364168,0.5,0.0
FRC,BASE,D0002,20260405,0.15,0.015,,1504999999.99,0.0,0.0,1504999999.99,,,0.165,1504999999.99,680342.47,1490785456.61,0.0,,0.0321,47854213.16,0.0277,0.0,,21838.993150539696,0.0,,1587224367.7985249,,0.0,1.0,1442931243.4532044,0.5,0.0
FRC,BASE,D0002,20260226,0.16,0.015,,1552777777.77,0.0,0.0,1552777777.77,,,0.175,1552777777.77,744482.5,1553698563.53,0.0,,0.0321,49873723.89,0.0277,0.0,,23897.888127736747,0.0,,1654207323.6063871,,0.0,1.0,1503824839.64217,0.5,0.0
FRC,BASE,D0002,20260128,0.16,0.015,,1576666666.66,0.0,0.0,1576666666.66,,,0.175,1576666666.66,755936.07,1577642265.97,0.0,,0.0321,50642316.74,0.0277,0.0,,24265.54794510454,0.0,,1679699944.157085,,0.0,1.0,1526999949.2337134,0.5,0.0
FRC,BASE,D0001,20261224,0.125,0.01,,13969663275.6,0.0,0.0,13969663275.6,,,0.135,13969663275.6,5166861.76,15275807252.52,0.0,,0.0633,966958599.08,0.03165,-68030899.99,,327062.3493742943,0.0,,15739733518.784132,,-1040722306.5842428,1.0,14308848653.44012,0.5,-1040722306.5842428
FRC,BASE,D0002,20260124,0.16,0.015,,1576666666.66,0.0,0.0,1576666666.66,,,0.175,1576666666.66,755936.07,1574618521.68,0.0,,0.0321,50545254.55,0.0277,0.0,,24265.54794510454,0.0,,1676480593.8465965,,0.0,1.0,1524073267.1332693,0.5,0.0
FRC,BASE,D0001,20260915,0.145,0.01,,11969663275.6,0.0,0.0,11969663275.6,,,0.155,11969663275.6,5083007.69,12710288506.22,0.0,,0.0633,804561262.44,0.03165,90219100.01,,321754.38692748547,0.0,,13096299968.15897,,1380152693.4157572,1.0,11905727243.78088,0.5,1380152693.4157572
FRC,BASE,D0001,20270103,0.125,0.01,,13969663275.6,0.0,0.0,13969663275.6,,,0.135,13969663275.6,5166861.76,15327475870.12,0.0,,0.0633,970229222.58,0.03165,-68030899.99,,327062.3493742943,0.0,,15792971312.295166,,-1040722306.5842428,1.0,14357246647.54106,0.5,-1040722306.5842428
FRC,BASE,D0002,20260615,0.145,0.015,,1457222222.21,0.0,0.0,1457222222.21,,,0.16,1457222222.21,638782.34,1449394602.34,0.0,,0.0321,46525566.74,0.0277,0.0,,20504.91324183345,0.0,,1543155939.1694288,,0.0,1.0,1402869035.6085715,0.5,0.0
FRC,BASE,D0002,20251022,0.17,0.015,,1648333333.33,0.0,0.0,1648333333.33,,,0.185,1648333333.33,835456.62,1638221542.99,0.0,,0.0321,52586911.53,0.0277,0.0,,26818.157534196973,0.0,,1744198094.6043158,,0.0,1.0,1585634631.458469,0.5,0.0
FRC,BASE,D0002,20251122,0.17,0.015,,1624444444.44,0.0,0.0,1624444444.44,,,0.185,1624444444.44,823348.55,1617300848.55,0.0,,0.0321,51915357.24,0.0277,0.0,,26429.488584414124,0.0,,1721924040.438557,,0.0,1.0,1565385491.3077788,0.5,0.0
FRC,BASE,D0002,20260504,0.15,0.015,,1481111111.1,0.0,0.0,1481111111.1,,,0.165,1481111111.1,669543.38,1465889552.88,0.0,,0.0321,47055054.65,0.0277,0.0,,21492.34246559441,0.0,,1560717948.055895,,0.0,1.0,1418834498.2326317,0.5,0.0
FRC,BASE,D0002,20250909,0.18,0.015,,1672222222.22,0.0,0.0,1672222222.22,,,0.195,1672222222.22,893379.0,1648695511.79,0.0,,0.0321,52923125.93,0.0277,0.0,,28677.465753391385,0.0,,1755349624.4493744,,0.0,1.0,1595772385.8630676,0.5,0.0
FRC,BASE,D0002,20251205,0.17,0.015,,1600555555.55,0.0,0.0,1600555555.55,,,0.185,1600555555.55,811240.49,1581718839.41,0.0,,0.0321,50773174.75,0.0277,0.0,,26040.819634608924,0.0,,1684040231.1353264,,0.0,1.0,1530945664.6684785,0.5,0.0
FRC,BASE,D0002,20260623,0.145,0.015,,1457222222.21,0.0,0.0,1457222222.21,,,0.16,1457222222.21,638782.34,1454504861.1,0.0,,0.0321,46689606.04,0.0277,0.0,,20504.91324183345,0.0,,1548596780.5599463,,0.0,1.0,1407815255.0544963,0.5,0.0
FRC,BASE,D0002,20260516,0.15,0.015,,1481111111.1,0.0,0.0,1481111111.1,,,0.165,1481111111.1,669543.38,1473924073.43,0.0,,0.0321,47312962.76,0.0277,0.0,,21492.34246558696,0.0,,1569272221.7380228,,0.0,1.0,1426611110.6709297,0.5,0.0
FRC,BASE,D0002,20261111,0.145,0.015,,1457222222.21,0.0,0.0,1457222222.21,,,0.16,1457222222.21,638782.34,1543954351.2,0.0,,0.0321,49560934.67,0.0277,0.0,,20504.91324183345,0.0,,1643832758.1806848,,0.0,1.0,1494393416.5278952,0.5,0.0
FRC,BASE,D0001,20260921,0.145,0.01,,11969663275.6,0.0,0.0,11969663275.6,,,0.155,11969663275.6,5083007.69,12740786552.38,0.0,,0.0633,806491788.77,0.03165,90219100.01,,321754.38692748547,0.0,,13127724239.97494,,1380152693.4157572,1.0,11934294763.613585,0.5,1380152693.4157572
FRC,BASE,D0001,20260815,0.142,0.01,,11969663275.6,0.0,0.0,11969663275.6,,,0.152,11969663275.6,5001023.7,12554027011.68,0.0,,0.0633,794669909.84,0.03165,90219100.01,,316564.8000416756,0.0,,12935292812.026588,,1380152693.4157572,1.0,11759357101.84235,0.5,1380152693.4157572
FRC,BASE,D0002,20251217,0.17,0.015,,1600555555.55,0.0,0.0,1600555555.55,,,0.185,1600555555.55,811240.49,1591453725.26,0.0,,0.0321,51085664.58,0.0277,0.0,,26040.81963461637,0.0,,1694404866.7453363,,0.0,1.0,1540368060.6775784,0.5,0.0
FRC,BASE,D0002,20270106,0.125,0.015,,1457222222.21,0.0,0.0,1457222222.21,,,0.14,1457222222.21,558934.55,1576771794.12,0.0,,0.0321,50614374.59,0.0277,0.0,,17941.799086607993,0.0,,1678773161.4854145,,0.0,1.0,1526157419.5321949,0.5,0.0
FRC,BASE,D0001,20270207,0.125,0.01,,8969663275.6,0.0,0.0,8969663275.6,,,0.135,8969663275.6,3317546.69,10274548908.41,0.0,,0.0633,650378945.9,0.03165,90219100.01,,210000.7055387497,0.0,,10586586958.761871,,1380152693.4157572,1.0,9624169962.510794,0.5,1380152693.4157572
FRC,BASE,D0002,20260927,0.145,0.015,,1457222222.21,0.0,0.0,1457222222.21,,,0.16,1457222222.21,638782.34,1515209145.72,0.0,,0.0321,48638213.58,0.0277,0.0,,20504.9132418409,0.0,,1613228025.3590238,,0.0,1.0,1466570932.144567,0.5,0.0
FRC,BASE,D0001,20260903,0.145,0.01,,11969663275.6,0.0,0.0,11969663275.6,,,0.155,11969663275.6,5083007.69,12649292413.92,0.0,,0.0633,800700209.8,0.03165,90219100.01,,321754.3869276047,0.0,,13033451424.52702,,1380152693.4157572,1.0,11848592204.11547,0.5,1380152693.4157572
FRC,BASE,D0002,20260725,0.142,0.015,,1457222222.21,0.0,0.0,1457222222.21,,,0.157,1457222222.21,628801.37,1474696371.75,0.0,,0.0321,47337753.53,0.0277,0.0,,20184.52397242933,0.0,,1570094480.0384953,,0.0,1.0,1427358618.2168138,0.5,0.0
FRC,BASE,D0001,20260713,0.142,0.01,,11969663275.6,0.0,0.0,11969663275.6,,,0.152,11969663275.6,5001023.7,12388993229.67,0.0,,0.0633,784223271.44,0.03165,90219100.01,,316564.8000415564,0.0,,12765246954.054665,,1380152693.4157572,1.0,11604769958.231512,0.5,1380152693.4157572
FRC,BASE,D0002,20270219,0.125,0.015,,1457222222.21,0.0,0.0,1457222222.21,,,0.14,1457222222.21,558934.55,1601364914.37,0.0,,0.0321,51403813.75,0.0277,0.0,,17941.799086607993,0.0,,1704957210.6772802,,0.0,1.0,1549961100.615709,0.5,0.0
FRC,BASE,D0002,20261019,0.145,0.015,,1457222222.21,0.0,0.0,1457222222.21,,,0.16,1457222222.21,638782.34,1529262357.29,0.0,,0.0321,49089321.67,0.0277,0.0,,20504.9132418409,0.0,,1628190339.1829467,,0.0,1.0,1480173035.6208606,0.5,0.0
FRC,BASE,D0002,20260924,0.145,0.015,,1457222222.21,0.0,0.0,1457222222.21,,,0.16,1457222222.21,638782.34,1513292798.69,0.0,,0.0321,48576698.84,0.0277,0.0,,20504.91324183345,0.0,,1611187709.8375795,,0.0,1.0,1464716099.852345,0.5,0.0
FRC,BASE,D0001,20261028,0.145,0.01,,13969663275.6,0.0,0.0,13969663275.6,,,0.155,13969663275.6,5932322.76,14956035919.19,0.0,,0.0633,946717073.68,0.03165,-68030899.99,,375516.03076314926,0.0,,15410250730.054724,,-1040722306.5842428,1.0,14009318845.504292,0.5,-1040722306.5842428
FRC,BASE,D0002,20261018,0.145,0.015,,1457222222.21,0.0,0.0,1457222222.21,,,0.16,1457222222.21,638782.34,1528623574.95,0.0,,0.0321,49068816.76,0.0277,0.0,,20504.91324183345,0.0,,1627510234.009132,,0.0,1.0,1479554758.19012,0.5,0.0
FRC,BASE,D0002,20260824,0.142,0.015,,1457222222.21,0.0,0.0,1457222222.21,,,0.157,1457222222.21,628801.37,1493560412.85,0.0,,0.0321,47943289.25,0.0277,0.0,,20184.523972436786,0.0,,1590178835.95271,,0.0,1.0,1445617123.5933726,0.5,0.0
FRC,BASE,D0002,20270202,0.125,0.015,,1457222222.21,0.0,0.0,1457222222.21,,,0.14,1457222222.21,558934.55,1591863027.0,0.0,,0.0321,51098803.17,0.0277,0.0,,17941.799086600542,0.0,,1694840646.2167866,,0.0,1.0,1540764223.8334422,0.5,0.0
FRC,BASE,D0001,20261013,0.145,0.01,,16969663275.6,0.0,0.0,16969663275.6,,,0.155,16969663275.6,7206295.36,17856859296.95,0.0,,0.0633,1130339193.5,0.03165,-68030899.99,,456158.49651670456,0.0,,18399172113.802456,,-1040722306.5842428,1.0,16726520103.456778,0.5,-1040722306.5842428
FRC,BASE,D0002,20250902,0.18,0.015,,1672222222.22,0.0,0.0,1672222222.22,,,0.195,1672222222.22,893379.0,1642441858.82,0.0,,0.0321,52722383.67,0.0277,0.0,,28677.465753391385,0.0,,1748691422.6708448,,0.0,1.0,1589719475.1553133,0.5,0.0
FRC,BASE,D0001,20261019,0.145,0.01,,16969663275.6,0.0,0.0,16969663275.6,,,0.155,16969663275.6,7206295.36,17900097069.14,0.0,,0.0633,1133076144.48,0.03165,-68030899.99,,456158.4965164661,0.0,,18443723017.12528,,-1040722306.5842428,1.0,16767020924.659346,0.5,-1040722306.5842428
FRC,BASE,D0001,20270219,0.125,0.01,,8969663275.6,0.0,0.0,8969663275.6,,,0.135,8969663275.6,3317546.69,10314359468.71,0.0,,0.0633,652898954.37,0.03165,90219100.01,,210000.7055387497,0.0,,10627606565.769636,,1380152693.4157572,1.0,9661460514.336033,0.5,1380152693.4157572
FRC,BASE,D0002,20260514,0.15,0.015,,1481111111.1,0.0,0.0,1481111111.1,,,0.165,1481111111.1,669543.38,1472584986.67,0.0,,0.0321,47269978.07,0.0277,0.0,,21492.34246559441,0.0,,1567846509.457668,,0.0,1.0,1425315008.59788,0.5,0.0
FRC,BASE,D0001,20260904,0.145,0.01,,11969663275.6,0.0,0.0,11969663275.6,,,0.155,11969663275.6,5083007.69,12654375421.61,0.0,,0.0633,801021964.19,0.03165,90219100.01,,321754.38692748547,0.0,,13038688803.163015,,1380152693.4157572,1.0,11853353457.420923,0.5,1380152693.4157572
FRC,BASE,D0002,20251227,0.16,0.015,,1600555555.55,0.0,0.0,1600555555.55,,,0.175,1600555555.55,767389.65,1599303025.11,0.0,,0.0321,51337627.11,0.0277,0.0,,24633.20776247233,0.0,,1702761937.800254,,0.0,1.0,1547965398.0002308,0.5,0.0
FRC,BASE,D0002,20261219,0.125,0.015,,1457222222.21,0.0,0.0,1457222222.21,,,0.14,1457222222.21,558934.55,1566710972.21,0.0,,0.0321,50291422.21,0.0277,0.0,,17941.799086615443,0.0,,1668061504.997833,,0.0,1.0,1516419549.99803,0.5,0.0
FRC,BASE,D0001,20261018,0.145,0.01,,16969663275.6,0.0,0.0,16969663275.6,,,0.155,16969663275.6,7206295.36,17892890773.77,0.0,,0.0633,1132619985.98,0.03165,-68030899.99,,456158.49651670456,0.0,,18436297866.57148,,-1040722306.5842428,1.0,16760270787.79225,0.5,-1040722306.5842428
FRC,BASE,D0002,20270224,0.125,0.015,,1457222222.21,0.0,0.0,1457222222.21,,,0.14,1457222222.21,558934.55,1604159587.12,0.0,,0.0321,51493522.75,0.0277,0.0,,17941.799086600542,0.0,,1707932670.812719,,0.0,1.0,1552666064.3751993,0.5,0.0
FRC,BASE,D0002,20250904,0.18,0.015,,1672222222.22,0.0,0.0,1672222222.22,,,0.195,1672222222.22,893379.0,1644228616.81,0.0,,0.0321,52779738.6,0.0277,0.0,,28677.465753391385,0.0,,1750593766.0361392,,0.0,1.0,1591448878.214672,0.5,0.0
FRC,BASE,D0002,20250824,0.18,0.015,,1696111111.11,0.0,0.0,1696111111.11,,,0.195,1696111111.11,906141.55,1681522526.64,0.0,,0.0321,53976873.1,0.0277,0.0,,29087.14383558929,0.0,,1790300218.8831336,,0.0,1.0,1627545653.530121,0.5,0.0
FRC,BASE,D0001,20261010,0.145,0.01,,11969663275.6,0.0,0.0,11969663275.6,,,0.155,11969663275.6,5083007.69,12837363698.53,0.0,,0.0633,812605122.12,0.03165,90219100.01,,321754.38692736626,0.0,,13227234434.05886,,1380152693.4157572,1.0,12024758576.417145,0.5,1380152693.4157572
FRC,BASE,D0002,20260817,0.142,0.015,,1457222222.21,0.0,0.0,1457222222.21,,,0.157,1457222222.21,628801.37,1489158803.26,0.0,,0.0321,47801997.58,0.0277,0.0,,20184.52397242933,0.0,,1585492486.2393932,,0.0,1.0,1441356805.6721756,0.5,0.0
FRC,BASE,D0002,20250930,0.17,0.015,,1672222222.22,0.0,0.0,1672222222.22,,,0.185,1672222222.22,847564.69,1666723441.78,0.0,,0.0321,53501822.48,0.0277,0.0,,27206.82648398727,0.0,,1774543781.2248435,,0.0,1.0,1613221619.2953124,0.5,0.0
FRC,BASE,D0002,20260929,0.145,0.015,,1457222222.21,0.0,0.0,1457222222.21,,,0.16,1457222222.21,638782.34,1516486710.41,0.0,,0.0321,48679223.4,0.0277,0.0,,20504.91324183345,0.0,,1614588235.706653,,0.0,1.0,1467807487.0060482,0.5,0.0
FRC,BASE,D0002,20260823,0.142,0.015,,1457222222.21,0.0,0.0,1457222222.21,,,0.157,1457222222.21,628801.37,1492931611.48,0.0,,0.0321,47923104.73,0.0277,0.0,,20184.52397242933,0.0,,1589509357.4222364,,0.0,1.0,1445008506.7474875,0.5,0.0
FRC,BASE,D0002,20260608,0.145,0.015,,1457222222.21,0.0,0.0,1457222222.21,,,0.16,1457222222.21,638782.34,1444923125.94,0.0,,0.0321,46382032.34,0.0277,0.0,,20504.91324183345,0.0,,1538395202.952726,,0.0,1.0,1398541093.5933871,0.5,0.0
FRC,BASE,D0002,20260826,0.142,0.015,,1457222222.21,0.0,0.0,1457222222.21,,,0.157,1457222222.21,628801.37,1494818015.59,0.0,,0.0321,47983658.3,0.0277,0.0,,20184.523972436786,0.0,,1591517793.0136578,,0.0,1.0,1446834357.2851434,0.5,0.0
FRC,BASE,D0001,20261219,0.125,0.01,,13969663275.6,0.0,0.0,13969663275.6,,,0.135,13969663275.6,5166861.76,15249972943.73,0.0,,0.0633,965323287.34,0.03165,-68030899.99,,327062.3493742943,0.0,,15713114622.028614,,-1040722306.5842428,1.0,14284649656.389648,0.5,-1040722306.5842428
FRC,BASE,D0001,20260808,0.142,0.01,,11969663275.6,0.0,0.0,11969663275.6,,,0.152,11969663275.6,5001023.7,12519019845.8,0.0,,0.0633,792453956.24,0.03165,90219100.01,,316564.8000416756,0.0,,12899222478.517391,,1380152693.4157572,1.0,11726565889.561264,0.5,1380152693.4157572
FRC,BASE,D0002,20261115,0.145,0.015,,1457222222.21,0.0,0.0,1457222222.21,,,0.16,1457222222.21,638782.34,1546509480.58,0.0,,0.0321,49642954.33,0.0277,0.0,,20504.91324183345,0.0,,1646553178.8759434,,0.0,1.0,1496866526.2508576,0.5,0.0
FRC,BASE,D0001,20260807,0.142,0.01,,11969663275.6,0.0,0.0,11969663275.6,,,0.152,11969663275.6,5001023.7,12514018822.1,0.0,,0.0633,792137391.44,0.03165,90219100.01,,316564.8000415564,0.0,,12894069573.730362,,1380152693.4157572,1.0,11721881430.663963,0.5,1380152693.4157572
FRC,BASE,D0002,20251018,0.17,0.015,,1648333333.33,0.0,0.0,1648333333.33,,,0.185,1648333333.33,835456.62,1634879716.5,0.0,,0.0321,52479638.9,0.0277,0.0,,26818.15753418952,0.0,,1740640085.3650532,,0.0,1.0,1582400077.6045938,0.5,0.0
FRC,BASE,D0002,20260328,0.15,0.015,,1528888888.88,0.0,0.0,1528888888.88,,,0.165,1528888888.88,691141.55,1530221430.73,0.0,,0.0321,49120107.93,0.0277,0.0,,22185.64383548498,0.0,,1629211455.0883224,,0.0,1.0,1481101322.8075657,0.5,0.0
FRC,BASE,D0002,20260505,0.15,0.015,,1481111111.1,0.0,0.0,1481111111.1,,,0.165,1481111111.1,669543.38,1466559096.26,0.0,,0.0321,47076546.99,0.0277,0.0,,21492.34246558696,0.0,,1561430804.1960723,,0.0,1.0,1419482549.2691565,0.5,0.0
FRC,BASE,D0002,20260714,0.142,0.015,,1457222222.21,0.0,0.0,1457222222.21,,,0.157,1457222222.21,628801.37,1467779556.68,0.0,,0.0321,47115723.77,0.0277,0.0,,20184.523972436786,0.0,,1562730216.2032828,,0.0,1.0,1420663832.9120753,0.5,0.0
FRC,BASE,D0002,20261231,0.125,0.015,,1457222222.21,0.0,0.0,1457222222.21,,,0.14,1457222222.21,558934.55,1573418186.82,0.0,,0.0321,50506723.8,0.0277,0.0,,17941.799086600542,0.0,,1675202609.3228874,,0.0,1.0,1522911463.0208066,0.5,0.0
FRC,BASE,D0001,20260729,0.142,0.01,,11969663275.6,0.0,0.0,11969663275.6,,,0.152,11969663275.6,5001023.7,12469009608.83,0.0,,0.0633,789288308.24,0.03165,90219100.01,,316564.8000415564,0.0,,12847693430.64711,,1380152693.4157572,1.0,11679721300.588282,0.5,1380152693.4157572
FRC,BASE,D0002,20250816,0.18,0.015,,1696111111.11,0.0,0.0,1696111111.11,,,0.195,1696111111.11,906141.55,1674273394.22,0.0,,0.0321,53744175.95,0.0277,0.0,,29087.14383558929,0.0,,1782582140.0867918,,0.0,1.0,1620529218.2607195,0.5,0.0
FRC,BASE,D0001,20270208,0.125,0.01,,8969663275.6,0.0,0.0,8969663275.6,,,0.135,8969663275.6,3317546.69,10277866455.1,0.0,,0.0633,650588946.61,0.03165,90219100.01,,210000.7055386305,0.0,,10590005259.345854,,1380152693.4157572,1.0,9627277508.49623,0.5,1380152693.4157572
FRC,BASE,D0001,20260801,0.142,0.01,,11969663275.6,0.0,0.0,11969663275.6,,,0.152,11969663275.6,5001023.7,12484012679.92,0.0,,0.0633,790238002.64,0.03165,90219100.01,,316564.8000416756,0.0,,12863152145.008194,,1380152693.4157572,1.0,11693774677.280176,0.5,1380152693.4157572
FRC,BASE,D0002,20260408,0.15,0.015,,1504999999.99,0.0,0.0,1504999999.99,,,0.165,1504999999.99,680342.47,1492826484.01,0.0,,0.0321,47919730.14,0.0277,0.0,,21838.993150547147,0.0,,1589397429.2580993,,0.0,1.0,1444906753.870999,0.5,0.0
FRC,BASE,D0001,20261101,0.145,0.01,,13969663275.6,0.0,0.0,13969663275.6,,,0.155,13969663275.6,5932322.76,14979765210.23,0.0,,0.0633,948219137.81,0.03165,-68030899.99,,375516.03076314926,0.0,,15434700679.6672,,-1040722306.5842428,1.0,14031546072.424726,0.5,-1040722306.5842428
FRC,BASE,D0002,20260103,0.16,0.015,,1576666666.66,0.0,0.0,1576666666.66,,,0.175,1576666666.66,755936.07,1558743864.14,0.0,,0.0321,50035678.04,0.0277,0.0,,24265.54794510454,0.0,,1659579004.7165308,,0.0,1.0,1508708186.105937,0.5,0.0
FRC,BASE,D0001,20260704,0.142,0.01,,11969663275.6,0.0,0.0,11969663275.6,,,0.152,11969663275.6,5001023.7,12343984016.39,0.0,,0.0633,781374188.24,0.03165,90219100.01,,316564.8000415564,0.0,,12718870810.971413,,1380152693.4157572,1.0,11562609828.155828,0.5,1380152693.4157572
FRC,BASE,D0002,20260607,0.145,0.015,,1457222222.21,0.0,0.0,1457222222.21,,,0.16,1457222222.21,638782.34,1444284343.59,0.0,,0.0321,46361527.43,0.0277,0.0,,20504.9132418409,0.0,,1537715097.7789114,,0.0,1.0,1397922816.1626463,0.5,0.0
FRC,BASE,D0002,20270127,0.125,0.015,,1457222222.21,0.0,0.0,1457222222.21,,,0.14,1457222222.21,558934.55,1588509419.69,0.0,,0.0321,50991152.37,0.0277,0.0,,17941.799086615443,0.0,,1691270094.0542595,,0.0,1.0,1537518267.322054,0.5,0.0
FRC,BASE,D0002,20260811,0.142,0.015,,1457222222.21,0.0,0.0,1457222222.21,,,0.157,1457222222.21,628801.37,1485385995.04,0.0,,0.0321,47680890.44,0.0277,0.0,,20184.523972436786,0.0,,1581475615.0565505,,0.0,1.0,1437705104.5968635,0.5,0.0
FRC,BASE,D0002,20260306,0.16,0.015,,1528888888.88,0.0,0.0,1528888888.88,,,0.175,1528888888.88,733028.92,1514346118.71,0.0,,0.0321,48610510.41,0.0277,0.0,,23530.228310368955,0.0,,1612309169.129212,,0.0,1.0,1465735608.2992835,0.5,0.0
FRC,BASE,D0001,20270126,0.125,0.01,,8969663275.6,0.0,0.0,8969663275.6,,,0.135,8969663275.6,3317546.69,10234738348.12,0.0,,0.0633,647858937.44,0.03165,90219100.01,,210000.7055387497,0.0,,10545567351.75411,,1380152693.4157572,1.0,9586879410.685556,0.5,1380152693.4157572
FRC,BASE,D0001,20260902,0.145,0.01,,11969663275.6,0.0,0.0,11969663275.6,,,0.155,11969663275.6,5083007.69,12644209406.22,0.0,,0.0633,800378455.41,0.03165,90219100.01,,321754.38692748547,0.0,,13028214045.891026,,1380152693.4157572,1.0,11843830950.810022,0.5,1380152693.4157572
FRC,BASE,D0002,20251202,0.17,0.015,,1600555555.55,0.0,0.0,1600555555.55,,,0.185,1600555555.55,811240.49,1579285117.95,0.0,,0.0321,50695052.29,0.0277,0.0,,26040.81963461637,0.0,,1681449072.2328243,,0.0,1.0,1528590065.6662035,0.5,0.0
FRC,BASE,D0002,20270111,0.125,0.015,,1457222222.21,0.0,0.0,1457222222.21,,,0.14,1457222222.21,558934.55,1579566466.88,0.0,,0.0321,50704083.59,0.0277,0.0,,17941.799086607993,0.0,,1681748621.6208537,,0.0,1.0,1528862383.291685,0.5,0.0
FRC,BASE,D0002,20261210,0.125,0.015,,1457222222.21,0.0,0.0,1457222222.21,,,0.14,1457222222.21,558934.55,1561680561.25,0.0,,0.0321,50129946.02,0.0277,0.0,,17941.799086607993,0.0,,1662705676.7540424,,0.0,1.0,1511550615.2309475,0.5,0.0
FRC,BASE,D0002,20251228,0.16,0.015,,1600555555.55,0.0,0.0,1600555555.55,,,0.175,1600555555.55,767389.65,1600070414.76,0.0,,0.0321,51362260.31,0.0277,0.0,,24633.20776247233,0.0,,1703578969.8866286,,0.0,1.0,1548708154.4423895,0.5,0.0
FRC,BASE,D0001,20260909,0.145,0.01,,11969663275.6,0.0,0.0,11969663275.6,,,0.155,11969663275.6,5083007.69,12679790460.07,0.0,,0.0633,802630736.12,0.03165,90219100.01,,321754.3869276047,0.0,,13064875696.342993,,1380152693.4157572,1.0,11877159723.948174,0.5,1380152693.4157572
FRC,BASE,D0002,20260928,0.145,0.015,,1457222222.21,0.0,0.0,1457222222.21,,,0.16,1457222222.21,638782.34,1515847928.07,0.0,,0.0321,48658718.49,0.0277,0.0,,20504.91324183345,0.0,,1613908130.5328386,,0.0,1.0,1467189209.5753076,0.5,0.0
FRC,BASE,D0002,20270227,0.125,0.015,,1457222222.21,0.0,0.0,1457222222.21,,,0.14,1457222222.21,558934.55,1605836390.77,0.0,,0.0321,51547348.14,0.0277,0.0,,17941.799086607993,0.0,,1709717946.893983,,0.0,1.0,1554289042.6308937,0.5,0.0
FRC,BASE,D0002,20260524,0.15,0.015,,1481111111.1,0.0,0.0,1481111111.1,,,0.165,1481111111.1,669543.38,1479280420.46,0.0,,0.0321,47484901.5,0.0277,0.0,,21492.34246559441,0.0,,1574975070.859441,,0.0,1.0,1431795518.963128,0.5,0.0
FRC,BASE,D0001,20261110,0.145,0.01,,13969663275.6,0.0,0.0,13969663275.6,,,0.155,13969663275.6,5932322.76,15033156115.08,0.0,,0.0633,951598782.08,0.03165,-68030899.99,,375516.03076303005,0.0,,15489713066.29527,,-1040722306.5842428,1.0,14081557332.9957,0.5,-1040722306.5842428
FRC,BASE,D0002,20251126,0.17,0.015,,1624444444.44,0.0,0.0,1624444444.44,,,0.185,1624444444.44,823348.55,1620594242.76,0.0,,0.0321,52021075.19,0.0277,0.0,,26429.488584399223,0.0,,1725430484.326523,,0.0,1.0,1568573167.5695662,0.5,0.0
FRC,BASE,D0002,20260926,0.145,0.015,,1457222222.21,0.0,0.0,1457222222.21,,,0.16,1457222222.21,638782.34,1514570363.38,0.0,,0.0321,48617708.66,0.0277,0.0,,20504.91324183345,0.0,,1612547920.185209,,0.0,1.0,1465952654.7138262,0.5,0.0
FRC,BASE,D0001,20270131,0.125,0.01,,8969663275.6,0.0,0.0,8969663275.6,,,0.135,8969663275.6,3317546.69,10251326081.58,0.0,,0.0633,648908940.96,0.03165,90219100.01,,210000.7055387497,0.0,,10562658854.67401,,1380152693.4157572,1.0,9602417140.612736,0.5,1380152693.4157572
FRC,BASE,D0002,20261225,0.125,0.015,,1457222222.21,0.0,0.0,1457222222.21,,,0.14,1457222222.21,558934.55,1570064579.51,0.0,,0.0321,50399073.0,0.0277,0.0,,17941.799086607993,0.0,,1671632057.16036,,0.0,1.0,1519665506.5094182,0.5,0.0
FRC,BASE,D0001,20270210,0.125,0.01,,8969663275.6,0.0,0.0,8969663275.6,,,0.135,8969663275.6,3317546.69,10284501548.49,0.0,,0.0633,651008948.02,0.03165,90219100.01,,210000.7055387497,0.0,,10596841860.513811,,1380152693.4157572,1.0,9633492600.467102,0.5,1380152693.4157572
FRC,BASE,D0002,20270119,0.125,0.015,,1457222222.21,0.0,0.0,1457222222.21,,,0.14,1457222222.21,558934.55,1584037943.29,0.0,,0.0321,50847617.98,0.0277,0.0,,17941.799086600542,0.0,,1686509357.8375566,,0.0,1.0,1533190325.3068695,0.5,0.0
FRC,BASE,D0002,20261016,0.145,0.015,,1457222222.21,0.0,0.0,1457222222.21,,,0.16,1457222222.21,638782.34,1527346010.26,0.0,,0.0321,49027806.93,0.0277,0.0,,20504.91324183345,0.0,,1626150023.6615028,,0.0,1.0,1478318203.3286388,0.5,0.0
FRC,BASE,D0001,20260923,0.145,0.01,,11969663275.6,0.0,0.0,11969663275.6,,,0.155,11969663275.6,5083007.69,12750952567.76,0.0,,0.0633,807135297.54,0.03165,90219100.01,,321754.38692748547,0.0,,13138198997.246931,,1380152693.4157572,1.0,11943817270.224483,0.5,1380152693.4157572
FRC,BASE,D0002,20261230,0.125,0.015,,1457222222.21,0.0,0.0,1457222222.21,,,0.14,1457222222.21,558934.55,1572859252.27,0.0,,0.0321,50488782.0,0.0277,0.0,,17941.799086607993,0.0,,1674607517.2957995,,0.0,1.0,1522370470.2689085,0.5,0.0
FRC,BASE,D0002,20251207,0.17,0.015,,1600555555.55,0.0,0.0,1600555555.55,,,0.185,1600555555.55,811240.49,1583341320.39,0.0,,0.0321,50825256.38,0.0277,0.0,,26040.81963461637,0.0,,1685767670.4036615,,0.0,1.0,1532516064.0033286,0.5,0.0
FRC,BASE,D0001,20261011,0.145,0.01,,11969663275.6,0.0,0.0,11969663275.6,,,0.155,11969663275.6,5083007.69,12842446706.23,0.0,,0.0633,812926876.5,0.03165,90219100.01,,321754.3869276047,0.0,,13232471812.694853,,1380152693.4157572,1.0,12029519829.722591,0.5,1380152693.4157572
FRC,BASE,D0001,20260908,0.145,0.01,,11969663275.6,0.0,0.0,11969663275.6,,,0.155,11969663275.6,5083007.69,12674707452.38,0.0,,0.0633,802308981.74,0.03165,90219100.01,,321754.38692736626,0.0,,13059638317.707,,1380152693.4157572,1.0,11872398470.642723,0.5,1380152693.4157572
FRC,BASE,D0001,20261119,0.145,0.01,,13969663275.6,0.0,0.0,13969663275.6,,,0.155,13969663275.6,5932322.76,15086547019.93,0.0,,0.0633,954978426.36,0.03165,-68030899.99,,375516.03076314926,0.0,,15544725452.92334,,-1040722306.5842428,1.0,14131568593.566671,0.5,-1040722306.5842428
FRC,BASE,D0002,20270107,0.125,0.015,,1457222222.21,0.0,0.0,1457222222.21,,,0.14,1457222222.21,558934.55,1577330728.67,0.0,,0.0321,50632316.39,0.0277,0.0,,17941.799086607993,0.0,,1679368253.5125024,,0.0,1.0,1526698412.284093,0.5,0.0
FRC,BASE,D0002,20251017,0.17,0.015,,1648333333.33,0.0,0.0,1648333333.33,,,0.185,1648333333.33,835456.62,1634044259.88,0.0,,0.0321,52452820.74,0.0277,0.0,,26818.157534196973,0.0,,1739750583.0552375,,0.0,1.0,1581591439.141125,0.5,0.0
FRC,BASE,D0001,20270211,0.125,0.01,,8969663275.6,0.0,0.0,8969663275.6,,,0.135,8969663275.6,3317546.69,10287819095.18,0.0,,0.0633,651218948.72,0.03165,90219100.01,,210000.7055387497,0.0,,10600260161.097794,,1380152693.4157572,1.0,9636600146.45254,0.5,1380152693.4157572
FRC,BASE,D0002,20270220,0.125,0.015,,1457222222.21,0.0,0.0,1457222222.21,,,0.14,1457222222.21,558934.55,1601923848.92,0.0,,0.0321,51421755.55,0.0277,0.0,,17941.799086600542,0.0,,1705552302.704368,,0.0,1.0,1550502093.367607,0.5,0.0
FRC,BASE,D0001,20260707,0.142,0.01,,11969663275.6,0.0,0.0,11969663275.6,,,0.152,11969663275.6,5001023.7,12358987087.49,0.0,,0.0633,782323882.64,0.03165,90219100.01,,316564.8000416756,0.0,,12734329525.332497,,1380152693.4157572,1.0,11576663204.847725,0.5,1380152693.4157572
FRC,BASE,D0002,20260430,0.15,0.015,,1504999999.99,0.0,0.0,1504999999.99,,,0.165,1504999999.99,680342.47,1507794018.25,0.0,,0.0321,48400187.99,0.0277,0.0,,21838.993150539696,0.0,,1605333213.2949796,,0.0,1.0,1459393830.2681632,0.5,0.0
FRC,BASE,D0002,20260313,0.16,0.015,,1528888888.88,0.0,0.0,1528888888.88,,,0.175,1528888888.88,733028.92,1519477321.15,0.0,,0.0321,48775222.01,0.0277,0.0,,23530.228310368955,0.0,,1617772309.0500329,,0.0,1.0,1470702099.1363933,0.5,0.0
FRC,BASE,D0001,20270224,0.125,0.01,,8969663275.6,0.0,0.0,8969663275.6,,,0.135,8969663275.6,3317546.69,10330947202.16,0.0,,0.0633,653948957.9,0.03165,90219100.01,,210000.7055387497,0.0,,10644698068.689535,,1380152693.4157572,1.0,9676998244.263214,0.5,1380152693.4157572
FRC,BASE,D0001,20261109,0.145,0.01,,13969663275.6,0.0,0.0,13969663275.6,,,0.155,13969663275.6,5932322.76,15027223792.32,0.0,,0.0633,951223266.05,0.03165,-68030899.99,,375516.03076314926,0.0,,15483600578.89215,,-1040722306.5842428,1.0,14076000526.26559,0.5,-1040722306.5842428
FRC,BASE,D0002,20261024,0.145,0.015,,1457222222.21,0.0,0.0,1457222222.21,,,0.16,1457222222.21,638782.34,1532456269.01,0.0,,0.0321,49191846.24,0.0277,0.0,,20504.91324183345,0.0,,1631590865.0520203,,0.0,1.0,1483264422.7745638,0.5,0.0
FRC,BASE,D0002,20260522,0.15,0.015,,1481111111.1,0.0,0.0,1481111111.1,,,0.165,1481111111.1,669543.38,1477941333.7,0.0,,0.0321,47441916.81,0.0277,0.0,,21492.34246558696,0.0,,1573549358.5790863,,0.0,1.0,1430499416.8900783,0.5,0.0
FRC,BASE,D0001,20261020,0.145,0.01,,16969663275.6,0.0,0.0,16969663275.6,,,0.155,16969663275.6,7206295.36,17907303364.5,0.0,,0.0633,1133532302.97,0.03165,-68030899.99,,456158.49651670456,0.0,,18451148167.679085,,-1040722306.5842428,1.0,16773771061.52644,0.5,-1040722306.5842428
FRC,BASE,D0001,20261001,0.145,0.01,,11969663275.6,0.0,0.0,11969663275.6,,,0.155,11969663275.6,5083007.69,12791616629.3,0.0,,0.0633,809709332.63,0.03165,90219100.01,,321754.38692748547,0.0,,13180098026.334896,,1380152693.4157572,1.0,11981907296.668089,0.5,1380152693.4157572
FRC,BASE,D0002,20260903,0.145,0.015,,1457222222.21,0.0,0.0,1457222222.21,,,0.16,1457222222.21,638782.34,1499878369.47,0.0,,0.0321,48146095.66,0.0277,0.0,,20504.91324183345,0.0,,1596905501.1874712,,0.0,1.0,1451732273.8067918,0.5,0.0
FRC,BASE,D0001,20260914,0.145,0.01,,11969663275.6,0.0,0.0,11969663275.6,,,0.155,11969663275.6,5083007.69,12705205498.53,0.0,,0.0633,804239508.06,0.03165,90219100.01,,321754.3869276047,0.0,,13091062589.522972,,1380152693.4157572,1.0,11900965990.475428,0.5,1380152693.4157572
FRC,BASE,D0002,20261218,0.125,0.015,,1457222222.21,0.0,0.0,1457222222.21,,,0.14,1457222222.21,558934.55,1566152037.65,0.0,,0.0321,50273480.41,0.0277,0.0,,17941.799086600542,0.0,,1667466412.970745,,0.0,1.0,1515878557.246132,0.5,0.0
FRC,BASE,D0002,20260807,0.142,0.015,,1457222222.21,0.0,0.0,1457222222.21,,,0.157,1457222222.21,628801.37,1482870789.56,0.0,,0.0321,47600152.34,0.0277,0.0,,20184.523972436786,0.0,,1578797700.934655,,0.0,1.0,1435270637.2133226,0.5,0.0
FRC,BASE,D0001,20270115,0.125,0.01,,8969663275.6,0.0,0.0,8969663275.6,,,0.135,8969663275.6,3317546.69,10198245334.52,0.0,,0.0633,645548929.68,0.03165,90219100.01,,210000.7055387497,0.0,,10507966045.330326,,1380152693.4157572,1.0,9552696404.84575,0.5,1380152693.4157572
FRC,BASE,D0002,20251030,0.17,0.015,,1648333333.33,0.0,0.0,1648333333.33,,,0.185,1648333333.33,835456.62,1644905195.96,0.0,,0.0321,52801456.79,0.0277,0.0,,26818.15753418952,0.0,,1751314113.0828402,,0.0,1.0,1592103739.1662183,0.5,0.0
FRC,BASE,D0001,20260824,0.142,0.01,,11969663275.6,0.0,0.0,11969663275.6,,,0.152,11969663275.6,5001023.7,12599036224.96,0.0,,0.0633,797518993.04,0.03165,90219100.01,,316564.8000416756,0.0,,12981668955.109837,,1380152693.4157572,1.0,11801517231.918032,0.5,1380152693.4157572
FRC,BASE,D0002,20270124,0.125,0.015,,1457222222.21,0.0,0.0,1457222222.21,,,0.14,1457222222.21,558934.55,1586832616.04,0.0,,0.0321,50937326.97,0.0277,0.0,,17941.799086607993,0.0,,1689484817.9729958,,0.0,1.0,1535895289.0663598,0.5,0.0
FRC,BASE,D0002,20260402,0.15,0.015,,1504999999.99,0.0,0.0,1504999999.99,,,0.165,1504999999.99,680342.47,1488744429.21,0.0,,0.0321,47788696.18,0.0277,0.0,,21838.993150539696,0.0,,1585051306.33895,,0.0,1.0,1440955733.035409,0.5,0.0
FRC,BASE,D0001,20261208,0.125,0.01,,13969663275.6,0.0,0.0,13969663275.6,,,0.135,13969663275.6,5166861.76,15193137464.37,0.0,,0.0633,961725601.49,0.03165,-68030899.99,,327062.3493744135,0.0,,15654553049.166475,,-1040722306.5842428,1.0,14231411862.878613,0.5,-1040722306.5842428
FRC,BASE,D0002,20251105,0.17,0.015,,1624444444.44,0.0,0.0,1624444444.44,,,0.185,1624444444.44,823348.55,1603303923.13,0.0,,0.0321,51466055.93,0.0277,0.0,,26429.488584399223,0.0,,1707021653.9147012,,0.0,1.0,1551837867.1951828,0.5,0.0
FRC,BASE,D0001,20261125,0.145,0.01,,13969663275.6,0.0,0.0,13969663275.6,,,0.155,13969663275.6,5932322.76,15122140956.49,0.0,,0.0633,957231522.55,0.03165,-68030899.99,,375516.03076314926,0.0,,15581400377.342054,,-1040722306.5842428,1.0,14164909433.94732,0.5,-1040722306.5842428
FRC,BASE,D0002,20260331,0.15,0.015,,1528888888.88,0.0,0.0,1528888888.88,,,0.165,1528888888.88,691141.55,1532294855.39,0.0,,0.0321,49186664.86,0.0277,0.0,,22185.64383548498,0.0,,1631419009.5869398,,0.0,1.0,1483108190.5335815,0.5,0.0
FRC,BASE,D0002,20261206,0.125,0.015,,1457222222.21,0.0,0.0,1457222222.21,,,0.14,1457222222.21,558934.55,1559444823.04,0.0,,0.0321,50058178.82,0.0277,0.0,,17941.799086615443,0.0,,1660325308.645691,,0.0,1.0,1509386644.2233553,0.5,0.0
FRC,BASE,D0002,20260222,0.16,0.015,,1552777777.77,0.0,0.0,1552777777.77,,,0.175,1552777777.77,744482.5,1550720633.55,0.0,,0.0321,49778132.34,0.0277,0.0,,23897.888127736747,0.0,,1651036751.330908,,0.0,1.0,1500942501.2099164,0.5,0.0
FRC,BASE,D0002,20261215,0.125,0.015,,1457222222.21,0.0,0.0,1457222222.21,,,0.14,1457222222.21,558934.55,1564475234.0,0.0,,0.0321,50219655.01,0.0277,0.0,,17941.799086607993,0.0,,1665681136.8894815,,0.0,1.0,1514255578.9904375,0.5,0.0
FRC,BASE,D0002,20260628,0.145,0.015,,1457222222.21,0.0,0.0,1457222222.21,,,0.16,1457222222.21,638782.34,1457698772.82,0.0,,0.0321,46792130.61,0.0277,0.0,,20504.91324183345,0.0,,1551997306.4290197,,0.0,1.0,1410906642.2081995,0.5,0.0
FRC,BASE,D0002,20251222,0.16,0.015,,1600555555.55,0.0,0.0,1600555555.55,,,0.175,1600555555.55,767389.65,1595466076.86,0.0,,0.0321,51214461.07,0.0277,0.0,,24633.207762479786,0.0,,1698676777.3683803,,0.0,1.0,1544251615.7894368,0.5,0.0
FRC,BASE,D0002,20260918,0.145,0.015,,1457222222.21,0.0,0.0,1457222222.21,,,0.16,1457222222.21,638782.34,1509460104.63,0.0,,0.0321,48453669.36,0.0277,0.0,,20504.91324183345,0.0,,1607107078.794691,,0.0,1.0,1461006435.2679012,0.5,0.0
FRC,BASE,D0002,20251211,0.17,0.015,,1600555555.55,0.0,0.0,1600555555.55,,,0.185,1600555555.55,811240.49,1586586282.34,0.0,,0.0321,50929419.66,0.0277,0.0,,26040.81963461637,0.0,,1689222548.9403317,,0.0,1.0,1535656862.6730285,0.5,0.0
FRC,BASE,D0002,20251119,0.17,0.015,,1624444444.44,0.0,0.0,1624444444.44,,,0.185,1624444444.44,823348.55,1614830802.88,0.0,,0.0321,51836068.77,0.0277,0.0,,26429.488584399223,0.0,,1719294207.5225823,,0.0,1.0,1562994734.1114385,0.5,0.0
FRC,BASE,D0002,20260801,0.142,0.015,,1457222222.21,0.0,0.0,1457222222.21,,,0.157,1457222222.21,628801.37,1479097981.34,0.0,,0.0321,47479045.2,0.0277,0.0,,20184.52397242933,0.0,,1574780829.751812,,0.0,1.0,1431618936.1380107,0.5,0.0
FRC,BASE,D0002,20260710,0.142,0.015,,1457222222.21,0.0,0.0,1457222222.21,,,0.157,1457222222.21,628801.37,1465264351.2,0.0,,0.0321,47034985.67,0.0277,0.0,,20184.52397242933,0.0,,1560052302.0813878,,0.0,1.0,1418229365.5285342,0.5,0.0
FRC,BASE,D0002,20260529,0.15,0.015,,1481111111.1,0.0,0.0,1481111111.1,,,0.165,1481111111.1,669543.38,1482628137.35,0.0,,0.0321,47592363.21,0.0277,0.0,,21492.34246558696,0.0,,1578539351.5603275,,0.0,1.0,1435035774.1457522,0.5,0.0
FRC,BASE,D0002,20260326,0.15,0.015,,1528888888.88,0.0,0.0,1528888888.88,,,0.165,1528888888.88,691141.55,1528839147.63,0.0,,0.0321,49075736.64,0.0277,0.0,,22185.64383548498,0.0,,1627739752.0892444,,0.0,1.0,1479763410.990222,0.5,0.0
FRC,BASE,D0002,20250907,0.18,0.015,,1672222222.22,0.0,0.0,1672222222.22,,,0.195,1672222222.22,893379.0,1646908753.8,0.0,,0.0321,52865771.0,0.0277,0.0,,28677.465753391385,0.0,,1753447281.0840807,,0.0,1.0,1594042982.8037095,0.5,0.0
FRC,BASE,D0002,20260427,0.15,0.015,,1504999999.99,0.0,0.0,1504999999.99,,,0.165,1504999999.99,680342.47,1505752990.86,0.0,,0.0321,48334671.01,0.0277,0.0,,21838.993150539696,0.0,,1603160151.835405,,0.0,1.0,1457418319.8503685,0.5,0.0
FRC,BASE,D0002,20250818,0.18,0.015,,1696111111.11,0.0,0.0,1696111111.11,,,0.195,1696111111.11,906141.55,1676085677.32,0.0,,0.0321,53802350.24,0.0277,0.0,,29087.14383559674,0.0,,1784511659.785877,,0.0,1.0,1622283327.07807,0.5,0.0
FRC,BASE,D0002,20261021,0.145,0.015,,1457222222.21,0.0,0.0,1457222222.21,,,0.16,1457222222.21,638782.34,1530539921.98,0.0,,0.0321,49130331.5,0.0277,0.0,,20504.9132418409,0.0,,1629550549.530576,,0.0,1.0,1481409590.4823418,0.5,0.0
FRC,BASE,D0002,20260414,0.15,0.015,,1504999999.99,0.0,0.0,1504999999.99,,,0.165,1504999999.99,680342.47,1496908538.8,0.0,,0.0321,48050764.1,0.0277,0.0,,21838.993150547147,0.0,,1593743552.1772485,,0.0,1.0,1448857774.7065897,0.5,0.0
FRC,BASE,D0002,20260415,0.15,0.015,,1504999999.99,0.0,0.0,1504999999.99,,,0.165,1504999999.99,680342.47,1497588881.27,0.0,,0.0321,48072603.09,0.0277,0.0,,21838.99315053225,0.0,,1594467905.997107,,0.0,1.0,1449516278.179188,0.5,0.0
FRC,BASE,D0001,20260701,0.142,0.01,,11969663275.6,0.0,0.0,11969663275.6,,,0.152,11969663275.6,5001023.7,12328980945.3,0.0,,0.0633,780424493.84,0.03165,90219100.01,,316564.8000415564,0.0,,12703412096.61033,,1380152693.4157572,1.0,11548556451.463936,0.5,1380152693.4157572
FRC,BASE,D0001,20261118,0.145,0.01,,13969663275.6,0.0,0.0,13969663275.6,,,0.155,13969663275.6,5932322.76,15080614697.17,0.0,,0.0633,954602910.33,0.03165,-68030899.99,,375516.03076314926,0.0,,15538612965.52022,,-1040722306.5842428,1.0,14126011786.836563,0.5,-1040722306.5842428
FRC,BASE,D0002,20260521,0.15,0.015,,1481111111.1,0.0,0.0,1481111111.1,,,0.165,1481111111.1,669543.38,1477271790.32,0.0,,0.0321,47420424.47,0.0277,0.0,,21492.34246559441,0.0,,1572836502.4389093,,0.0,1.0,1429851365.8535538,0.5,0.0
FRC,BASE,D0001,20270125,0.125,0.01,,8969663275.6,0.0,0.0,8969663275.6,,,0.135,8969663275.6,3317546.69,10231420801.43,0.0,,0.0633,647648936.73,0.03165,90219100.01,,210000.7055387497,0.0,,10542149051.17013,,1380152693.4157572,1.0,9583771864.700115,0.5,1380152693.4157572
FRC,BASE,D0002,20261029,0.145,0.015,,1457222222.21,0.0,0.0,1457222222.21,,,0.16,1457222222.21,638782.34,1535650180.73,0.0,,0.0321,49294370.8,0.0277,0.0,,20504.91324183345,0.0,,1634991390.921094,,0.0,1.0,1486355809.928267,0.5,0.0
FRC,BASE,D0002,20260728,0.142,0.015,,1457222222.21,0.0,0.0,1457222222.21,,,0.157,1457222222.21,628801.37,1476582775.86,0.0,,0.0321,47398307.11,0.0277,0.0,,20184.52397242933,0.0,,1572102915.629917,,0.0,1.0,1429184468.7544696,0.5,0.0
FRC,BASE,D0001,20270120,0.125,0.01,,8969663275.6,0.0,0.0,8969663275.6,,,0.135,8969663275.6,3317546.69,10214833067.98,0.0,,0.0633,646598933.2,0.03165,90219100.01,,210000.7055387497,0.0,,10525057548.250229,,1380152693.4157572,1.0,9568234134.772934,0.5,1380152693.4157572
FRC,BASE,D0002,20261120,0.145,0.015,,1457222222.21,0.0,0.0,1457222222.21,,,0.16,1457222222.21,638782.34,1549703392.3,0.0,,0.0321,49745478.89,0.0277,0.0,,20504.9132418409,0.0,,1649953704.745017,,0.0,1.0,1499957913.4045608,0.5,0.0
FRC,BASE,D0002,20260410,0.15,0.015,,1504999999.99,0.0,0.0,1504999999.99,,,0.165,1504999999.99,680342.47,1494187168.94,0.0,,0.0321,47963408.12,0.0277,0.0,,21838.993150547147,0.0,,1590846136.8978157,,0.0,1.0,1446223760.816196,0.5,0.0
FRC,BASE,D0002,20261121,0.145,0.015,,1457222222.21,0.0,0.0,1457222222.21,,,0.16,1457222222.21,638782.34,1550342174.64,0.0,,0.0321,49765983.81,0.0277,0.0,,20504.91324183345,0.0,,1650633809.9188316,,0.0,1.0,1500576190.8353014,0.5,0.0
FRC,BASE,D0001,20260817,0.142,0.01,,11969663275.6,0.0,0.0,11969663275.6,,,0.152,11969663275.6,5001023.7,12564029059.08,0.0,,0.0633,795303039.44,0.03165,90219100.01,,316564.8000415564,0.0,,12945598621.600643,,1380152693.4157572,1.0,11768726019.636948,0.5,1380152693.4157572
FRC,BASE,D0002,20261017,0.145,0.015,,1457222222.21,0.0,0.0,1457222222.21,,,0.16,1457222222.21,638782.34,1527984792.6,0.0,,0.0321,49048311.84,0.0277,0.0,,20504.9132418409,0.0,,1626830128.8353174,,0.0,1.0,1478936480.7593794,0.5,0.0
FRC,BASE,D0001,20261230,0.125,0.01,,13969663275.6,0.0,0.0,13969663275.6,,,0.135,13969663275.6,5166861.76,15306808423.08,0.0,,0.0633,968920973.18,0.03165,-68030899.99,,327062.3493742943,0.0,,15771676194.890753,,-1040722306.5842428,1.0,14337887449.900682,0.5,-1040722306.5842428
FRC,BASE,D0002,20250819,0.18,0.015,,1696111111.11,0.0,0.0,1696111111.11,,,0.195,1696111111.11,906141.55,1676991818.87,0.0,,0.0321,53831437.39,0.0277,0.0,,29087.14383559674,0.0,,1785476419.6354198,,0.0,1.0,1623160381.486745,0.5,0.0
FRC,BASE,D0002,20251224,0.16,0.015,,1600555555.55,0.0,0.0,1600555555.55,,,0.175,1600555555.55,767389.65,1597000856.16,0.0,,0.0321,51263727.48,0.0277,0.0,,24633.20776247233,0.0,,1700310841.54113,,0.0,1.0,1545737128.6737545,0.5,0.0
FRC,BASE,D0002,20260907,0.145,0.015,,1457222222.21,0.0,0.0,1457222222.21,,,0.16,1457222222.21,638782.34,1502433498.84,0.0,,0.0321,48228115.31,0.0277,0.0,,20504.91324183345,0.0,,1599625921.8827298,,0.0,1.0,1454205383.5297542,0.5,0.0
FRC,BASE,D0002,20260712,0.142,0.015,,1457222222.21,0.0,0.0,1457222222.21,,,0.157,1457222222.21,628801.37,1466521953.94,0.0,,0.0321,47075354.72,0.0277,0.0,,20184.52397242933,0.0,,1561391259.1423352,,0.0,1.0,1419446599.2203045,0.5,0.0
FRC,BASE,D0002,20251117,0.17,0.015,,1624444444.44,0.0,0.0,1624444444.44,,,0.185,1624444444.44,823348.55,1613184105.78,0.0,,0.0321,51783209.8,0.0277,0.0,,26429.488584399223,0.0,,1717540985.5785997,,0.0,1.0,1561400895.9805448,0.5,0.0
FRC,BASE,D0002,20251204,0.17,0.015,,1600555555.55,0.0,0.0,1600555555.55,,,0.185,1600555555.55,811240.49,1580907598.93,0.0,,0.0321,50747133.93,0.0277,0.0,,26040.81963461637,0.0,,1683176511.501159,,0.0,1.0,1530160465.0010536,0.5,0.0
FRC,BASE,D0002,20250923,0.17,0.015,,1672222222.22,0.0,0.0,1672222222.22,,,0.185,1672222222.22,847564.69,1660790488.96,0.0,,0.0321,53311374.7,0.0277,0.0,,27206.82648398727,0.0,,1768227025.6913664,,0.0,1.0,1607479114.2648785,0.5,0.0
FRC,BASE,D0002,20251004,0.17,0.015,,1648333333.33,0.0,0.0,1648333333.33,,,0.185,1648333333.33,835456.62,1623183323.81,0.0,,0.0321,52104184.69,0.0277,0.0,,26818.15753418952,0.0,,1728187053.0276356,,0.0,1.0,1571079139.116032,0.5,0.0
FRC,BASE,D0001,20270104,0.125,0.01,,13969663275.6,0.0,0.0,13969663275.6,,,0.135,13969663275.6,5166861.76,15332642731.88,0.0,,0.0633,970556284.93,0.03165,-68030899.99,,327062.3493744135,0.0,,15798295091.646269,,-1040722306.5842428,1.0,14362086446.951153,0.5,-1040722306.5842428
FRC,BASE,D0001,20261105,0.145,0.01,,13969663275.6,0.0,0.0,13969663275.6,,,0.155,13969663275.6,5932322.76,15003494501.28,0.0,,0.0633,949721201.93,0.03165,-68030899.99,,375516.03076314926,0.0,,15459150629.279676,,-1040722306.5842428,1.0,14053773299.34516,0.5,-1040722306.5842428
FRC,BASE,D0001,20260919,0.145,0.01,,11969663275.6,0.0,0.0,11969663275.6,,,0.155,11969663275.6,5083007.69,12730620536.99,0.0,,0.0633,805848279.99,0.03165,90219100.01,,321754.38692748547,0.0,,13117249482.702951,,1380152693.4157572,1.0,11924772257.002682,0.5,1380152693.4157572
FRC,BASE,D0002,20251125,0.17,0.015,,1624444444.44,0.0,0.0,1624444444.44,,,0.185,1624444444.44,823348.55,1619770894.21,0.0,,0.0321,51994645.7,0.0277,0.0,,26429.48858440668,0.0,,1724553873.3545315,,0.0,1.0,1567776248.5041194,0.5,0.0
FRC,BASE,D0002,20260120,0.16,0.015,,1576666666.66,0.0,0.0,1576666666.66,,,0.175,1576666666.66,755936.07,1571594777.39,0.0,,0.0321,50448192.35,0.0277,0.0,,24265.54794510454,0.0,,1673261243.5361075,,0.0,1.0,1521146585.032825,0.5,0.0
FRC,BASE,D0002,20260614,0.145,0.015,,1457222222.21,0.0,0.0,1457222222.21,,,0.16,1457222222.21,638782.34,1448755820.0,0.0,,0.0321,46505061.82,0.0277,0.0,,20504.9132418409,0.0,,1542475833.995614,,0.0,1.0,1402250758.177831,0.5,0.0
FRC,BASE,D0002,20251007,0.17,0.015,,1648333333.33,0.0,0.0,1648333333.33,,,0.185,1648333333.33,835456.62,1625689693.67,0.0,,0.0321,52184639.17,0.0277,0.0,,26818.157534196973,0.0,,1730855559.9570825,,0.0,1.0,1573505054.5064385,0.5,0.0
FRC,BASE,D0002,20270128,0.125,0.015,,1457222222.21,0.0,0.0,1457222222.21,,,0.14,1457222222.21,558934.55,1589068354.25,0.0,,0.0321,51009094.17,0.0277,0.0,,17941.799086600542,0.0,,1691865186.0813477,,0.0,1.0,1538059260.0739522,0.5,0.0
FRC,BASE,D0001,20261117,0.145,0.01,,13969663275.6,0.0,0.0,13969663275.6,,,0.155,13969663275.6,5932322.76,15074682374.41,0.0,,0.0633,954227394.3,0.03165,-68030899.99,,375516.03076314926,0.0,,15532500478.117102,,-1040722306.5842428,1.0,14120454980.106457,0.5,-1040722306.5842428
FRC,BASE,D0002,20260902,0.145,0.015,,1457222222.21,0.0,0.0,1457222222.21,,,0.16,1457222222.21,638782.34,1499239587.12,0.0,,0.0321,48125590.75,0.0277,0.0,,20504.9132418409,0.0,,1596225396.0136564,,0.0,1.0,1451113996.3760512,0.5,0.0
FRC,BASE,D0002,20260219,0.16,0.015,,1552777777.77,0.0,0.0,1552777777.77,,,0.175,1552777777.77,744482.5,1548487186.06,0.0,,0.0321,49706438.67,0.0277,0.0,,23897.8881277442,0.0,,1648658822.1242993,,0.0,1.0,1498780747.3857265,0.5,0.0
FRC,BASE,D0002,20251128,0.17,0.015,,1624444444.44,0.0,0.0,1624444444.44,,,0.185,1624444444.44,823348.55,1622240939.87,0.0,,0.0321,52073934.17,0.0277,0.0,,26429.488584399223,0.0,,1727183706.270506,,0.0,1.0,1570167005.70046,0.5,0.0
FRC,BASE,D0001,20260615,0.145,0.01,,11969663275.6,0.0,0.0,11969663275.6,,,0.155,11969663275.6,5083007.69,12247734806.22,0.0,,0.0633,775281613.23,0.03165,90219100.01,,321754.3869276047,0.0,,12619698512.283367,,1380152693.4157572,1.0,11472453192.98488,0.5,1380152693.4157572
FRC,BASE,D0002,20260210,0.16,0.015,,1552777777.77,0.0,0.0,1552777777.77,,,0.175,1552777777.77,744482.5,1541786843.59,0.0,,0.0321,49491357.68,0.0277,0.0,,23897.888127736747,0.0,,1641525034.504472,,0.0,1.0,1492295485.9131565,0.5,0.0
FRC,BASE,D0002,20260627,0.145,0.015,,1457222222.21,0.0,0.0,1457222222.21,,,0.16,1457222222.21,638782.34,1457059990.47,0.0,,0.0321,46771625.69,0.0277,0.0,,20504.9132418409,0.0,,1551317201.255205,,0.0,1.0,1410288364.777459,0.5,0.0
FRC,BASE,D0002,20260112,0.16,0.015,,1576666666.66,0.0,0.0,1576666666.66,,,0.175,1576666666.66,755936.07,1565547288.8,0.0,,0.0321,50254067.97,0.0277,0.0,,24265.54794510454,0.0,,1666822542.9151304,,0.0,1.0,1515293220.8319366,0.5,0.0
FRC,BASE,D0002,20251009,0.17,0.015,,1648333333.33,0.0,0.0,1648333333.33,,,0.185,1648333333.33,835456.62,1627360606.92,0.0,,0.0321,52238275.48,0.0277,0.0,,26818.157534196973,0.0,,1732634564.5767136,,0.0,1.0,1575122331.4333758,0.5,0.0
FRC,BASE,D0001,20260614,0.145,0.01,,11969663275.6,0.0,0.0,11969663275.6,,,0.155,11969663275.6,5083007.69,12242651798.53,0.0,,0.0633,774959858.85,0.03165,90219100.01,,321754.38692748547,0.0,,12614461133.647371,,1380152693.4157572,1.0,11467691939.679428,0.5,1380152693.4157572
FRC,BASE,D0002,20260530,0.15,0.015,,1481111111.1,0.0,0.0,1481111111.1,,,0.165,1481111111.1,669543.38,1483297680.73,0.0,,0.0321,47613855.55,0.0277,0.0,,21492.34246559441,0.0,,1579252207.7005048,,0.0,1.0,1435683825.182277,0.5,0.0
FRC,BASE,D0002,20260720,0.142,0.015,,1457222222.21,0.0,0.0,1457222222.21,,,0.157,1457222222.21,628801.37,1471552364.9,0.0,,0.0321,47236830.91,0.0277,0.0,,20184.523972421885,0.0,,1566747087.386126,,0.0,1.0,1424315533.9873872,0.5,0.0
FRC,BASE,D0001,20261009,0.145,0.01,,11969663275.6,0.0,0.0,11969663275.6,,,0.155,11969663275.6,5083007.69,12832280690.84,0.0,,0.0633,812283367.73,0.03165,90219100.01,,321754.3869276047,0.0,,13221997055.422865,,1380152693.4157572,1.0,12019997323.111692,0.5,1380152693.4157572
FRC,BASE,D0001,20261113,0.145,0.01,,13969663275.6,0.0,0.0,13969663275.6,,,0.155,13969663275.6,5932322.76,15050953083.36,0.0,,0.0633,952725330.18,0.03165,-68030899.99,,375516.03076303005,0.0,,15508050528.504627,,-1040722306.5842428,1.0,14098227753.186024,0.5,-1040722306.5842428
FRC,BASE,D0002,20260910,0.145,0.015,,1457222222.21,0.0,0.0,1457222222.21,,,0.16,1457222222.21,638782.34,1504349845.87,0.0,,0.0321,48289630.05,0.0277,0.0,,20504.9132418409,0.0,,1601666237.404174,,0.0,1.0,1456060215.8219762,0.5,0.0
FRC,BASE,D0002,20260129,0.16,0.015,,1576666666.66,0.0,0.0,1576666666.66,,,0.175,1576666666.66,755936.07,1578398202.04,0.0,,0.0321,50666582.29,0.0277,0.0,,24265.54794510454,0.0,,1680504781.734707,,0.0,1.0,1527731619.7588246,0.5,0.0
FRC,BASE,D0002,20261205,0.125,0.015,,1457222222.21,0.0,0.0,1457222222.21,,,0.14,1457222222.21,558934.55,1558885888.49,0.0,,0.0321,50040237.02,0.0277,0.0,,17941.799086607993,0.0,,1659730216.618603,,0.0,1.0,1508845651.4714572,0.5,0.0
FRC,BASE,D0002,20270207,0.125,0.015,,1457222222.21,0.0,0.0,1457222222.21,,,0.14,1457222222.21,558934.55,1594657699.76,0.0,,0.0321,51188512.16,0.0277,0.0,,17941.799086607993,0.0,,1697816106.3522258,,0.0,1.0,1543469187.5929325,0.5,0.0
FRC,BASE,D0001,20260628,0.145,0.01,,11969663275.6,0.0,0.0,11969663275.6,,,0.155,11969663275.6,5083007.69,12313813906.22,0.0,,0.0633,779464420.26,0.03165,90219100.01,,321754.3869276047,0.0,,12687784434.551311,,1380152693.4157572,1.0,11534349485.955736,0.5,1380152693.4157572
FRC,BASE,D0002,20251102,0.17,0.015,,1624444444.44,0.0,0.0,1624444444.44,,,0.185,1624444444.44,823348.55,1600833877.47,0.0,,0.0321,51386767.47,0.0277,0.0,,26429.488584399223,0.0,,1704391820.9987266,,0.0,1.0,1549447109.9988422,0.5,0.0
FRC,BASE,D0002,20260423,0.15,0.015,,1504999999.99,0.0,0.0,1504999999.99,,,0.165,1504999999.99,680342.47,1503031620.99,0.0,,0.0321,48247315.03,0.0277,0.0,,21838.99315053225,0.0,,1600262736.5559723,,0.0,1.0,1454784305.9599748,0.5,0.0
FRC,BASE,D0001,20260820,0.142,0.01,,11969663275.6,0.0,0.0,11969663275.6,,,0.152,11969663275.6,5001023.7,12579032130.17,0.0,,0.0633,796252733.84,0.03165,90219100.01,,316564.8000415564,0.0,,12961057335.961723,,1380152693.4157572,1.0,11782779396.32884,0.5,1380152693.4157572
FRC,BASE,D0002,20260113,0.16,0.015,,1576666666.66,0.0,0.0,1576666666.66,,,0.175,1576666666.66,755936.07,1566303224.88,0.0,,0.0321,50278333.52,0.0277,0.0,,24265.54794510454,0.0,,1667627380.4927526,,0.0,1.0,1516024891.3570476,0.5,0.0
FRC,BASE,D0002,20260722,0.142,0.015,,1457222222.21,0.0,0.0,1457222222.21,,,0.157,1457222222.21,628801.37,1472809967.64,0.0,,0.0321,47277199.96,0.0277,0.0,,20184.523972436786,0.0,,1568086044.4470737,,0.0,1.0,1425532767.6791575,0.5,0.0
FRC,BASE,D0001,20260714,0.142,0.01,,11969663275.6,0.0,0.0,11969663275.6,,,0.152,11969663275.6,5001023.7,12393994253.37,0.0,,0.0633,784539836.24,0.03165,90219100.01,,316564.8000415564,0.0,,12770399858.841694,,1380152693.4157572,1.0,11609454417.12881,0.5,1380152693.4157572
FRC,BASE,D0002,20261212,0.125,0.015,,1457222222.21,0.0,0.0,1457222222.21,,,0.14,1457222222.21,558934.55,1562798430.35,0.0,,0.0321,50165829.61,0.0277,0.0,,17941.799086607993,0.0,,1663895860.808218,,0.0,1.0,1512632600.7347436,0.5,0.0
FRC,BASE,D0001,20261215,0.125,0.01,,13969663275.6,0.0,0.0,13969663275.6,,,0.135,13969663275.6,5166861.76,15229305496.69,0.0,,0.0633,964015037.94,0.03165,-68030899.99,,327062.3493744135,0.0,,15691819504.6242,,-1040722306.5842428,1.0,14265290458.749271,0.5,-1040722306.5842428
FRC,BASE,D0002,20251114,0.17,0.015,,1624444444.44,0.0,0.0,1624444444.44,,,0.185,1624444444.44,823348.55,1610714060.11,0.0,,0.0321,51703921.33,0.0277,0.0,,26429.488584399223,0.0,,1714911152.6626248,,0.0,1.0,1559010138.7842042,0.5,0.0
FRC,BASE,D0001,20261114,0.145,0.01,,13969663275.6,0.0,0.0,13969663275.6,,,0.155,13969663275.6,5932322.76,15056885406.12,0.0,,0.0633,953100846.21,0.03165,-68030899.99,,375516.03076326847,0.0,,15514163015.907743,,-1040722306.5842428,1.0,14103784559.91613,0.5,-1040722306.5842428
FRC,BASE,D0002,20260208,0.16,0.015,,1552777777.77,0.0,0.0,1552777777.77,,,0.175,1552777777.77,744482.5,1540297878.6,0.0,,0.0321,49443561.9,0.0277,0.0,,23897.888127729297,0.0,,1639939748.3667324,,0.0,1.0,1490854316.6970294,0.5,0.0
FRC,BASE,D0002,20270203,0.125,0.015,,1457222222.21,0.0,0.0,1457222222.21,,,0.14,1457222222.21,558934.55,1592421961.55,0.0,,0.0321,51116744.97,0.0277,0.0,,17941.799086615443,0.0,,1695435738.2438743,,0.0,1.0,1541305216.5853405,0.5,0.0
FRC,BASE,D0002,20250922,0.17,0.015,,1672222222.22,0.0,0.0,1672222222.22,,,0.185,1672222222.22,847564.69,1659942924.27,0.0,,0.0321,53284167.87,0.0277,0.0,,27206.82648397982,0.0,,1767324632.043727,,0.0,1.0,1606658756.403388,0.5,0.0
FRC,BASE,D0002,20251121,0.17,0.015,,1624444444.44,0.0,0.0,1624444444.44,,,0.185,1624444444.44,823348.55,1616477499.99,0.0,,0.0321,51888927.75,0.0277,0.0,,26429.488584399223,0.0,,1721047429.4665656,,0.0,1.0,1564588572.2423322,0.5,0.0
FRC,BASE,D0002,20270131,0.125,0.015,,1457222222.21,0.0,0.0,1457222222.21,,,0.14,1457222222.21,558934.55,1590745157.9,0.0,,0.0321,51062919.57,0.0277,0.0,,17941.799086607993,0.0,,1693650462.1626108,,0.0,1.0,1539682238.329646,0.5,0.0
FRC,BASE,D0002,20260711,0.142,0.015,,1457222222.21,0.0,0.0,1457222222.21,,,0.157,1457222222.21,628801.37,1465893152.57,0.0,,0.0321,47055170.2,0.0277,0.0,,20184.523972436786,0.0,,1560721780.6118612,,0.0,1.0,1418837982.3744192,0.5,0.0
FRC,BASE,D0001,20261005,0.145,0.01,,11969663275.6,0.0,0.0,11969663275.6,,,0.155,11969663275.6,5083007.69,12811948660.07,0.0,,0.0633,810996350.18,0.03165,90219100.01,,321754.38692748547,0.0,,13201047540.87888,,1380152693.4157572,1.0,12000952309.889889,0.5,1380152693.4157572
FRC,BASE,D0001,20261212,0.125,0.01,,13969663275.6,0.0,0.0,13969663275.6,,,0.135,13969663275.6,5166861.76,15213804911.41,0.0,,0.0633,963033850.89,0.03165,-68030899.99,,327062.3493742943,0.0,,15675848166.57089,,-1040722306.5842428,1.0,14250771060.51899,0.5,-1040722306.5842428
FRC,BASE,D0001,20260618,0.145,0.01,,11969663275.6,0.0,0.0,11969663275.6,,,0.155,11969663275.6,5083007.69,12262983829.3,0.0,,0.0633,776246876.39,0.03165,90219100.01,,321754.38692748547,0.0,,12635410648.191357,,1380152693.4157572,1.0,11486736952.90123,0.5,1380152693.4157572
FRC,BASE,D0002,20251019,0.17,0.015,,1648333333.33,0.0,0.0,1648333333.33,,,0.185,1648333333.33,835456.62,1635715173.13,0.0,,0.0321,52506457.06,0.0277,0.0,,26818.157534196973,0.0,,1741529587.6748688,,0.0,1.0,1583208716.0680623,0.5,0.0
FRC,BASE,D0002,20261124,0.145,0.015,,1457222222.21,0.0,0.0,1457222222.21,,,0.16,1457222222.21,638782.34,1552258521.67,0.0,,0.0321,49827498.55,0.0277,0.0,,20504.91324183345,0.0,,1652674125.4402757,,0.0,1.0,1502431023.1275232,0.5,0.0
FRC,BASE,D0002,20260519,0.15,0.015,,1481111111.1,0.0,0.0,1481111111.1,,,0.165,1481111111.1,669543.38,1475932703.56,0.0,,0.0321,47377439.78,0.0277,0.0,,21492.34246558696,0.0,,1571410790.1585546,,0.0,1.0,1428555263.780504,0.5,0.0
FRC,BASE,D0001,20260805,0.142,0.01,,11969663275.6,0.0,0.0,11969663275.6,,,0.152,11969663275.6,5001023.7,12504016774.71,0.0,,0.0633,791504261.84,0.03165,90219100.01,,316564.8000416756,0.0,,12883763764.156303,,1380152693.4157572,1.0,11712512512.869368,0.5,1380152693.4157572
FRC,BASE,D0001,20261108,0.145,0.01,,13969663275.6,0.0,0.0,13969663275.6,,,0.155,13969663275.6,5932322.76,15021291469.56,0.0,,0.0633,950847750.02,0.03165,-68030899.99,,375516.03076314926,0.0,,15477488091.489033,,-1040722306.5842428,1.0,14070443719.535482,0.5,-1040722306.5842428
FRC,BASE,D0002,20270122,0.125,0.015,,1457222222.21,0.0,0.0,1457222222.21,,,0.14,1457222222.21,558934.55,1585714746.94,0.0,,0.0321,50901443.38,0.0277,0.0,,17941.799086607993,0.0,,1688294633.91882,,0.0,1.0,1534813303.5625637,0.5,0.0
FRC,BASE,D0001,20260706,0.142,0.01,,11969663275.6,0.0,0.0,11969663275.6,,,0.152,11969663275.6,5001023.7,12353986063.79,0.0,,0.0633,782007317.84,0.03165,90219100.01,,316564.8000415564,0.0,,12729176620.54547,,1380152693.4157572,1.0,11571978745.950426,0.5,1380152693.4157572
FRC,BASE,D0002,20260209,0.16,0.015,,1552777777.77,0.0,0.0,1552777777.77,,,0.175,1552777777.77,744482.5,1541042361.1,0.0,,0.0321,49467459.79,0.0277,0.0,,23897.888127736747,0.0,,1640732391.4356022,,0.0,1.0,1491574901.3050928,0.5,0.0
FRC,BASE,D0002,20261105,0.145,0.015,,1457222222.21,0.0,0.0,1457222222.21,,,0.16,1457222222.21,638782.34,1540121657.14,0.0,,0.0321,49437905.19,0.0277,0.0,,20504.9132418409,0.0,,1639752127.1377966,,0.0,1.0,1490683751.9434514,0.5,0.0
FRC,BASE,D0001,20260705,0.142,0.01,,11969663275.6,0.0,0.0,11969663275.6,,,0.152,11969663275.6,5001023.7,12348985040.09,0.0,,0.0633,781690753.04,0.03165,90219100.01,,316564.8000416756,0.0,,12724023715.758442,,1380152693.4157572,1.0,11567294287.053127,0.5,1380152693.4157572
FRC,BASE,D0001,20261007,0.145,0.01,,11969663275.6,0.0,0.0,11969663275.6,,,0.155,11969663275.6,5083007.69,12822114675.46,0.0,,0.0633,811639858.96,0.03165,90219100.01,,321754.3869276047,0.0,,13211522298.15087,,1380152693.4157572,1.0,12010474816.50079,0.5,1380152693.4157572
FRC,BASE,D0001,20270128,0.125,0.01,,8969663275.6,0.0,0.0,8969663275.6,,,0.135,8969663275.6,3317546.69,10241373441.5,0.0,,0.0633,648278938.85,0.03165,90219100.01,,210000.7055387497,0.0,,10552403952.922071,,1380152693.4157572,1.0,9593094502.656427,0.5,1380152693.4157572
FRC,BASE,D0002,20261030,0.145,0.015,,1457222222.21,0.0,0.0,1457222222.21,,,0.16,1457222222.21,638782.34,1536288963.07,0.0,,0.0321,49314875.71,0.0277,0.0,,20504.9132418409,0.0,,1635671496.0949085,,0.0,1.0,1486974087.3590076,0.5,0.0
FRC,BASE,D0001,20261222,0.125,0.01,,13969663275.6,0.0,0.0,13969663275.6,,,0.135,13969663275.6,5166861.76,15265473529.01,0.0,,0.0633,966304474.39,0.03165,-68030899.99,,327062.3493742943,0.0,,15729085960.081924,,-1040722306.5842428,1.0,14299169054.61993,0.5,-1040722306.5842428
FRC,BASE,D0001,20261227,0.125,0.01,,13969663275.6,0.0,0.0,13969663275.6,,,0.135,13969663275.6,5166861.76,15291307837.8,0.0,,0.0633,967939786.13,0.03165,-68030899.99,,327062.3493742943,0.0,,15755704856.837442,,-1040722306.5842428,1.0,14323368051.6704,0.5,-1040722306.5842428
FRC,BASE,D0002,20260815,0.142,0.015,,1457222222.21,0.0,0.0,1457222222.21,,,0.157,1457222222.21,628801.37,1487901200.52,0.0,,0.0321,47761628.54,0.0277,0.0,,20184.523972436786,0.0,,1584153529.1784456,,0.0,1.0,1440139571.9804049,0.5,0.0
FRC,BASE,D0002,20261003,0.145,0.015,,1457222222.21,0.0,0.0,1457222222.21,,,0.16,1457222222.21,638782.34,1519041839.79,0.0,,0.0321,48761243.06,0.0277,0.0,,20504.91324183345,0.0,,1617308656.4019115,,0.0,1.0,1470280596.7290106,0.5,0.0
FRC,BASE,D0001,20260616,0.145,0.01,,11969663275.6,0.0,0.0,11969663275.6,,,0.155,11969663275.6,5083007.69,12252817813.91,0.0,,0.0633,775603367.62,0.03165,90219100.01,,321754.38692748547,0.0,,12624935890.919365,,1380152693.4157572,1.0,11477214446.290327,0.5,1380152693.4157572
FRC,BASE,D0001,20270102,0.125,0.01,,13969663275.6,0.0,0.0,13969663275.6,,,0.135,13969663275.6,5166861.76,15322309008.36,0.0,,0.0633,969902160.23,0.03165,-68030899.99,,327062.3493742943,0.0,,15787647532.944063,,-1040722306.5842428,1.0,14352406848.130966,0.5,-1040722306.5842428
FRC,BASE,D0002,20261129,0.145,0.015,,1457222222.21,0.0,0.0,1457222222.21,,,0.16,1457222222.21,638782.34,1555452433.39,0.0,,0.0321,49930023.11,0.0277,0.0,,20504.9132418409,0.0,,1656074651.3093495,,0.0,1.0,1505522410.2812266,0.5,0.0
FRC,BASE,D0002,20260602,0.15,0.015,,1457222222.21,0.0,0.0,1457222222.21,,,0.165,1457222222.21,658744.29,1441030546.03,0.0,,0.0321,46257080.53,0.0277,0.0,,21145.691780641675,0.0,,1534250812.049793,,0.0,1.0,1394773465.4998116,0.5,0.0
FRC,BASE,D0002,20250831,0.18,0.015,,1696111111.11,0.0,0.0,1696111111.11,,,0.195,1696111111.11,906141.55,1687865517.5,0.0,,0.0321,54180483.11,0.0277,0.0,,29087.14383560419,0.0,,1797053537.8299327,,0.0,1.0,1633685034.3908477,0.5,0.0
FRC,BASE,D0001,20260725,0.142,0.01,,11969663275.6,0.0,0.0,11969663275.6,,,0.152,11969663275.6,5001023.7,12449005514.04,0.0,,0.0633,788022049.04,0.03165,90219100.01,,316564.8000416756,0.0,,12827081811.499,,1380152693.4157572,1.0,11660983464.999088,0.5,1380152693.4157572
FRC,BASE,D0002,20260319,0.16,0.015,,1528888888.88,0.0,0.0,1528888888.88,,,0.175,1528888888.88,733028.92,1523875494.66,0.0,,0.0321,48916403.38,0.0277,0.0,,23530.228310368955,0.0,,1622455000.4107363,,0.0,1.0,1474959091.2824874,0.5,0.0
FRC,BASE,D0002,20270208,0.125,0.015,,1457222222.21,0.0,0.0,1457222222.21,,,0.14,1457222222.21,558934.55,1595216634.31,0.0,,0.0321,51206453.96,0.0277,0.0,,17941.799086607993,0.0,,1698411198.3793137,,0.0,1.0,1544010180.3448305,0.5,0.0
FRC,BASE,D0001,20260726,0.142,0.01,,11969663275.6,0.0,0.0,11969663275.6,,,0.152,11969663275.6,5001023.7,12454006537.74,0.0,,0.0633,788338613.84,0.03165,90219100.01,,316564.8000415564,0.0,,12832234716.286026,,1380152693.4157572,1.0,11665667923.896387,0.5,1380152693.4157572
FRC,BASE,D0001,20270107,0.125,0.01,,8969663275.6,0.0,0.0,8969663275.6,,,0.135,8969663275.6,3317546.69,10171704960.99,0.0,,0.0633,643868924.03,0.03165,90219100.01,,210000.7055387497,0.0,,10480619640.658484,,1380152693.4157572,1.0,9527836036.962255,0.5,1380152693.4157572
FRC,BASE,D0002,20251115,0.17,0.015,,1624444444.44,0.0,0.0,1624444444.44,,,0.185,1624444444.44,823348.55,1611537408.67,0.0,,0.0321,51730350.82,0.0277,0.0,,26429.48858440668,0.0,,1715787763.6346164,,0.0,1.0,1559807057.849651,0.5,0.0
FRC,BASE,D0001,20270114,0.125,0.01,,8969663275.6,0.0,0.0,8969663275.6,,,0.135,8969663275.6,3317546.69,10194927787.83,0.0,,0.0633,645338928.97,0.03165,90219100.01,,210000.7055387497,0.0,,10504547744.746347,,1380152693.4157572,1.0,9549588858.860315,0.5,1380152693.4157572
FRC,BASE,D0002,20270222,0.125,0.015,,1457222222.21,0.0,0.0,1457222222.21,,,0.14,1457222222.21,558934.55,1603041718.02,0.0,,0.0321,51457639.15,0.0277,0.0,,17941.799086615443,0.0,,1706742486.7585435,,0.0,1.0,1551584078.8714032,0.5,0.0
FRC,BASE,D0002,20260916,0.145,0.015,,1457222222.21,0.0,0.0,1457222222.21,,,0.16,1457222222.21,638782.34,1508182539.94,0.0,,0.0321,48412659.53,0.0277,0.0,,20504.91324183345,0.0,,1605746868.4470618,,0.0,1.0,1459769880.4064198,0.5,0.0
FRC,BASE,D0002,20250817,0.18,0.015,,1696111111.11,0.0,0.0,1696111111.11,,,0.195,1696111111.11,906141.55,1675179535.77,0.0,,0.0321,53773263.1,0.0277,0.0,,29087.14383560419,0.0,,1783546899.936334,,0.0,1.0,1621406272.6693945,0.5,0.0
FRC,BASE,D0001,20270217,0.125,0.01,,8969663275.6,0.0,0.0,8969663275.6,,,0.135,8969663275.6,3317546.69,10307724375.32,0.0,,0.0633,652478952.96,0.03165,90219100.01,,210000.7055387497,0.0,,10620769964.601677,,1380152693.4157572,1.0,9655245422.36516,0.5,1380152693.4157572
FRC,BASE,D0002,20260816,0.142,0.015,,1457222222.21,0.0,0.0,1457222222.21,,,0.157,1457222222.21,628801.37,1488530001.89,0.0,,0.0321,47781813.06,0.0277,0.0,,20184.523972436786,0.0,,1584823007.7089195,,0.0,1.0,1440748188.8262904,0.5,0.0
FRC,BASE,D0002,20260825,0.142,0.015,,1457222222.21,0.0,0.0,1457222222.21,,,0.157,1457222222.21,628801.37,1494189214.22,0.0,,0.0321,47963473.78,0.0277,0.0,,20184.52397242933,0.0,,1590848314.483184,,0.0,1.0,1446225740.439258,0.5,0.0
FRC,BASE,D0002,20251028,0.17,0.015,,1648333333.33,0.0,0.0,1648333333.33,,,0.185,1648333333.33,835456.62,1643234282.71,0.0,,0.0321,52747820.48,0.0277,0.0,,26818.157534196973,0.0,,1749535108.463209,,0.0,1.0,1590486462.2392807,0.5,0.0
FRC,BASE,D0002,20260630,0.145,0.015,,1457222222.21,0.0,0.0,1457222222.21,,,0.16,1457222222.21,638782.34,1458976337.5,0.0,,0.0321,46833140.43,0.0277,0.0,,20504.91324183345,0.0,,1553357516.776649,,0.0,1.0,1412143197.0696807,0.5,0.0
FRC,BASE,D0002,20250903,0.18,0.015,,1672222222.22,0.0,0.0,1672222222.22,,,0.195,1672222222.22,893379.0,1643335237.82,0.0,,0.0321,52751061.13,0.0277,0.0,,28677.46575338393,0.0,,1749642594.353492,,0.0,1.0,1590584176.6849926,0.5,0.0
FRC,BASE,D0001,20260913,0.145,0.01,,11969663275.6,0.0,0.0,11969663275.6,,,0.155,11969663275.6,5083007.69,12700122490.84,0.0,,0.0633,803917753.67,0.03165,90219100.01,,321754.38692748547,0.0,,13085825210.886978,,1380152693.4157572,1.0,11896204737.16998,0.5,1380152693.4157572
FRC,BASE,D0002,20270103,0.125,0.015,,1457222222.21,0.0,0.0,1457222222.21,,,0.14,1457222222.21,558934.55,1575094990.47,0.0,,0.0321,50560549.19,0.0277,0.0,,17941.799086607993,0.0,,1676987885.404151,,0.0,1.0,1524534441.2765007,0.5,0.0
FRC,BASE,D0001,20260612,0.145,0.01,,11969663275.6,0.0,0.0,11969663275.6,,,0.155,11969663275.6,5083007.69,12232485783.14,0.0,,0.0633,774316350.07,0.03165,90219100.01,,321754.38692748547,0.0,,12603986376.37538,,1380152693.4157572,1.0,11458169433.068527,0.5,1380152693.4157572
FRC,BASE,D0002,20250920,0.17,0.015,,1672222222.22,0.0,0.0,1672222222.22,,,0.185,1672222222.22,847564.69,1658247794.9,0.0,,0.0321,53229754.22,0.0277,0.0,,27206.82648397982,0.0,,1765519844.748448,,0.0,1.0,1605018040.680407,0.5,0.0
FRC,BASE,D0002,20270209,0.125,0.015,,1457222222.21,0.0,0.0,1457222222.21,,,0.14,1457222222.21,558934.55,1595775568.86,0.0,,0.0321,51224395.76,0.0277,0.0,,17941.799086615443,0.0,,1699006290.4064016,,0.0,1.0,1544551173.0967286,0.5,0.0
FRC,BASE,D0002,20260111,0.16,0.015,,1576666666.66,0.0,0.0,1576666666.66,,,0.175,1576666666.66,755936.07,1564791352.73,0.0,,0.0321,50229802.42,0.0277,0.0,,24265.54794510454,0.0,,1666017705.337508,,0.0,1.0,1514561550.3068254,0.5,0.0
FRC,BASE,D0001,20260917,0.145,0.01,,11969663275.6,0.0,0.0,11969663275.6,,,0.155,11969663275.6,5083007.69,12720454521.61,0.0,,0.0633,805204771.22,0.03165,90219100.01,,321754.38692748547,0.0,,13106774725.43096,,1380152693.4157572,1.0,11915249750.39178,0.5,1380152693.4157572
FRC,BASE,D0001,20261023,0.145,0.01,,13969663275.6,0.0,0.0,13969663275.6,,,0.155,13969663275.6,5932322.76,14926374305.38,0.0,,0.0633,944839493.53,0.03165,-68030899.99,,375516.03076314926,0.0,,15379688293.03913,,-1040722306.5842428,1.0,13981534811.853752,0.5,-1040722306.5842428
FRC,BASE,D0002,20261031,0.145,0.015,,1457222222.21,0.0,0.0,1457222222.21,,,0.16,1457222222.21,638782.34,1536927745.42,0.0,,0.0321,49335380.63,0.0277,0.0,,20504.91324183345,0.0,,1636351601.2687232,,0.0,1.0,1487592364.7897482,0.5,0.0
FRC,BASE,D0002,20270223,0.125,0.015,,1457222222.21,0.0,0.0,1457222222.21,,,0.14,1457222222.21,558934.55,1603600652.57,0.0,,0.0321,51475580.95,0.0277,0.0,,17941.799086607993,0.0,,1707337578.785632,,0.0,1.0,1552125071.6233015,0.5,0.0
FRC,BASE,D0002,20260531,0.15,0.015,,1481111111.1,0.0,0.0,1481111111.1,,,0.165,1481111111.1,669543.38,1483967224.11,0.0,,0.0321,47635347.89,0.0277,0.0,,21492.34246559441,0.0,,1579965063.8406825,,0.0,1.0,1436331876.218802,0.5,0.0
FRC,BASE,D0001,20270116,0.125,0.01,,8969663275.6,0.0,0.0,8969663275.6,,,0.135,8969663275.6,3317546.69,10201562881.21,0.0,,0.0633,645758930.38,0.03165,90219100.01,,210000.7055386305,0.0,,10511384345.914309,,1380152693.4157572,1.0,9555803950.831188,0.5,1380152693.4157572
FRC,BASE,D0002,20260613,0.145,0.015,,1457222222.21,0.0,0.0,1457222222.21,,,0.16,1457222222.21,638782.34,1448117037.66,0.0,,0.0321,46484556.91,0.0277,0.0,,20504.91324183345,0.0,,1541795728.8217995,,0.0,1.0,1401632480.7470903,0.5,0.0
FRC,BASE,D0002,20260727,0.142,0.015,,1457222222.21,0.0,0.0,1457222222.21,,,0.157,1457222222.21,628801.37,1475953974.49,0.0,,0.0321,47378122.58,0.0277,0.0,,20184.523972436786,0.0,,1571433437.0994427,,0.0,1.0,1428575851.908584,0.5,0.0
FRC,BASE,D0001,20270130,0.125,0.01,,8969663275.6,0.0,0.0,8969663275.6,,,0.135,8969663275.6,3317546.69,10248008534.89,0.0,,0.0633,648698940.26,0.03165,90219100.01,,210000.7055387497,0.0,,10559240554.09003,,1380152693.4157572,1.0,9599309594.6273,0.5,1380152693.4157572
FRC,BASE,D0001,20260814,0.142,0.01,,11969663275.6,0.0,0.0,11969663275.6,,,0.152,11969663275.6,5001023.7,12549025987.98,0.0,,0.0633,794353345.04,0.03165,90219100.01,,316564.8000416756,0.0,,12930139907.239555,,1380152693.4157572,1.0,11754672642.945051,0.5,1380152693.4157572
FRC,BASE,D0001,20270109,0.125,0.01,,8969663275.6,0.0,0.0,8969663275.6,,,0.135,8969663275.6,3317546.69,10178340054.38,0.0,,0.0633,644288925.44,0.03165,90219100.01,,210000.7055387497,0.0,,10487456241.826445,,1380152693.4157572,1.0,9534051128.93313,0.5,1380152693.4157572
FRC,BASE,D0002,20260905,0.145,0.015,,1457222222.21,0.0,0.0,1457222222.21,,,0.16,1457222222.21,638782.34,1501155934.15,0.0,,0.0321,48187105.49,0.0277,0.0,,20504.91324183345,0.0,,1598265711.5351005,,0.0,1.0,1452968828.668273,0.5,0.0
FRC,BASE,D0002,20250912,0.18,0.015,,1672222222.22,0.0,0.0,1672222222.22,,,0.195,1672222222.22,893379.0,1651375648.78,0.0,,0.0321,53009158.33,0.0277,0.0,,28677.465753391385,0.0,,1758203139.497316,,0.0,1.0,1598366490.4521053,0.5,0.0
FRC,BASE,D0001,20260830,0.142,0.01,,11969663275.6,0.0,0.0,11969663275.6,,,0.152,11969663275.6,5001023.7,12629042367.14,0.0,,0.0633,799418381.84,0.03165,90219100.01,,316564.8000415564,0.0,,13012586383.832006,,1380152693.4157572,1.0,11829623985.301825,0.5,1380152693.4157572
FRC,BASE,D0002,20260819,0.142,0.015,,1457222222.21,0.0,0.0,1457222222.21,,,0.157,1457222222.21,628801.37,1490416406.0,0.0,,0.0321,47842366.63,0.0277,0.0,,20184.523972436786,0.0,,1586831443.300341,,0.0,1.0,1442574039.3639462,0.5,0.0
FRC,BASE,D0002,20261006,0.145,0.015,,1457222222.21,0.0,0.0,1457222222.21,,,0.16,1457222222.21,638782.34,1520958186.82,0.0,,0.0321,48822757.8,0.0277,0.0,,20504.9132418409,0.0,,1619348971.923356,,0.0,1.0,1472135429.0212326,0.5,0.0
FRC,BASE,D0002,20251008,0.17,0.015,,1648333333.33,0.0,0.0,1648333333.33,,,0.185,1648333333.33,835456.62,1626525150.29,0.0,,0.0321,52211457.32,0.0277,0.0,,26818.15753418952,0.0,,1731745062.266898,,0.0,1.0,1574313692.969907,0.5,0.0
FRC,BASE,D0001,20260620,0.145,0.01,,11969663275.6,0.0,0.0,11969663275.6,,,0.155,11969663275.6,5083007.69,12273149844.68,0.0,,0.0633,776890385.17,0.03165,90219100.01,,321754.38692748547,0.0,,12645885405.463345,,1380152693.4157572,1.0,11496259459.51213,0.5,1380152693.4157572
FRC,BASE,D0001,20261216,0.125,0.01,,13969663275.6,0.0,0.0,13969663275.6,,,0.135,13969663275.6,5166861.76,15234472358.45,0.0,,0.0633,964342100.29,0.03165,-68030899.99,,327062.3493742943,0.0,,15697143283.975302,,-1040722306.5842428,1.0,14270130258.159365,0.5,-1040722306.5842428
FRC,BASE,D0002,20260318,0.16,0.015,,1528888888.88,0.0,0.0,1528888888.88,,,0.175,1528888888.88,733028.92,1523142465.74,0.0,,0.0321,48892873.15,0.0277,0.0,,23530.228310361505,0.0,,1621674551.850619,,0.0,1.0,1474249592.5914717,0.5,0.0
FRC,BASE,D0002,20260919,0.145,0.015,,1457222222.21,0.0,0.0,1457222222.21,,,0.16,1457222222.21,638782.34,1510098886.97,0.0,,0.0321,48474174.27,0.0277,0.0,,20504.9132418409,0.0,,1607787183.968506,,0.0,1.0,1461624712.6986418,0.5,0.0
FRC,BASE,D0001,20261201,0.125,0.01,,13969663275.6,0.0,0.0,13969663275.6,,,0.135,13969663275.6,5166861.76,15156969432.06,0.0,,0.0633,959436165.05,0.03165,-68030899.99,,327062.3493744135,0.0,,15617286593.70875,,-1040722306.5842428,1.0,14197533267.007954,0.5,-1040722306.5842428
FRC,BASE,D0002,20251116,0.17,0.015,,1624444444.44,0.0,0.0,1624444444.44,,,0.185,1624444444.44,823348.55,1612360757.22,0.0,,0.0321,51756780.31,0.0277,0.0,,26429.488584399223,0.0,,1716664374.606608,,0.0,1.0,1560603976.915098,0.5,0.0
FRC,BASE,D0001,20261008,0.145,0.01,,11969663275.6,0.0,0.0,11969663275.6,,,0.155,11969663275.6,5083007.69,12827197683.15,0.0,,0.0633,811961613.34,0.03165,90219100.01,,321754.38692748547,0.0,,13216759676.786867,,1380152693.4157572,1.0,12015236069.806242,0.5,1380152693.4157572
FRC,BASE,D0002,20260612,0.145,0.015,,1457222222.21,0.0,0.0,1457222222.21,,,0.16,1457222222.21,638782.34,1447478255.31,0.0,,0.0321,46464052.0,0.0277,0.0,,20504.9132418409,0.0,,1541115623.6479845,,0.0,1.0,1401014203.3163495,0.5,0.0
FRC,BASE,D0001,20261012,0.145,0.01,,11969663275.6,5000000000.0,0.0,16969663275.6,,,0.155,14469663275.6,7206295.36,12849653001.59,0.0,,0.0633,1129883035.0,0.03165,-68030899.99,,316956158.4965166,-158250000.0,,12891746963.248655,,-1040722306.5842428,1.0,11719769966.589687,0.5,-1040722306.5842428
FRC,BASE,D0002,20260502,0.15,0.015,,1481111111.1,0.0,0.0,1481111111.1,,,0.165,1481111111.1,669543.38,1464550466.12,0.0,,0.0321,47012069.96,0.0277,0.0,,21492.34246558696,0.0,,1559292235.7755406,,0.0,1.0,1417538396.159582,0.5,0.0
FRC,BASE,D0002,20260701,0.142,0.015,,1457222222.21,0.0,0.0,1457222222.21,,,0.157,1457222222.21,628801.37,1459605138.87,0.0,,0.0321,46853324.96,0.0277,0.0,,20184.523972436786,0.0,,1554026995.307123,,0.0,1.0,1412751813.9155662,0.5,0.0
FRC,BASE,D0002,20270109,0.125,0.015,,1457222222.21,0.0,0.0,1457222222.21,,,0.14,1457222222.21,558934.55,1578448597.78,0.0,,0.0321,50668199.99,0.0277,0.0,,17941.799086607993,0.0,,1680558437.566678,,0.0,1.0,1527780397.787889,0.5,0.0
FRC,BASE,D0002,20250917,0.17,0.015,,1672222222.22,0.0,0.0,1672222222.22,,,0.185,1672222222.22,847564.69,1655705100.83,0.0,,0.0321,53148133.74,0.0277,0.0,,27206.82648397982,0.0,,1762812663.8055294,,0.0,1.0,1602556967.0959356,0.5,0.0
FRC,BASE,D0001,20261207,0.125,0.01,,13969663275.6,0.0,0.0,13969663275.6,,,0.135,13969663275.6,5166861.76,15187970602.61,0.0,,0.0633,961398539.15,0.03165,-68030899.99,,327062.3493742943,0.0,,15649229269.81537,,-1040722306.5842428,1.0,14226572063.468515,0.5,-1040722306.5842428
FRC,BASE,D0001,20260710,0.142,0.01,,11969663275.6,0.0,0.0,11969663275.6,,,0.152,11969663275.6,5001023.7,12373990158.58,0.0,,0.0633,783273577.04,0.03165,90219100.01,,316564.8000416756,0.0,,12749788239.69358,,1380152693.4157572,1.0,11590716581.539618,0.5,1380152693.4157572
FRC,BASE,D0001,20261102,0.145,0.01,,13969663275.6,0.0,0.0,13969663275.6,,,0.155,13969663275.6,5932322.76,14985697532.99,0.0,,0.0633,948594653.84,0.03165,-68030899.99,,375516.03076314926,0.0,,15440813167.07032,,-1040722306.5842428,1.0,14037102879.154837,0.5,-1040722306.5842428
FRC,BASE,D0001,20260905,0.145,0.01,,11969663275.6,0.0,0.0,11969663275.6,,,0.155,11969663275.6,5083007.69,12659458429.3,0.0,,0.0633,801343718.57,0.03165,90219100.01,,321754.3869276047,0.0,,13043926181.79901,,1380152693.4157572,1.0,11858114710.726372,0.5,1380152693.4157572
FRC,BASE,D0002,20251110,0.17,0.015,,1624444444.44,0.0,0.0,1624444444.44,,,0.185,1624444444.44,823348.55,1607420665.9,0.0,,0.0321,51598203.38,0.0277,0.0,,26429.48858440668,0.0,,1711404708.774659,,0.0,1.0,1555822462.5224168,0.5,0.0
FRC,BASE,D0001,20260728,0.142,0.01,,11969663275.6,0.0,0.0,11969663275.6,,,0.152,11969663275.6,5001023.7,12464008585.13,0.0,,0.0633,788971743.44,0.03165,90219100.01,,316564.8000415564,0.0,,12842540525.860085,,1380152693.4157572,1.0,11675036841.690985,0.5,1380152693.4157572
FRC,BASE,D0001,20261217,0.125,0.01,,13969663275.6,0.0,0.0,13969663275.6,,,0.135,13969663275.6,5166861.76,15239639220.21,0.0,,0.0633,964669162.64,0.03165,-68030899.99,,327062.3493742943,0.0,,15702467063.326406,,-1040722306.5842428,1.0,14274970057.56946,0.5,-1040722306.5842428
FRC,BASE,D0002,20260731,0.142,0.015,,1457222222.21,0.0,0.0,1457222222.21,,,0.157,1457222222.21,628801.37,1478469179.97,0.0,,0.0321,47458860.68,0.0277,0.0,,20184.523972436786,0.0,,1574111351.221338,,0.0,1.0,1431010319.2921257,0.5,0.0
FRC,BASE,D0001,20270225,0.125,0.01,,8969663275.6,0.0,0.0,8969663275.6,,,0.135,8969663275.6,3317546.69,10334264748.85,0.0,,0.0633,654158958.6,0.03165,90219100.01,,210000.7055387497,0.0,,10648116369.273518,,1380152693.4157572,1.0,9680105790.248652,0.5,1380152693.4157572
FRC,BASE,D0001,20261210,0.125,0.01,,13969663275.6,0.0,0.0,13969663275.6,,,0.135,13969663275.6,5166861.76,15203471187.89,0.0,,0.0633,962379726.19,0.03165,-68030899.99,,327062.3493742943,0.0,,15665200607.868685,,-1040722306.5842428,1.0,14241091461.6988,0.5,-1040722306.5842428
FRC,BASE,D0002,20260901,0.145,0.015,,1457222222.21,0.0,0.0,1457222222.21,,,0.16,1457222222.21,638782.34,1498600804.78,0.0,,0.0321,48105085.83,0.0277,0.0,,20504.91324183345,0.0,,1595545290.8398418,,0.0,1.0,1450495718.9453106,0.5,0.0
FRC,BASE,D0002,20260616,0.145,0.015,,1457222222.21,0.0,0.0,1457222222.21,,,0.16,1457222222.21,638782.34,1450033384.69,0.0,,0.0321,46546071.65,0.0277,0.0,,20504.9132418409,0.0,,1543836044.3432434,,0.0,1.0,1403487313.039312,0.5,0.0
FRC,BASE,D0002,20250911,0.18,0.015,,1672222222.22,0.0,0.0,1672222222.22,,,0.195,1672222222.22,893379.0,1650482269.78,0.0,,0.0321,52980480.86,0.0277,0.0,,28677.46575338393,0.0,,1757251967.814669,,0.0,1.0,1597501788.9224262,0.5,0.0
FRC,BASE,D0002,20250827,0.18,0.015,,1696111111.11,0.0,0.0,1696111111.11,,,0.195,1696111111.11,906141.55,1684240951.29,0.0,,0.0321,54064134.54,0.0277,0.0,,29087.14383559674,0.0,,1793194498.4317615,,0.0,1.0,1630176816.756147,0.5,0.0
FRC,BASE,D0001,20261024,0.145,0.01,,13969663275.6,0.0,0.0,13969663275.6,,,0.155,13969663275.6,5932322.76,14932306628.15,0.0,,0.0633,945215009.56,0.03165,-68030899.99,,375516.03076314926,0.0,,15385800780.44225,,-1040722306.5842428,1.0,13987091618.583862,0.5,-1040722306.5842428
FRC,BASE,D0002,20251213,0.17,0.015,,1600555555.55,0.0,0.0,1600555555.55,,,0.185,1600555555.55,811240.49,1588208763.31,0.0,,0.0321,50981501.3,0.0277,0.0,,26040.81963461637,0.0,,1690949988.2086663,,0.0,1.0,1537227262.0078783,0.5,0.0
FRC,BASE,D0002,20251208,0.17,0.015,,1600555555.55,0.0,0.0,1600555555.55,,,0.185,1600555555.55,811240.49,1584152560.87,0.0,,0.0321,50851297.2,0.0277,0.0,,26040.819634608924,0.0,,1686631390.037829,,0.0,1.0,1533301263.6707537,0.5,0.0
FRC,BASE,D0002,20260920,0.145,0.015,,1457222222.21,0.0,0.0,1457222222.21,,,0.16,1457222222.21,638782.34,1510737669.31,0.0,,0.0321,48494679.18,0.0277,0.0,,20504.91324183345,0.0,,1608467289.1423206,,0.0,1.0,1462242990.1293824,0.5,0.0
FRC,BASE,D0002,20251020,0.17,0.015,,1648333333.33,0.0,0.0,1648333333.33,,,0.185,1648333333.33,835456.62,1636550629.75,0.0,,0.0321,52533275.21,0.0277,0.0,,26818.157534196973,0.0,,1742419089.9846847,,0.0,1.0,1584017354.531531,0.5,0.0
FRC,BASE,D0002,20250918,0.17,0.015,,1672222222.22,0.0,0.0,1672222222.22,,,0.185,1672222222.22,847564.69,1656552665.52,0.0,,0.0321,53175340.56,0.0277,0.0,,27206.82648397982,0.0,,1763715057.4531689,,0.0,1.0,1603377324.957426,0.5,0.0
FRC,BASE,D0001,20261104,0.145,0.01,,13969663275.6,0.0,0.0,13969663275.6,,,0.155,13969663275.6,5932322.76,14997562178.52,0.0,,0.0633,949345685.9,0.03165,-68030899.99,,375516.03076314926,0.0,,15453038141.876556,,-1040722306.5842428,1.0,14048216492.61505,0.5,-1040722306.5842428
FRC,BASE,D0002,20261101,0.145,0.015,,1457222222.21,0.0,0.0,1457222222.21,,,0.16,1457222222.21,638782.34,1537566527.76,0.0,,0.0321,49355885.54,0.0277,0.0,,20504.9132418409,0.0,,1637031706.4425378,,0.0,1.0,1488210642.2204888,0.5,0.0
FRC,BASE,D0002,20261025,0.145,0.015,,1457222222.21,0.0,0.0,1457222222.21,,,0.16,1457222222.21,638782.34,1533095051.35,0.0,,0.0321,49212351.15,0.0277,0.0,,20504.91324184835,0.0,,1632270970.2258348,,0.0,1.0,1483882700.2053044,0.5,0.0
FRC,BASE,D0002,20260828,0.142,0.015,,1457222222.21,0.0,0.0,1457222222.21,,,0.157,1457222222.21,628801.37,1496075618.33,0.0,,0.0321,48024027.35,0.0277,0.0,,20184.52397242933,0.0,,1592856750.0746057,,0.0,1.0,1448051590.9769142,0.5,0.0
FRC,BASE,D0001,20270213,0.125,0.01,,8969663275.6,0.0,0.0,8969663275.6,,,0.135,8969663275.6,3317546.69,10294454188.56,0.0,,0.0633,651638950.14,0.03165,90219100.01,,210000.7055387497,0.0,,10607096762.265757,,1380152693.4157572,1.0,9642815238.423412,0.5,1380152693.4157572
FRC,BASE,D0002,20260224,0.16,0.015,,1552777777.77,0.0,0.0,1552777777.77,,,0.175,1552777777.77,744482.5,1552209598.54,0.0,,0.0321,49825928.11,0.0277,0.0,,23897.888127736747,0.0,,1652622037.4686477,,0.0,1.0,1502383670.4260433,0.5,0.0
FRC,BASE,D0002,20260912,0.145,0.015,,1457222222.21,0.0,0.0,1457222222.21,,,0.16,1457222222.21,638782.34,1505627410.56,0.0,,0.0321,48330639.88,0.0277,0.0,,20504.9132418409,0.0,,1603026447.7518032,,0.0,1.0,1457296770.6834574,0.5,0.0
FRC,BASE,D0001,20261209,0.125,0.01,,13969663275.6,0.0,0.0,13969663275.6,,,0.135,13969663275.6,5166861.76,15198304326.13,0.0,,0.0633,962052663.84,0.03165,-68030899.99,,327062.3493744135,0.0,,15659876828.517578,,-1040722306.5842428,1.0,14236251662.288706,0.5,-1040722306.5842428
FRC,BASE,D0001,20261025,0.145,0.01,,13969663275.6,0.0,0.0,13969663275.6,,,0.155,13969663275.6,5932322.76,14938238950.91,0.0,,0.0633,945590525.59,0.03165,-68030899.99,,375516.03076314926,0.0,,15391913267.845367,,-1040722306.5842428,1.0,13992648425.313969,0.5,-1040722306.5842428
FRC,BASE,D0001,20261121,0.145,0.01,,13969663275.6,0.0,0.0,13969663275.6,,,0.155,13969663275.6,5932322.76,15098411665.45,0.0,,0.0633,955729458.42,0.03165,-68030899.99,,375516.03076314926,0.0,,15556950427.729578,,-1040722306.5842428,1.0,14142682207.026888,0.5,-1040722306.5842428
FRC,BASE,D0001,20260916,0.145,0.01,,11969663275.6,0.0,0.0,11969663275.6,,,0.155,11969663275.6,5083007.69,12715371513.92,0.0,,0.0633,804883016.83,0.03165,90219100.01,,321754.38692748547,0.0,,13101537346.794962,,1380152693.4157572,1.0,11910488497.086329,0.5,1380152693.4157572
FRC,BASE,D0001,20270216,0.125,0.01,,8969663275.6,0.0,0.0,8969663275.6,,,0.135,8969663275.6,3317546.69,10304406828.63,0.0,,0.0633,652268952.25,0.03165,90219100.01,,210000.7055388689,0.0,,10617351664.017694,,1380152693.4157572,1.0,9652137876.37972,0.5,1380152693.4157572
FRC,BASE,D0001,20270122,0.125,0.01,,8969663275.6,0.0,0.0,8969663275.6,,,0.135,8969663275.6,3317546.69,10221468161.36,0.0,,0.0633,647018934.61,0.03165,90219100.01,,210000.7055388689,0.0,,10531894149.418188,,1380152693.4157572,1.0,9574449226.743809,0.5,1380152693.4157572
FRC,BASE,D0002,20260617,0.145,0.015,,1457222222.21,0.0,0.0,1457222222.21,,,0.16,1457222222.21,638782.34,1450672167.03,0.0,,0.0321,46566576.56,0.0277,0.0,,20504.91324183345,0.0,,1544516149.517058,,0.0,1.0,1404105590.4700527,0.5,0.0
FRC,BASE,D0002,20270108,0.125,0.015,,1457222222.21,0.0,0.0,1457222222.21,,,0.14,1457222222.21,558934.55,1577889663.23,0.0,,0.0321,50650258.19,0.0277,0.0,,17941.799086615443,0.0,,1679963345.53959,,0.0,1.0,1527239405.035991,0.5,0.0
FRC,BASE,D0002,20270211,0.125,0.015,,1457222222.21,0.0,0.0,1457222222.21,,,0.14,1457222222.21,558934.55,1596893437.96,0.0,,0.0321,51260279.36,0.0277,0.0,,17941.799086600542,0.0,,1700196474.4605772,,0.0,1.0,1545633158.600525,0.5,0.0
FRC,BASE,D0001,20261026,0.145,0.01,,13969663275.6,0.0,0.0,13969663275.6,,,0.155,13969663275.6,5932322.76,14944171273.67,0.0,,0.0633,945966041.62,0.03165,-68030899.99,,375516.03076314926,0.0,,15398025755.248486,,-1040722306.5842428,1.0,13998205232.044077,0.5,-1040722306.5842428
FRC,BASE,D0002,20260509,0.15,0.015,,1481111111.1,0.0,0.0,1481111111.1,,,0.165,1481111111.1,669543.38,1469237269.78,0.0,,0.0321,47162516.36,0.0277,0.0,,21492.34246558696,0.0,,1564282228.7567816,,0.0,1.0,1422074753.4152558,0.5,0.0
FRC,BASE,D0002,20251223,0.16,0.015,,1600555555.55,0.0,0.0,1600555555.55,,,0.175,1600555555.55,767389.65,1596233466.51,0.0,,0.0321,51239094.27,0.0277,0.0,,24633.20776246488,0.0,,1699493809.4547555,,0.0,1.0,1544994372.2315958,0.5,0.0
FRC,BASE,D0002,20260126,0.16,0.015,,1576666666.66,0.0,0.0,1576666666.66,,,0.175,1576666666.66,755936.07,1576130393.83,0.0,,0.0321,50593785.64,0.0277,0.0,,24265.54794509709,0.0,,1678090269.0018408,,0.0,1.0,1525536608.1834917,0.5,0.0
FRC,BASE,D0002,20260118,0.16,0.015,,1576666666.66,0.0,0.0,1576666666.66,,,0.175,1576666666.66,755936.07,1570082905.24,0.0,,0.0321,50399661.26,0.0277,0.0,,24265.54794509709,0.0,,1671651568.3808634,,0.0,1.0,1519683243.982603,0.5,0.0
FRC,BASE,D0001,20260703,0.142,0.01,,11969663275.6,0.0,0.0,11969663275.6,,,0.152,11969663275.6,5001023.7,12338982992.7,0.0,,0.0633,781057623.44,0.03165,90219100.01,,316564.8000416756,0.0,,12713717906.184383,,1380152693.4157572,1.0,11557925369.25853,0.5,1380152693.4157572
FRC,BASE,D0002,20260724,0.142,0.015,,1457222222.21,0.0,0.0,1457222222.21,,,0.157,1457222222.21,628801.37,1474067570.38,0.0,,0.0321,47317569.01,0.0277,0.0,,20184.52397242933,0.0,,1569425001.5080214,,0.0,1.0,1426750001.3709283,0.5,0.0
FRC,BASE,D0002,20261112,0.145,0.015,,1457222222.21,0.0,0.0,1457222222.21,,,0.16,1457222222.21,638782.34,1544593133.55,0.0,,0.0321,49581439.59,0.0277,0.0,,20504.9132418409,0.0,,1644512863.3544996,,0.0,1.0,1495011693.9586358,0.5,0.0
FRC,BASE,D0001,20261205,0.125,0.01,,13969663275.6,0.0,0.0,13969663275.6,,,0.135,13969663275.6,5166861.76,15177636879.1,0.0,,0.0633,960744414.45,0.03165,-68030899.99,,327062.3493745327,0.0,,15638581711.113165,,-1040722306.5842428,1.0,14216892464.648329,0.5,-1040722306.5842428
FRC,BASE,D0002,20260109,0.16,0.015,,1576666666.66,0.0,0.0,1576666666.66,,,0.175,1576666666.66,755936.07,1563279480.58,0.0,,0.0321,50181271.33,0.0277,0.0,,24265.54794509709,0.0,,1664408030.182264,,0.0,1.0,1513098209.2566037,0.5,0.0
FRC,BASE,D0002,20260205,0.16,0.015,,1552777777.77,0.0,0.0,1552777777.77,,,0.175,1552777777.77,744482.5,1538064431.11,0.0,,0.0321,49371868.24,0.0277,0.0,,23897.8881277442,0.0,,1637561819.1601236,,0.0,1.0,1488692562.8728397,0.5,0.0
FRC,BASE,D0001,20260907,0.145,0.01,,11969663275.6,0.0,0.0,11969663275.6,,,0.155,11969663275.6,5083007.69,12669624444.69,0.0,,0.0633,801987227.35,0.03165,90219100.01,,321754.3869276047,0.0,,13054400939.071,,1380152693.4157572,1.0,11867637217.337273,0.5,1380152693.4157572
FRC,BASE,D0002,20251027,0.17,0.015,,1648333333.33,0.0,0.0,1648333333.33,,,0.185,1648333333.33,835456.62,1642398826.09,0.0,,0.0321,52721002.32,0.0277,0.0,,26818.15753418952,0.0,,1748645606.1533933,,0.0,1.0,1589677823.775812,0.5,0.0
FRC,BASE,D0002,20261102,0.145,0.015,,1457222222.21,0.0,0.0,1457222222.21,,,0.16,1457222222.21,638782.34,1538205310.11,0.0,,0.0321,49376390.45,0.0277,0.0,,20504.91324183345,0.0,,1637711811.6163528,,0.0,1.0,1488828919.6512296,0.5,0.0
FRC,BASE,D0002,20251209,0.17,0.015,,1600555555.55,0.0,0.0,1600555555.55,,,0.185,1600555555.55,811240.49,1584963801.36,0.0,,0.0321,50877338.02,0.0277,0.0,,26040.81963461637,0.0,,1687495109.6719964,,0.0,1.0,1534086463.3381784,0.5,0.0
FRC,BASE,D0002,20260830,0.142,0.015,,1457222222.21,0.0,0.0,1457222222.21,,,0.157,1457222222.21,628801.37,1497333221.06,0.0,,0.0321,48064396.4,0.0277,0.0,,20184.523972436786,0.0,,1594195707.1355531,,0.0,1.0,1449268824.6686845,0.5,0.0
FRC,BASE,D0002,20261228,0.125,0.015,,1457222222.21,0.0,0.0,1457222222.21,,,0.14,1457222222.21,558934.55,1571741383.16,0.0,,0.0321,50452898.4,0.0277,0.0,,17941.799086607993,0.0,,1673417333.241624,,0.0,1.0,1521288484.7651124,0.5,0.0
FRC,BASE,D0002,20260922,0.145,0.015,,1457222222.21,0.0,0.0,1457222222.21,,,0.16,1457222222.21,638782.34,1512015234.0,0.0,,0.0321,48535689.01,0.0277,0.0,,20504.91324183345,0.0,,1609827499.48995,,0.0,1.0,1463479544.9908636,0.5,0.0
FRC,BASE,D0002,20260312,0.16,0.015,,1528888888.88,0.0,0.0,1528888888.88,,,0.175,1528888888.88,733028.92,1518744292.23,0.0,,0.0321,48751691.78,0.0277,0.0,,23530.228310368955,0.0,,1616991860.4899158,,0.0,1.0,1469992600.4453778,0.5,0.0
FRC,BASE,D0002,20260106,0.16,0.015,,1576666666.66,0.0,0.0,1576666666.66,,,0.175,1576666666.66,755936.07,1561011672.36,0.0,,0.0321,50108474.68,0.0277,0.0,,24265.54794510454,0.0,,1661993517.449397,,0.0,1.0,1510903197.68127,0.5,0.0
FRC,BASE,D0001,20261203,0.125,0.01,,13969663275.6,0.0,0.0,13969663275.6,,,0.135,13969663275.6,5166861.76,15167303155.58,0.0,,0.0633,960090289.75,0.03165,-68030899.99,,327062.3493742943,0.0,,15627934152.410955,,-1040722306.5842428,1.0,14207212865.828142,0.5,-1040722306.5842428
FRC,BASE,D0002,20260528,0.15,0.015,,1481111111.1,0.0,0.0,1481111111.1,,,0.165,1481111111.1,669543.38,1481958593.98,0.0,,0.0321,47570870.87,0.0277,0.0,,21492.34246559441,0.0,,1577826495.4201505,,0.0,1.0,1434387723.1092274,0.5,0.0
FRC,BASE,D0001,20260912,0.145,0.01,,11969663275.6,0.0,0.0,11969663275.6,,,0.155,11969663275.6,5083007.69,12695039483.15,0.0,,0.0633,803595999.28,0.03165,90219100.01,,321754.3869276047,0.0,,13080587832.25098,,1380152693.4157572,1.0,11891443483.864529,0.5,1380152693.4157572
FRC,BASE,D0001,20261229,0.125,0.01,,13969663275.6,0.0,0.0,13969663275.6,,,0.135,13969663275.6,5166861.76,15301641561.32,0.0,,0.0633,968593910.83,0.03165,-68030899.99,,327062.3493742943,0.0,,15766352415.53965,,-1040722306.5842428,1.0,14333047650.49059,0.5,-1040722306.5842428
FRC,BASE,D0002,20270126,0.125,0.015,,1457222222.21,0.0,0.0,1457222222.21,,,0.14,1457222222.21,558934.55,1587950485.14,0.0,,0.0321,50973210.57,0.0277,0.0,,17941.799086607993,0.0,,1690675002.0271716,,0.0,1.0,1536977274.570156,0.5,0.0
FRC,BASE,D0002,20270101,0.125,0.015,,1457222222.21,0.0,0.0,1457222222.21,,,0.14,1457222222.21,558934.55,1573977121.37,0.0,,0.0321,50524665.6,0.0277,0.0,,17941.799086615443,0.0,,1675797701.349975,,0.0,1.0,1523452455.7727046,0.5,0.0
FRC,BASE,D0001,20260924,0.145,0.01,,11969663275.6,0.0,0.0,11969663275.6,,,0.155,11969663275.6,5083007.69,12756035575.46,0.0,,0.0633,807457051.93,0.03165,90219100.01,,321754.38692748547,0.0,,13143436375.882929,,1380152693.4157572,1.0,11948578523.529934,0.5,1380152693.4157572
FRC,BASE,D0002,20250908,0.18,0.015,,1672222222.22,0.0,0.0,1672222222.22,,,0.195,1672222222.22,893379.0,1647802132.8,0.0,,0.0321,52894448.46,0.0277,0.0,,28677.465753376484,0.0,,1754398452.766728,,0.0,1.0,1594907684.3333888,0.5,0.0
FRC,BASE,D0001,20270203,0.125,0.01,,8969663275.6,0.0,0.0,8969663275.6,,,0.135,8969663275.6,3317546.69,10261278721.65,0.0,,0.0633,649538943.08,0.03165,90219100.01,,210000.7055388689,0.0,,10572913756.425953,,1380152693.4157572,1.0,9611739778.569046,0.5,1380152693.4157572
FRC,BASE,D0002,20261113,0.145,0.015,,1457222222.21,0.0,0.0,1457222222.21,,,0.16,1457222222.21,638782.34,1545231915.89,0.0,,0.0321,49601944.5,0.0277,0.0,,20504.91324183345,0.0,,1645192968.528314,,0.0,1.0,1495629971.3893764,0.5,0.0
FRC,BASE,D0001,20270108,0.125,0.01,,8969663275.6,0.0,0.0,8969663275.6,,,0.135,8969663275.6,3317546.69,10175022507.68,0.0,,0.0633,644078924.74,0.03165,90219100.01,,210000.7055387497,0.0,,10484037941.242466,,1380152693.4157572,1.0,9530943582.947697,0.5,1380152693.4157572
FRC,BASE,D0001,20260623,0.145,0.01,,11969663275.6,0.0,0.0,11969663275.6,,,0.155,11969663275.6,5083007.69,12288398867.76,0.0,,0.0633,777855648.33,0.03165,90219100.01,,321754.3869276047,0.0,,12661597541.371332,,1380152693.4157572,1.0,11510543219.428482,0.5,1380152693.4157572
FRC,BASE,D0002,20260422,0.15,0.015,,1504999999.99,0.0,0.0,1504999999.99,,,0.165,1504999999.99,680342.47,1502351278.53,0.0,,0.0321,48225476.04,0.0277,0.0,,21838.993150547147,0.0,,1599538382.7361145,,0.0,1.0,1454125802.4873765,0.5,0.0
FRC,BASE,D0002,20251230,0.16,0.015,,1600555555.55,0.0,0.0,1600555555.55,,,0.175,1600555555.55,767389.65,1601605194.06,0.0,,0.0321,51411526.73,0.0277,0.0,,24633.207762479786,0.0,,1705213034.0593777,,0.0,1.0,1550193667.326707,0.5,0.0
FRC,BASE,D0001,20270118,0.125,0.01,,8969663275.6,0.0,0.0,8969663275.6,,,0.135,8969663275.6,3317546.69,10208197974.59,0.0,,0.0633,646178931.79,0.03165,90219100.01,,210000.7055387497,0.0,,10518220947.082268,,1380152693.4157572,1.0,9562019042.80206,0.5,1380152693.4157572
FRC,BASE,D0002,20261123,0.145,0.015,,1457222222.21,0.0,0.0,1457222222.21,,,0.16,1457222222.21,638782.34,1551619739.33,0.0,,0.0321,49806993.63,0.0277,0.0,,20504.91324183345,0.0,,1651994020.266461,,0.0,1.0,1501812745.6967826,0.5,0.0
FRC,BASE,D0002,20261214,0.125,0.015,,1457222222.21,0.0,0.0,1457222222.21,,,0.14,1457222222.21,558934.55,1563916299.45,0.0,,0.0321,50201713.21,0.0277,0.0,,17941.799086607993,0.0,,1665086044.862394,,0.0,1.0,1513714586.2385397,0.5,0.0
FRC,BASE,D0002,20260304,0.16,0.015,,1528888888.88,0.0,0.0,1528888888.88,,,0.175,1528888888.88,733028.92,1512880060.87,0.0,,0.0321,48563449.95,0.0277,0.0,,23530.22831035405,0.0,,1610748272.008978,,0.0,1.0,1464316610.9172523,0.5,0.0
FRC,BASE,D0002,20250821,0.18,0.015,,1696111111.11,0.0,0.0,1696111111.11,,,0.195,1696111111.11,906141.55,1678804101.98,0.0,,0.0321,53889611.67,0.0277,0.0,,29087.14383559674,0.0,,1787405939.334505,,0.0,1.0,1624914490.3040955,0.5,0.0
FRC,BASE,D0002,20261103,0.145,0.015,,1457222222.21,0.0,0.0,1457222222.21,,,0.16,1457222222.21,638782.34,1538844092.45,0.0,,0.0321,49396895.37,0.0277,0.0,,20504.9132418409,0.0,,1638391916.790167,,0.0,1.0,1489447197.0819702,0.5,0.0
FRC,BASE,D0002,20260511,0.15,0.015,,1481111111.1,0.0,0.0,1481111111.1,,,0.165,1481111111.1,669543.38,1470576356.53,0.0,,0.0321,47205501.04,0.0277,0.0,,21492.34246559441,0.0,,1565707941.0371363,,0.0,1.0,1423370855.4883056,0.5,0.0
FRC,BASE,D0002,20260217,0.16,0.015,,1552777777.77,0.0,0.0,1552777777.77,,,0.175,1552777777.77,744482.5,1546998221.07,0.0,,0.0321,49658642.9,0.0277,0.0,,23897.888127729297,0.0,,1647073535.98656,,0.0,1.0,1497339578.1695998,0.5,0.0
FRC,BASE,D0002,20260821,0.142,0.015,,1457222222.21,0.0,0.0,1457222222.21,,,0.157,1457222222.21,628801.37,1491674008.74,0.0,,0.0321,47882735.68,0.0277,0.0,,20184.52397242933,0.0,,1588170400.3612883,,0.0,1.0,1443791273.0557168,0.5,0.0
FRC,BASE,D0002,20260424,0.15,0.015,,1504999999.99,0.0,0.0,1504999999.99,,,0.165,1504999999.99,680342.47,1503711963.46,0.0,,0.0321,48269154.03,0.0277,0.0,,21838.993150547147,0.0,,1600987090.3758304,,0.0,1.0,1455442809.432573,0.5,0.0
FRC,BASE,D0002,20260428,0.15,0.015,,1504999999.99,0.0,0.0,1504999999.99,,,0.165,1504999999.99,680342.47,1506433333.32,0.0,,0.0321,48356510.0,0.0277,0.0,,21838.993150539696,0.0,,1603884505.6552634,,0.0,1.0,1458076823.3229666,0.5,0.0
FRC,BASE,D0002,20251106,0.17,0.015,,1624444444.44,0.0,0.0,1624444444.44,,,0.185,1624444444.44,823348.55,1604127271.68,0.0,,0.0321,51492485.42,0.0277,0.0,,26429.48858440668,0.0,,1707898264.8866923,,0.0,1.0,1552634786.2606294,0.5,0.0
FRC,BASE,D0002,20251216,0.17,0.015,,1600555555.55,0.0,0.0,1600555555.55,,,0.185,1600555555.55,811240.49,1590642484.77,0.0,,0.0321,51059623.76,0.0277,0.0,,26040.819634608924,0.0,,1693541147.1111689,,0.0,1.0,1539582861.0101533,0.5,0.0
FRC,BASE,D0001,20260811,0.142,0.01,,11969663275.6,0.0,0.0,11969663275.6,,,0.152,11969663275.6,5001023.7,12534022916.89,0.0,,0.0633,793403650.64,0.03165,90219100.01,,316564.8000415564,0.0,,12914681192.878471,,1380152693.4157572,1.0,11740619266.253157,0.5,1380152693.4157572
FRC,BASE,D0001,20270214,0.125,0.01,,8969663275.6,0.0,0.0,8969663275.6,,,0.135,8969663275.6,3317546.69,10297771735.25,0.0,,0.0633,651848950.84,0.03165,90219100.01,,210000.7055386305,0.0,,10610515062.849731,,1380152693.4157572,1.0,9645922784.408848,0.5,1380152693.4157572
FRC,BASE,D0002,20260228,0.16,0.015,,1552777777.77,0.0,0.0,1552777777.77,,,0.175,1552777777.77,744482.5,1555187528.52,0.0,,0.0321,49921519.67,0.0277,0.0,,23897.888127729297,0.0,,1655792609.7441263,,0.0,1.0,1505266008.8582966,0.5,0.0
FRC,BASE,D0001,20260803,0.142,0.01,,11969663275.6,0.0,0.0,11969663275.6,,,0.152,11969663275.6,5001023.7,12494014727.31,0.0,,0.0633,790871132.24,0.03165,90219100.01,,316564.8000415564,0.0,,12873457954.582253,,1380152693.4157572,1.0,11703143595.074774,0.5,1380152693.4157572
FRC,BASE,D0002,20260221,0.16,0.015,,1552777777.77,0.0,0.0,1552777777.77,,,0.175,1552777777.77,744482.5,1549976151.05,0.0,,0.0321,49754234.45,0.0277,0.0,,23897.888127736747,0.0,,1650244108.2620385,,0.0,1.0,1500221916.6018531,0.5,0.0
FRC,BASE,D0001,20261106,0.145,0.01,,13969663275.6,0.0,0.0,13969663275.6,,,0.155,13969663275.6,5932322.76,15009426824.04,0.0,,0.0633,950096717.96,0.03165,-68030899.99,,375516.03076314926,0.0,,15465263116.682796,,-1040722306.5842428,1.0,14059330106.075266,0.5,-1040722306.5842428
FRC,BASE,D0002,20260621,0.145,0.015,,1457222222.21,0.0,0.0,1457222222.21,,,0.16,1457222222.21,638782.34,1453227296.41,0.0,,0.0321,46648596.21,0.0277,0.0,,20504.91324183345,0.0,,1547236570.2123168,,0.0,1.0,1406578700.193015,0.5,0.0
FRC,BASE,D0002,20260515,0.15,0.015,,1481111111.1,0.0,0.0,1481111111.1,,,0.165,1481111111.1,669543.38,1473254530.05,0.0,,0.0321,47291470.41,0.0277,0.0,,21492.34246559441,0.0,,1568559365.5978453,,0.0,1.0,1425963059.634405,0.5,0.0
FRC,BASE,D0001,20260617,0.145,0.01,,11969663275.6,0.0,0.0,11969663275.6,,,0.155,11969663275.6,5083007.69,12257900821.6,0.0,,0.0633,775925122.01,0.03165,90219100.01,,321754.3869276047,0.0,,12630173269.55536,,1380152693.4157572,1.0,11481975699.59578,0.5,1380152693.4157572
FRC,BASE,D0002,20260503,0.15,0.015,,1481111111.1,0.0,0.0,1481111111.1,,,0.165,1481111111.1,669543.38,1465220009.5,0.0,,0.0321,47033562.3,0.0277,0.0,,21492.34246559441,0.0,,1560005091.9157178,,0.0,1.0,1418186447.196107,0.5,0.0
FRC,BASE,D0001,20260619,0.145,0.01,,11969663275.6,0.0,0.0,11969663275.6,,,0.155,11969663275.6,5083007.69,12268066836.99,0.0,,0.0633,776568630.78,0.03165,90219100.01,,321754.38692748547,0.0,,12640648026.827349,,1380152693.4157572,1.0,11491498206.20668,0.5,1380152693.4157572
FRC,BASE,D0002,20261227,0.125,0.015,,1457222222.21,0.0,0.0,1457222222.21,,,0.14,1457222222.21,558934.55,1571182448.61,0.0,,0.0321,50434956.6,0.0277,0.0,,17941.799086600542,0.0,,1672822241.214536,,0.0,1.0,1520747492.0132143,0.5,0.0
FRC,BASE,D0002,20260215,0.16,0.015,,1552777777.77,0.0,0.0,1552777777.77,,,0.175,1552777777.77,744482.5,1545509256.07,0.0,,0.0321,49610847.12,0.0277,0.0,,23897.888127729297,0.0,,1645488249.8488202,,0.0,1.0,1495898408.9534729,0.5,0.0
FRC,BASE,D0002,20251229,0.16,0.015,,1600555555.55,0.0,0.0,1600555555.55,,,0.175,1600555555.55,767389.65,1600837804.41,0.0,,0.0321,51386893.52,0.0277,0.0,,24633.20776246488,0.0,,1704396001.9730031,,0.0,1.0,1549450910.8845482,0.5,0.0
FRC,BASE,D0001,20270209,0.125,0.01,,8969663275.6,0.0,0.0,8969663275.6,,,0.135,8969663275.6,3317546.69,10281184001.8,0.0,,0.0633,650798947.31,0.03165,90219100.01,,210000.7055387497,0.0,,10593423559.929834,,1380152693.4157572,1.0,9630385054.481668,0.5,1380152693.4157572
FRC,BASE,D0001,20270113,0.125,0.01,,8969663275.6,0.0,0.0,8969663275.6,,,0.135,8969663275.6,3317546.69,10191610241.14,0.0,,0.0633,645128928.26,0.03165,90219100.01,,210000.7055387497,0.0,,10501129444.162369,,1380152693.4157572,1.0,9546481312.874878,0.5,1380152693.4157572
FRC,BASE,D0001,20270205,0.125,0.01,,8969663275.6,0.0,0.0,8969663275.6,,,0.135,8969663275.6,3317546.69,10267913815.03,0.0,,0.0633,649958944.49,0.03165,90219100.01,,210000.7055387497,0.0,,10579750357.593914,,1380152693.4157572,1.0,9617954870.53992,0.5,1380152693.4157572
FRC,BASE,D0001,20260809,0.142,0.01,,11969663275.6,0.0,0.0,11969663275.6,,,0.152,11969663275.6,5001023.7,12524020869.5,0.0,,0.0633,792770521.04,0.03165,90219100.01,,316564.8000415564,0.0,,12904375383.30442,,1380152693.4157572,1.0,11731250348.45856,0.5,1380152693.4157572
FRC,BASE,D0002,20251220,0.17,0.015,,1600555555.55,0.0,0.0,1600555555.55,,,0.185,1600555555.55,811240.49,1593887446.72,0.0,,0.0321,51163787.04,0.0277,0.0,,26040.81963461637,0.0,,1696996025.6478386,,0.0,1.0,1542723659.6798532,0.5,0.0
FRC,BASE,D0001,20260606,0.145,0.01,,11969663275.6,0.0,0.0,11969663275.6,,,0.155,11969663275.6,5083007.69,12201987736.99,0.0,,0.0633,772385823.75,0.03165,90219100.01,,321754.38692748547,0.0,,12572562104.559408,,1380152693.4157572,1.0,11429601913.235825,0.5,1380152693.4157572
FRC,BASE,D0002,20251014,0.17,0.015,,1648333333.33,0.0,0.0,1648333333.33,,,0.185,1648333333.33,835456.62,1631537890.02,0.0,,0.0321,52372366.27,0.0277,0.0,,26818.15753418952,0.0,,1737082076.125791,,0.0,1.0,1579165523.750719,0.5,0.0
FRC,BASE,D0002,20251226,0.16,0.015,,1600555555.55,0.0,0.0,1600555555.55,,,0.175,1600555555.55,767389.65,1598535635.46,0.0,,0.0321,51312993.9,0.0277,0.0,,24633.20776247233,0.0,,1701944905.713879,,0.0,1.0,1547222641.558072,0.5,0.0
FRC,BASE,D0002,20260603,0.15,0.015,,1457222222.21,0.0,0.0,1457222222.21,,,0.165,1457222222.21,658744.29,1441689290.32,0.0,,0.0321,46278226.22,0.0277,0.0,,21145.69178064913,0.0,,1534952170.510289,,0.0,1.0,1395411064.1002626,0.5,0.0
FRC,BASE,D0002,20260730,0.142,0.015,,1457222222.21,0.0,0.0,1457222222.21,,,0.157,1457222222.21,628801.37,1477840378.6,0.0,,0.0321,47438676.15,0.0277,0.0,,20184.52397242933,0.0,,1573441872.6908643,,0.0,1.0,1430401702.4462402,0.5,0.0
FRC,BASE,D0002,20260813,0.142,0.015,,1457222222.21,0.0,0.0,1457222222.21,,,0.157,1457222222.21,628801.37,1486643597.78,0.0,,0.0321,47721259.49,0.0277,0.0,,20184.523972421885,0.0,,1582814572.1174982,,0.0,1.0,1438922338.2886343,0.5,0.0
FRC,BASE,D0002,20261007,0.145,0.015,,1457222222.21,0.0,0.0,1457222222.21,,,0.16,1457222222.21,638782.34,1521596969.16,0.0,,0.0321,48843262.71,0.0277,0.0,,20504.91324183345,0.0,,1620029077.0971706,,0.0,1.0,1472753706.4519732,0.5,0.0
FRC,BASE,D0002,20250820,0.18,0.015,,1696111111.11,0.0,0.0,1696111111.11,,,0.195,1696111111.11,906141.55,1677897960.43,0.0,,0.0321,53860524.53,0.0277,0.0,,29087.14383559674,0.0,,1786441179.4849625,,0.0,1.0,1624037435.8954203,0.5,0.0
FRC,BASE,D0001,20260831,0.142,0.01,,11969663275.6,0.0,0.0,11969663275.6,,,0.152,11969663275.6,5001023.7,12634043390.84,0.0,,0.0633,799734946.64,0.03165,90219100.01,,316564.8000415564,0.0,,13017739288.619032,,1380152693.4157572,1.0,11834308444.19912,0.5,1380152693.4157572
FRC,BASE,D0001,20261126,0.145,0.01,,13969663275.6,0.0,0.0,13969663275.6,,,0.155,13969663275.6,5932322.76,15128073279.25,0.0,,0.0633,957607038.58,0.03165,-68030899.99,,375516.03076314926,0.0,,15587512864.74517,,-1040722306.5842428,1.0,14170466240.677427,0.5,-1040722306.5842428
FRC,BASE,D0001,20260610,0.145,0.01,,11969663275.6,0.0,0.0,11969663275.6,,,0.155,11969663275.6,5083007.69,12222319767.76,0.0,,0.0633,773672841.3,0.03165,90219100.01,,321754.38692748547,0.0,,12593511619.10339,,1380152693.4157572,1.0,11448646926.457626,0.5,1380152693.4157572
FRC,BASE,D0001,20270119,0.125,0.01,,8969663275.6,0.0,0.0,8969663275.6,,,0.135,8969663275.6,3317546.69,10211515521.28,0.0,,0.0633,646388932.5,0.03165,90219100.01,,210000.7055387497,0.0,,10521639247.666246,,1380152693.4157572,1.0,9565126588.787497,0.5,1380152693.4157572
FRC,BASE,D0002,20260413,0.15,0.015,,1504999999.99,0.0,0.0,1504999999.99,,,0.165,1504999999.99,680342.47,1496228196.34,0.0,,0.0321,48028925.1,0.0277,0.0,,21838.99315053225,0.0,,1593019198.3573904,,0.0,1.0,1448199271.2339911,0.5,0.0
FRC,BASE,D0001,20261123,0.145,0.01,,13969663275.6,0.0,0.0,13969663275.6,,,0.155,13969663275.6,5932322.76,15110276310.97,0.0,,0.0633,956480490.48,0.03165,-68030899.99,,375516.03076314926,0.0,,15569175402.535814,,-1040722306.5842428,1.0,14153795820.487104,0.5,-1040722306.5842428
FRC,BASE,D0002,20270217,0.125,0.015,,1457222222.21,0.0,0.0,1457222222.21,,,0.14,1457222222.21,558934.55,1600247045.26,0.0,,0.0321,51367930.15,0.0277,0.0,,17941.799086607993,0.0,,1703767026.6231043,,0.0,1.0,1548879115.111913,0.5,0.0
FRC,BASE,D0002,20251206,0.17,0.015,,1600555555.55,0.0,0.0,1600555555.55,,,0.185,1600555555.55,811240.49,1582530079.9,0.0,,0.0321,50799215.56,0.0277,0.0,,26040.81963461637,0.0,,1684903950.769494,,0.0,1.0,1531730864.3359036,0.5,0.0
FRC,BASE,D0002,20260223,0.16,0.015,,1552777777.77,0.0,0.0,1552777777.77,,,0.175,1552777777.77,744482.5,1551465116.04,0.0,,0.0321,49802030.22,0.0277,0.0,,23897.888127729297,0.0,,1651829394.399778,,0.0,1.0,1501663085.81798,0.5,0.0
FRC,BASE,D0002,20251012,0.17,0.015,,1648333333.33,0.0,0.0,1648333333.33,,,0.185,1648333333.33,835456.62,1629866976.78,0.0,,0.0321,52318729.95,0.0277,0.0,,26818.15753418952,0.0,,1735303071.50616,,0.0,1.0,1577548246.8237815,0.5,0.0
FRC,BASE,D0002,20260729,0.142,0.015,,1457222222.21,0.0,0.0,1457222222.21,,,0.157,1457222222.21,628801.37,1477211577.23,0.0,,0.0321,47418491.63,0.0277,0.0,,20184.523972436786,0.0,,1572772394.1603906,,0.0,1.0,1429793085.600355,0.5,0.0
FRC,BASE,D0001,20260718,0.142,0.01,,11969663275.6,0.0,0.0,11969663275.6,,,0.152,11969663275.6,5001023.7,12413998348.16,0.0,,0.0633,785806095.44,0.03165,90219100.01,,316564.8000416756,0.0,,12791011477.989803,,1380152693.4157572,1.0,11628192252.718002,0.5,1380152693.4157572
FRC,BASE,D0002,20251003,0.17,0.015,,1648333333.33,0.0,0.0,1648333333.33,,,0.185,1648333333.33,835456.62,1622347867.19,0.0,,0.0321,52077366.54,0.0277,0.0,,26818.15753418952,0.0,,1727297550.7178202,,0.0,1.0,1570270500.6525636,0.5,0.0
FRC,BASE,D0002,20251010,0.17,0.015,,1648333333.33,0.0,0.0,1648333333.33,,,0.185,1648333333.33,835456.62,1628196063.54,0.0,,0.0321,52265093.64,0.0277,0.0,,26818.15753418207,0.0,,1733524066.886529,,0.0,1.0,1575930969.8968444,0.5,0.0
FRC,BASE,D0002,20261127,0.145,0.015,,1457222222.21,0.0,0.0,1457222222.21,,,0.16,1457222222.21,638782.34,1554174868.71,0.0,,0.0321,49889013.29,0.0277,0.0,,20504.9132418409,0.0,,1654714440.9617198,,0.0,1.0,1504285855.4197452,0.5,0.0
FRC,BASE,D0001,20260630,0.145,0.01,,11969663275.6,0.0,0.0,11969663275.6,,,0.155,11969663275.6,5083007.69,12323979921.6,0.0,,0.0633,780107929.04,0.03165,90219100.01,,321754.3869276047,0.0,,12698259191.8233,,1380152693.4157572,1.0,11543871992.566635,0.5,1380152693.4157572
FRC,BASE,D0002,20261023,0.145,0.015,,1457222222.21,0.0,0.0,1457222222.21,,,0.16,1457222222.21,638782.34,1531817486.67,0.0,,0.0321,49171341.32,0.0277,0.0,,20504.9132418409,0.0,,1630910759.8782053,,0.0,1.0,1482646145.343823,0.5,0.0
FRC,BASE,D0001,20261107,0.145,0.01,,13969663275.6,0.0,0.0,13969663275.6,,,0.155,13969663275.6,5932322.76,15015359146.8,0.0,,0.0633,950472233.99,0.03165,-68030899.99,,375516.03076314926,0.0,,15471375604.085913,,-1040722306.5842428,1.0,14064886912.805374,0.5,-1040722306.5842428
FRC,BASE,D0001,20260730,0.142,0.01,,11969663275.6,0.0,0.0,11969663275.6,,,0.152,11969663275.6,5001023.7,12474010632.52,0.0,,0.0633,789604873.04,0.03165,90219100.01,,316564.8000416756,0.0,,12852846335.434135,,1380152693.4157572,1.0,11684405759.48558,0.5,1380152693.4157572
FRC,BASE,D0002,20260207,0.16,0.015,,1552777777.77,0.0,0.0,1552777777.77,,,0.175,1552777777.77,744482.5,1539553396.1,0.0,,0.0321,49419664.01,0.0277,0.0,,23897.888127736747,0.0,,1639147105.2978628,,0.0,1.0,1490133732.088966,0.5,0.0
FRC,BASE,D0001,20270227,0.125,0.01,,8969663275.6,0.0,0.0,8969663275.6,,,0.135,8969663275.6,3317546.69,10340899842.23,0.0,,0.0633,654578960.01,0.03165,90219100.01,,210000.7055387497,0.0,,10654952970.441477,,1380152693.4157572,1.0,9686320882.219524,0.5,1380152693.4157572
FRC,BASE,D0002,20261229,0.125,0.015,,1457222222.21,0.0,0.0,1457222222.21,,,0.14,1457222222.21,558934.55,1572300317.72,0.0,,0.0321,50470840.2,0.0277,0.0,,17941.799086607993,0.0,,1674012425.2687116,,0.0,1.0,1521829477.5170105,0.5,0.0
FRC,BASE,D0001,20261027,0.145,0.01,,13969663275.6,0.0,0.0,13969663275.6,,,0.155,13969663275.6,5932322.76,14950103596.43,0.0,,0.0633,946341557.65,0.03165,-68030899.99,,375516.03076314926,0.0,,15404138242.651606,,-1040722306.5842428,1.0,14003762038.774183,0.5,-1040722306.5842428
FRC,BASE,D0001,20261128,0.145,0.01,,13969663275.6,0.0,0.0,13969663275.6,,,0.155,13969663275.6,5932322.76,15139937924.78,0.0,,0.0633,958358070.64,0.03165,-68030899.99,,375516.03076314926,0.0,,15599737839.551409,,-1040722306.5842428,1.0,14181579854.137644,0.5,-1040722306.5842428
FRC,BASE,D0002,20261226,0.125,0.015,,1457222222.21,0.0,0.0,1457222222.21,,,0.14,1457222222.21,558934.55,1570623514.06,0.0,,0.0321,50417014.8,0.0277,0.0,,17941.799086615443,0.0,,1672227149.187448,,0.0,1.0,1520206499.2613163,0.5,0.0
FRC,BASE,D0002,20260212,0.16,0.015,,1552777777.77,0.0,0.0,1552777777.77,,,0.175,1552777777.77,744482.5,1543275808.58,0.0,,0.0321,49539153.46,0.0277,0.0,,23897.888127736747,0.0,,1643110320.6422114,,0.0,1.0,1493736655.129283,0.5,0.0
FRC,BASE,D0002,20260308,0.16,0.015,,1528888888.88,0.0,0.0,1528888888.88,,,0.175,1528888888.88,733028.92,1515812176.55,0.0,,0.0321,48657570.87,0.0277,0.0,,23530.228310361505,0.0,,1613870066.2494469,,0.0,1.0,1467154605.6813152,0.5,0.0
FRC,BASE,D0002,20261109,0.145,0.015,,1457222222.21,0.0,0.0,1457222222.21,,,0.16,1457222222.21,638782.34,1542676786.51,0.0,,0.0321,49519924.85,0.0277,0.0,,20504.9132418409,0.0,,1642472547.8330553,,0.0,1.0,1493156861.6664138,0.5,0.0
FRC,BASE,D0002,20260921,0.145,0.015,,1457222222.21,0.0,0.0,1457222222.21,,,0.16,1457222222.21,638782.34,1511376451.66,0.0,,0.0321,48515184.1,0.0277,0.0,,20504.9132418409,0.0,,1609147394.3161354,,0.0,1.0,1462861267.560123,0.5,0.0
FRC,BASE,D0002,20261011,0.145,0.015,,1457222222.21,0.0,0.0,1457222222.21,,,0.16,1457222222.21,638782.34,1524152098.54,0.0,,0.0321,48925282.36,0.0277,0.0,,20504.91324183345,0.0,,1622749497.7924292,,0.0,1.0,1475226816.1749356,0.5,0.0
FRC,BASE,D0001,20260929,0.145,0.01,,11969663275.6,0.0,0.0,11969663275.6,,,0.155,11969663275.6,5083007.69,12781450613.92,0.0,,0.0633,809065823.86,0.03165,90219100.01,,321754.38692748547,0.0,,13169623269.062906,,1380152693.4157572,1.0,11972384790.057186,0.5,1380152693.4157572
FRC,BASE,D0002,20261104,0.145,0.015,,1457222222.21,0.0,0.0,1457222222.21,,,0.16,1457222222.21,638782.34,1539482874.79,0.0,,0.0321,49417400.28,0.0277,0.0,,20504.91324183345,0.0,,1639072021.963982,,0.0,1.0,1490065474.5127108,0.5,0.0
FRC,BASE,D0002,20261014,0.145,0.015,,1457222222.21,0.0,0.0,1457222222.21,,,0.16,1457222222.21,638782.34,1526068445.57,0.0,,0.0321,48986797.1,0.0277,0.0,,20504.91324183345,0.0,,1624789813.3138733,,0.0,1.0,1477081648.4671574,0.5,0.0
FRC,BASE,D0002,20260808,0.142,0.015,,1457222222.21,0.0,0.0,1457222222.21,,,0.157,1457222222.21,628801.37,1483499590.93,0.0,,0.0321,47620336.87,0.0277,0.0,,20184.52397242933,0.0,,1579467179.465129,,0.0,1.0,1435879254.059208,0.5,0.0
FRC,BASE,D0002,20270301,0.125,0.015,,1457222222.21,0.0,0.0,1457222222.21,,,0.14,1457222222.21,558934.55,1606954259.88,0.0,,0.0321,51583231.74,0.0277,0.0,,17941.799086607993,0.0,,1710908130.9481587,,0.0,1.0,1555371028.1346896,0.5,0.0
FRC,BASE,D0002,20260909,0.145,0.015,,1457222222.21,0.0,0.0,1457222222.21,,,0.16,1457222222.21,638782.34,1503711063.53,0.0,,0.0321,48269125.14,0.0277,0.0,,20504.91324183345,0.0,,1600986132.2303593,,0.0,1.0,1455441938.3912356,0.5,0.0
FRC,BASE,D0002,20260829,0.142,0.015,,1457222222.21,0.0,0.0,1457222222.21,,,0.157,1457222222.21,628801.37,1496704419.7,0.0,,0.0321,48044211.87,0.0277,0.0,,20184.52397242933,0.0,,1593526228.6050792,,0.0,1.0,1448660207.8227992,0.5,0.0
FRC,BASE,D0002,20261012,0.145,0.015,,1457222222.21,0.0,0.0,1457222222.21,,,0.16,1457222222.21,638782.34,1524790880.88,0.0,,0.0321,48945787.28,0.0277,0.0,,20504.9132418409,0.0,,1623429602.966244,,0.0,1.0,1475845093.6056762,0.5,0.0
FRC,BASE,D0002,20270110,0.125,0.015,,1457222222.21,0.0,0.0,1457222222.21,,,0.14,1457222222.21,558934.55,1579007532.33,0.0,,0.0321,50686141.79,0.0277,0.0,,17941.799086600542,0.0,,1681153529.593766,,0.0,1.0,1528321390.539787,0.5,0.0
FRC,BASE,D0001,20261122,0.145,0.01,,13969663275.6,0.0,0.0,13969663275.6,,,0.155,13969663275.6,5932322.76,15104343988.21,0.0,,0.0633,956104974.45,0.03165,-68030899.99,,375516.03076314926,0.0,,15563062915.132696,,-1040722306.5842428,1.0,14148239013.756996,0.5,-1040722306.5842428
FRC,BASE,D0002,20251210,0.17,0.015,,1600555555.55,0.0,0.0,1600555555.55,,,0.185,1600555555.55,811240.49,1585775041.85,0.0,,0.0321,50903378.84,0.0277,0.0,,26040.819634608924,0.0,,1688358829.306164,,0.0,1.0,1534871663.0056036,0.5,0.0
FRC,BASE,D0002,20270117,0.125,0.015,,1457222222.21,0.0,0.0,1457222222.21,,,0.14,1457222222.21,558934.55,1582920074.18,0.0,,0.0321,50811734.38,0.0277,0.0,,17941.799086607993,0.0,,1685319173.783381,,0.0,1.0,1532108339.8030734,0.5,0.0
FRC,BASE,D0002,20250830,0.18,0.015,,1696111111.11,0.0,0.0,1696111111.11,,,0.195,1696111111.11,906141.55,1686959375.95,0.0,,0.0321,54151395.97,0.0277,0.0,,29087.14383559674,0.0,,1796088777.9803898,,0.0,1.0,1632807979.9821725,0.5,0.0
FRC,BASE,D0001,20260906,0.145,0.01,,11969663275.6,0.0,0.0,11969663275.6,,,0.155,11969663275.6,5083007.69,12664541436.99,0.0,,0.0633,801665472.96,0.03165,90219100.01,,321754.38692748547,0.0,,13049163560.435007,,1380152693.4157572,1.0,11862875964.031824,0.5,1380152693.4157572
FRC,BASE,D0001,20261029,0.145,0.01,,13969663275.6,0.0,0.0,13969663275.6,,,0.155,13969663275.6,5932322.76,14961968241.95,0.0,,0.0633,947092589.72,0.03165,-68030899.99,,375516.03076314926,0.0,,15416363217.457844,,-1040722306.5842428,1.0,14014875652.234402,0.5,-1040722306.5842428
FRC,BASE,D0001,20261130,0.145,0.01,,13969663275.6,0.0,0.0,13969663275.6,,,0.155,13969663275.6,5932322.76,15151802570.3,0.0,,0.0633,959109102.7,0.03165,-68030899.99,,375516.03076314926,0.0,,15611962814.357649,,-1040722306.5842428,1.0,14192693467.59786,0.5,-1040722306.5842428
FRC,BASE,D0002,20260125,0.16,0.015,,1576666666.66,0.0,0.0,1576666666.66,,,0.175,1576666666.66,755936.07,1575374457.75,0.0,,0.0321,50569520.09,0.0277,0.0,,24265.54794510454,0.0,,1677285431.4242184,,0.0,1.0,1524804937.6583805,0.5,0.0
FRC,BASE,D0002,20270118,0.125,0.015,,1457222222.21,0.0,0.0,1457222222.21,,,0.14,1457222222.21,558934.55,1583479008.74,0.0,,0.0321,50829676.18,0.0277,0.0,,17941.799086607993,0.0,,1685914265.810469,,0.0,1.0,1532649332.5549717,0.5,0.0
FRC,BASE,D0001,20260930,0.145,0.01,,11969663275.6,0.0,0.0,11969663275.6,,,0.155,11969663275.6,5083007.69,12786533621.61,0.0,,0.0633,809387578.25,0.03165,90219100.01,,321754.3869276047,0.0,,13174860647.698902,,1380152693.4157572,1.0,11977146043.362637,0.5,1380152693.4157572
FRC,BASE,D0002,20261202,0.125,0.015,,1457222222.21,0.0,0.0,1457222222.21,,,0.14,1457222222.21,558934.55,1557209084.84,0.0,,0.0321,49986411.62,0.0277,0.0,,17941.799086607993,0.0,,1657944940.5373394,,0.0,1.0,1507222673.215763,0.5,0.0
FRC,BASE,D0002,20261213,0.125,0.015,,1457222222.21,0.0,0.0,1457222222.21,,,0.14,1457222222.21,558934.55,1563357364.9,0.0,,0.0321,50183771.41,0.0277,0.0,,17941.799086607993,0.0,,1664490952.835306,,0.0,1.0,1513173593.4866416,0.5,0.0
FRC,BASE,D0001,20260722,0.142,0.01,,11969663275.6,0.0,0.0,11969663275.6,,,0.152,11969663275.6,5001023.7,12434002442.95,0.0,,0.0633,787072354.64,0.03165,90219100.01,,316564.8000415564,0.0,,12811623097.137917,,1380152693.4157572,1.0,11646930088.307194,0.5,1380152693.4157572
FRC,BASE,D0002,20250921,0.17,0.015,,1672222222.22,0.0,0.0,1672222222.22,,,0.185,1672222222.22,847564.69,1659095359.58,0.0,,0.0321,53256961.04,0.0277,0.0,,27206.82648397982,0.0,,1766422238.3960874,,0.0,1.0,1605838398.5418975,0.5,0.0
FRC,BASE,D0002,20270212,0.125,0.015,,1457222222.21,0.0,0.0,1457222222.21,,,0.14,1457222222.21,558934.55,1597452372.51,0.0,,0.0321,51278221.16,0.0277,0.0,,17941.799086607993,0.0,,1700791566.4876652,,0.0,1.0,1546174151.3524227,0.5,0.0
FRC,BASE,D0002,20270216,0.125,0.015,,1457222222.21,0.0,0.0,1457222222.21,,,0.14,1457222222.21,558934.55,1599688110.71,0.0,,0.0321,51349988.35,0.0277,0.0,,17941.799086615443,0.0,,1703171934.5960166,,0.0,1.0,1548338122.360015,0.5,0.0
FRC,BASE,D0002,20251109,0.17,0.015,,1624444444.44,0.0,0.0,1624444444.44,,,0.185,1624444444.44,823348.55,1606597317.34,0.0,,0.0321,51571773.89,0.0277,0.0,,26429.488584399223,0.0,,1710528097.8026674,,0.0,1.0,1555025543.4569702,0.5,0.0
FRC,BASE,D0002,20251005,0.17,0.015,,1648333333.33,0.0,0.0,1648333333.33,,,0.185,1648333333.33,835456.62,1624018780.43,0.0,,0.0321,52131002.85,0.0277,0.0,,26818.157534196973,0.0,,1729076555.3374512,,0.0,1.0,1571887777.579501,0.5,0.0
FRC,BASE,D0002,20260412,0.15,0.015,,1504999999.99,0.0,0.0,1504999999.99,,,0.165,1504999999.99,680342.47,1495547853.87,0.0,,0.0321,48007086.11,0.0277,0.0,,21838.993150547147,0.0,,1592294844.5375323,,0.0,1.0,1447540767.7613928,0.5,0.0
FRC,BASE,D0002,20260305,0.16,0.015,,1528888888.88,0.0,0.0,1528888888.88,,,0.175,1528888888.88,733028.92,1513613089.79,0.0,,0.0321,48586980.18,0.0277,0.0,,23530.228310368955,0.0,,1611528720.569095,,0.0,1.0,1465026109.608268,0.5,0.0
FRC,BASE,D0002,20261204,0.125,0.015,,1457222222.21,0.0,0.0,1457222222.21,,,0.14,1457222222.21,558934.55,1558326953.94,0.0,,0.0321,50022295.22,0.0277,0.0,,17941.799086600542,0.0,,1659135124.5915153,,0.0,1.0,1508304658.7195592,0.5,0.0
FRC,BASE,D0002,20260708,0.142,0.015,,1457222222.21,0.0,0.0,1457222222.21,,,0.157,1457222222.21,628801.37,1464006748.46,0.0,,0.0321,46994616.63,0.0277,0.0,,20184.52397242933,0.0,,1558713345.02044,,0.0,1.0,1417012131.8367634,0.5,0.0
FRC,BASE,D0001,20260827,0.142,0.01,,11969663275.6,0.0,0.0,11969663275.6,,,0.152,11969663275.6,5001023.7,12614039296.05,0.0,,0.0633,798468687.44,0.03165,90219100.01,,316564.8000415564,0.0,,12997127669.470922,,1380152693.4157572,1.0,11815570608.609928,0.5,1380152693.4157572
FRC,BASE,D0002,20270130,0.125,0.015,,1457222222.21,0.0,0.0,1457222222.21,,,0.14,1457222222.21,558934.55,1590186223.35,0.0,,0.0321,51044977.77,0.0277,0.0,,17941.799086607993,0.0,,1693055370.135523,,0.0,1.0,1539141245.577748,0.5,0.0
FRC,BASE,D0002,20270228,0.125,0.015,,1457222222.21,0.0,0.0,1457222222.21,,,0.14,1457222222.21,558934.55,1606395325.33,0.0,,0.0321,51565289.94,0.0277,0.0,,17941.799086607993,0.0,,1710313038.9210708,,0.0,1.0,1554830035.3827915,0.5,0.0
FRC,BASE,D0002,20260310,0.16,0.015,,1528888888.88,0.0,0.0,1528888888.88,,,0.175,1528888888.88,733028.92,1517278234.39,0.0,,0.0321,48704631.32,0.0277,0.0,,23530.228310361505,0.0,,1615430963.3696814,,0.0,1.0,1468573603.0633466,0.5,0.0
FRC,BASE,D0001,20270206,0.125,0.01,,8969663275.6,0.0,0.0,8969663275.6,,,0.135,8969663275.6,3317546.69,10271231361.72,0.0,,0.0633,650168945.2,0.03165,90219100.01,,210000.7055387497,0.0,,10583168658.177893,,1380152693.4157572,1.0,9621062416.525356,0.5,1380152693.4157572
FRC,BASE,D0002,20260421,0.15,0.015,,1504999999.99,0.0,0.0,1504999999.99,,,0.165,1504999999.99,680342.47,1501670936.06,0.0,,0.0321,48203637.05,0.0277,0.0,,21838.99315053225,0.0,,1598814028.9162562,,0.0,1.0,1453467299.014778,0.5,0.0
FRC,BASE,D0001,20260920,0.145,0.01,,11969663275.6,0.0,0.0,11969663275.6,,,0.155,11969663275.6,5083007.69,12735703544.69,0.0,,0.0633,806170034.38,0.03165,90219100.01,,321754.3869276047,0.0,,13122486861.338943,,1380152693.4157572,1.0,11929533510.30813,0.5,1380152693.4157572
FRC,BASE,D0001,20270215,0.125,0.01,,8969663275.6,0.0,0.0,8969663275.6,,,0.135,8969663275.6,3317546.69,10301089281.94,0.0,,0.0633,652058951.55,0.03165,90219100.01,,210000.7055387497,0.0,,10613933363.433714,,1380152693.4157572,1.0,9649030330.394283,0.5,1380152693.4157572
FRC,BASE,D0002,20250828,0.18,0.015,,1696111111.11,0.0,0.0,1696111111.11,,,0.195,1696111111.11,906141.55,1685147092.85,0.0,,0.0321,54093221.68,0.0277,0.0,,29087.14383559674,0.0,,1794159258.2813044,,0.0,1.0,1631053871.164822,0.5,0.0
FRC,BASE,D0002,20270102,0.125,0.015,,1457222222.21,0.0,0.0,1457222222.21,,,0.14,1457222222.21,558934.55,1574536055.92,0.0,,0.0321,50542607.4,0.0277,0.0,,17941.799086607993,0.0,,1676392793.3770633,,0.0,1.0,1523993448.524603,0.5,0.0
FRC,BASE,D0002,20260102,0.16,0.015,,1576666666.66,0.0,0.0,1576666666.66,,,0.175,1576666666.66,755936.07,1557987928.07,0.0,,0.0321,50011412.49,0.0277,0.0,,24265.54794510454,0.0,,1658774167.1389086,,0.0,1.0,1507976515.5808258,0.5,0.0
FRC,BASE,D0002,20260513,0.15,0.015,,1481111111.1,0.0,0.0,1481111111.1,,,0.165,1481111111.1,669543.38,1471915443.29,0.0,,0.0321,47248485.73,0.0277,0.0,,21492.34246559441,0.0,,1567133653.3174908,,0.0,1.0,1424666957.561355,0.5,0.0
FRC,BASE,D0002,20260203,0.16,0.015,,1552777777.77,0.0,0.0,1552777777.77,,,0.175,1552777777.77,744482.5,1536575466.12,0.0,,0.0321,49324072.46,0.0277,0.0,,23897.888127729297,0.0,,1635976533.0223842,,0.0,1.0,1487251393.6567128,0.5,0.0
FRC,BASE,D0001,20261021,0.145,0.01,,16969663275.6,0.0,0.0,16969663275.6,,,0.155,16969663275.6,7206295.36,17914509659.86,0.0,,0.0633,1133988461.47,0.03165,-68030899.99,,456158.4965164661,0.0,,18458573318.23289,,-1040722306.5842428,1.0,16780521198.393536,0.5,-1040722306.5842428
FRC,BASE,D0002,20270129,0.125,0.015,,1457222222.21,0.0,0.0,1457222222.21,,,0.14,1457222222.21,558934.55,1589627288.8,0.0,,0.0321,51027035.97,0.0277,0.0,,17941.799086607993,0.0,,1692460278.1084352,,0.0,1.0,1538600252.82585,0.5,0.0
FRC,BASE,D0002,20251215,0.17,0.015,,1600555555.55,0.0,0.0,1600555555.55,,,0.185,1600555555.55,811240.49,1589831244.28,0.0,,0.0321,51033582.94,0.0277,0.0,,26040.81963461637,0.0,,1692677427.4770014,,0.0,1.0,1538797661.3427284,0.5,0.0
FRC,BASE,D0001,20270112,0.125,0.01,,8969663275.6,0.0,0.0,8969663275.6,,,0.135,8969663275.6,3317546.69,10188292694.45,0.0,,0.0633,644918927.56,0.03165,90219100.01,,210000.7055387497,0.0,,10497711143.578388,,1380152693.4157572,1.0,9543373766.889442,0.5,1380152693.4157572
FRC,BASE,D0002,20260309,0.16,0.015,,1528888888.88,0.0,0.0,1528888888.88,,,0.175,1528888888.88,733028.92,1516545205.47,0.0,,0.0321,48681101.1,0.0277,0.0,,23530.228310368955,0.0,,1614650514.809564,,0.0,1.0,1467864104.372331,0.5,0.0
FRC,BASE,D0001,20261116,0.145,0.01,,13969663275.6,0.0,0.0,13969663275.6,,,0.155,13969663275.6,5932322.76,15068750051.65,0.0,,0.0633,953851878.27,0.03165,-68030899.99,,375516.03076314926,0.0,,15526387990.713982,,-1040722306.5842428,1.0,14114898173.376348,0.5,-1040722306.5842428
FRC,BASE,D0002,20260704,0.142,0.015,,1457222222.21,0.0,0.0,1457222222.21,,,0.157,1457222222.21,628801.37,1461491542.98,0.0,,0.0321,46913878.53,0.0277,0.0,,20184.52397242933,0.0,,1556035430.8985443,,0.0,1.0,1414577664.4532225,0.5,0.0
FRC,BASE,D0002,20260216,0.16,0.015,,1552777777.77,0.0,0.0,1552777777.77,,,0.175,1552777777.77,744482.5,1546253738.57,0.0,,0.0321,49634745.01,0.0277,0.0,,23897.8881277442,0.0,,1646280892.91769,,0.0,1.0,1496618993.5615363,0.5,0.0
FRC,BASE,D0001,20260609,0.145,0.01,,11969663275.6,0.0,0.0,11969663275.6,,,0.155,11969663275.6,5083007.69,12217236760.06,0.0,,0.0633,773351086.91,0.03165,90219100.01,,321754.3869276047,0.0,,12588274240.467394,,1380152693.4157572,1.0,11443885673.152176,0.5,1380152693.4157572
FRC,BASE,D0002,20261217,0.125,0.015,,1457222222.21,0.0,0.0,1457222222.21,,,0.14,1457222222.21,558934.55,1565593103.1,0.0,,0.0321,50255538.61,0.0277,0.0,,17941.799086607993,0.0,,1666871320.9436574,,0.0,1.0,1515337564.4942338,0.5,0.0
FRC,BASE,D0002,20260131,0.16,0.015,,1576666666.66,0.0,0.0,1576666666.66,,,0.175,1576666666.66,755936.07,1579910074.19,0.0,,0.0321,50715113.38,0.0277,0.0,,24265.54794510454,0.0,,1682114456.8899512,,0.0,1.0,1529194960.8090465,0.5,0.0
FRC,BASE,D0001,20261214,0.125,0.01,,13969663275.6,0.0,0.0,13969663275.6,,,0.135,13969663275.6,5166861.76,15224138634.93,0.0,,0.0633,963687975.59,0.03165,-68030899.99,,327062.3493744135,0.0,,15686495725.273094,,-1040722306.5842428,1.0,14260450659.339176,0.5,-1040722306.5842428
FRC,BASE,D0002,20250929,0.17,0.015,,1672222222.22,0.0,0.0,1672222222.22,,,0.185,1672222222.22,847564.69,1665875877.09,0.0,,0.0321,53474615.65,0.0277,0.0,,27206.82648397982,0.0,,1773641387.5772042,,0.0,1.0,1612401261.433822,0.5,0.0
FRC,BASE,D0001,20260927,0.145,0.01,,11969663275.6,0.0,0.0,11969663275.6,,,0.155,11969663275.6,5083007.69,12771284598.53,0.0,,0.0633,808422315.09,0.03165,90219100.01,,321754.38692748547,0.0,,13159148511.790916,,1380152693.4157572,1.0,11962862283.446283,0.5,1380152693.4157572
FRC,BASE,D0002,20251015,0.17,0.015,,1648333333.33,0.0,0.0,1648333333.33,,,0.185,1648333333.33,835456.62,1632373346.64,0.0,,0.0321,52399184.43,0.0277,0.0,,26818.157534196973,0.0,,1737971578.4356067,,0.0,1.0,1579974162.214188,0.5,0.0
FRC,BASE,D0001,20270221,0.125,0.01,,8969663275.6,0.0,0.0,8969663275.6,,,0.135,8969663275.6,3317546.69,10320994562.09,0.0,,0.0633,653318955.78,0.03165,90219100.01,,210000.7055387497,0.0,,10634443166.937595,,1380152693.4157572,1.0,9667675606.306906,0.5,1380152693.4157572
FRC,BASE,D0002,20260625,0.145,0.015,,1457222222.21,0.0,0.0,1457222222.21,,,0.16,1457222222.21,638782.34,1455782425.78,0.0,,0.0321,46730615.87,0.0277,0.0,,20504.9132418409,0.0,,1549956990.9075756,,0.0,1.0,1409051809.9159777,0.5,0.0
FRC,BASE,D0001,20260721,0.142,0.01,,11969663275.6,0.0,0.0,11969663275.6,,,0.152,11969663275.6,5001023.7,12429001419.25,0.0,,0.0633,786755789.84,0.03165,90219100.01,,316564.8000415564,0.0,,12806470192.350887,,1380152693.4157572,1.0,11642245629.409897,0.5,1380152693.4157572
FRC,BASE,D0002,20261110,0.145,0.015,,1457222222.21,0.0,0.0,1457222222.21,,,0.16,1457222222.21,638782.34,1543315568.86,0.0,,0.0321,49540429.76,0.0277,0.0,,20504.91324183345,0.0,,1643152653.00687,,0.0,1.0,1493775139.0971544,0.5,0.0
FRC,BASE,D0002,20251029,0.17,0.015,,1648333333.33,0.0,0.0,1648333333.33,,,0.185,1648333333.33,835456.62,1644069739.34,0.0,,0.0321,52774638.63,0.0277,0.0,,26818.15753418952,0.0,,1750424610.7730246,,0.0,1.0,1591295100.7027495,0.5,0.0
FRC,BASE,D0002,20260316,0.16,0.015,,1528888888.88,0.0,0.0,1528888888.88,,,0.175,1528888888.88,733028.92,1521676407.9,0.0,,0.0321,48845812.69,0.0277,0.0,,23530.228310361505,0.0,,1620113654.7303846,,0.0,1.0,1472830595.2094405,0.5,0.0
FRC,BASE,D0002,20250928,0.17,0.015,,1672222222.22,0.0,0.0,1672222222.22,,,0.185,1672222222.22,847564.69,1665028312.4,0.0,,0.0321,53447408.83,0.0277,0.0,,27206.82648397982,0.0,,1772738993.9295647,,0.0,1.0,1611580903.5723314,0.5,0.0
FRC,BASE,D0002,20260407,0.15,0.015,,1504999999.99,0.0,0.0,1504999999.99,,,0.165,1504999999.99,680342.47,1492146141.54,0.0,,0.0321,47897891.14,0.0277,0.0,,21838.99315053225,0.0,,1588673075.4382412,,0.0,1.0,1444248250.398401,0.5,0.0
FRC,BASE,D0002,20260804,0.142,0.015,,1457222222.21,0.0,0.0,1457222222.21,,,0.157,1457222222.21,628801.37,1480984385.45,0.0,,0.0321,47539598.77,0.0277,0.0,,20184.523972436786,0.0,,1576789265.343233,,0.0,1.0,1433444786.6756666,0.5,0.0
FRC,BASE,D0002,20260110,0.16,0.015,,1576666666.66,0.0,0.0,1576666666.66,,,0.175,1576666666.66,755936.07,1564035416.66,0.0,,0.0321,50205536.87,0.0277,0.0,,24265.54794510454,0.0,,1665212867.7598858,,0.0,1.0,1513829879.7817142,0.5,0.0
FRC,BASE,D0001,20261206,0.125,0.01,,13969663275.6,0.0,0.0,13969663275.6,,,0.135,13969663275.6,5166861.76,15182803740.85,0.0,,0.0633,961071476.8,0.03165,-68030899.99,,327062.3493742943,0.0,,15643905490.464268,,-1040722306.5842428,1.0,14221732264.058424,0.5,-1040722306.5842428
FRC,BASE,D0002,20261028,0.145,0.015,,1457222222.21,0.0,0.0,1457222222.21,,,0.16,1457222222.21,638782.34,1535011398.39,0.0,,0.0321,49273865.89,0.0277,0.0,,20504.9132418409,0.0,,1634311285.7472792,,0.0,1.0,1485737532.4975264,0.5,0.0
FRC,BASE,D0002,20260404,0.15,0.015,,1504999999.99,0.0,0.0,1504999999.99,,,0.165,1504999999.99,680342.47,1490105114.14,0.0,,0.0321,47832374.16,0.0277,0.0,,21838.993150539696,0.0,,1586500013.9786663,,0.0,1.0,1442272739.9806058,0.5,0.0
FRC,BASE,D0002,20261005,0.145,0.015,,1457222222.21,0.0,0.0,1457222222.21,,,0.16,1457222222.21,638782.34,1520319404.47,0.0,,0.0321,48802252.88,0.0277,0.0,,20504.91324183345,0.0,,1618668866.749541,,0.0,1.0,1471517151.5904918,0.5,0.0
FRC,BASE,D0002,20261107,0.145,0.015,,1457222222.21,0.0,0.0,1457222222.21,,,0.16,1457222222.21,638782.34,1541399221.83,0.0,,0.0321,49478915.02,0.0277,0.0,,20504.9132418409,0.0,,1641112337.485426,,0.0,1.0,1491920306.8049326,0.5,0.0
FRC,BASE,D0002,20260520,0.15,0.015,,1481111111.1,0.0,0.0,1481111111.1,,,0.165,1481111111.1,669543.38,1476602246.94,0.0,,0.0321,47398932.13,0.0277,0.0,,21492.34246559441,0.0,,1572123646.2987318,,0.0,1.0,1429203314.8170288,0.5,0.0
FRC,BASE,D0002,20261118,0.145,0.015,,1457222222.21,0.0,0.0,1457222222.21,,,0.16,1457222222.21,638782.34,1548425827.61,0.0,,0.0321,49704469.07,0.0277,0.0,,20504.9132418409,0.0,,1648593494.3973875,,0.0,1.0,1498721358.5430794,0.5,0.0
FRC,BASE,D0002,20270120,0.125,0.015,,1457222222.21,0.0,0.0,1457222222.21,,,0.14,1457222222.21,558934.55,1584596877.84,0.0,,0.0321,50865559.78,0.0277,0.0,,17941.799086607993,0.0,,1687104449.8646443,,0.0,1.0,1533731318.0587676,0.5,0.0
FRC,BASE,D0001,20260624,0.145,0.01,,11969663275.6,0.0,0.0,11969663275.6,,,0.155,11969663275.6,5083007.69,12293481875.45,0.0,,0.0633,778177402.72,0.03165,90219100.01,,321754.38692748547,0.0,,12666834920.007328,,1380152693.4157572,1.0,11515304472.733934,0.5,1380152693.4157572
FRC,BASE,D0002,20260803,0.142,0.015,,1457222222.21,0.0,0.0,1457222222.21,,,0.157,1457222222.21,628801.37,1480355584.08,0.0,,0.0321,47519414.25,0.0277,0.0,,20184.52397242933,0.0,,1576119786.81276,,0.0,1.0,1432836169.8297815,0.5,0.0
FRC,BASE,D0001,20260607,0.145,0.01,,11969663275.6,0.0,0.0,11969663275.6,,,0.155,11969663275.6,5083007.69,12207070744.68,0.0,,0.0633,772707578.14,0.03165,90219100.01,,321754.3869276047,0.0,,12577799483.195402,,1380152693.4157572,1.0,11434363166.541271,0.5,1380152693.4157572
FRC,BASE,D0002,20261126,0.145,0.015,,1457222222.21,0.0,0.0,1457222222.21,,,0.16,1457222222.21,638782.34,1553536086.36,0.0,,0.0321,49868508.37,0.0277,0.0,,20504.9132418409,0.0,,1654034335.787905,,0.0,1.0,1503667577.9890044,0.5,0.0
FRC,BASE,D0002,20260330,0.15,0.015,,1528888888.88,0.0,0.0,1528888888.88,,,0.165,1528888888.88,691141.55,1531603713.84,0.0,,0.0321,49164479.21,0.0277,0.0,,22185.643835492432,0.0,,1630683158.087401,,0.0,1.0,1482439234.6249096,0.5,0.0
FRC,BASE,D0001,20260810,0.142,0.01,,11969663275.6,0.0,0.0,11969663275.6,,,0.152,11969663275.6,5001023.7,12529021893.2,0.0,,0.0633,793087085.84,0.03165,90219100.01,,316564.8000415564,0.0,,12909528288.091446,,1380152693.4157572,1.0,11735934807.35586,0.5,1380152693.4157572
FRC,BASE,D0002,20261122,0.145,0.015,,1457222222.21,0.0,0.0,1457222222.21,,,0.16,1457222222.21,638782.34,1550980956.99,0.0,,0.0321,49786488.72,0.0277,0.0,,20504.9132418409,0.0,,1651313915.0926464,,0.0,1.0,1501194468.266042,0.5,0.0
FRC,BASE,D0002,20260302,0.16,0.015,,1528888888.88,0.0,0.0,1528888888.88,,,0.175,1528888888.88,733028.92,1511414003.03,0.0,,0.0321,48516389.5,0.0277,0.0,,23530.228310368955,0.0,,1609187374.8887434,,0.0,1.0,1462897613.535221,0.5,0.0
FRC,BASE,D0001,20260822,0.142,0.01,,11969663275.6,0.0,0.0,11969663275.6,,,0.152,11969663275.6,5001023.7,12589034177.56,0.0,,0.0633,796885863.44,0.03165,90219100.01,,316564.8000415564,0.0,,12971363145.535782,,1380152693.4157572,1.0,11792148314.123438,0.5,1380152693.4157572
FRC,BASE,D0002,20261002,0.145,0.015,,1457222222.21,0.0,0.0,1457222222.21,,,0.16,1457222222.21,638782.34,1518403057.44,0.0,,0.0321,48740738.14,0.0277,0.0,,20504.9132418409,0.0,,1616628551.2280972,,0.0,1.0,1469662319.29827,0.5,0.0
FRC,BASE,D0001,20260626,0.145,0.01,,11969663275.6,0.0,0.0,11969663275.6,,,0.155,11969663275.6,5083007.69,12303647890.83,0.0,,0.0633,778820911.49,0.03165,90219100.01,,321754.38692748547,0.0,,12677309677.27932,,1380152693.4157572,1.0,11524826979.344835,0.5,1380152693.4157572
FRC,BASE,D0002,20270218,0.125,0.015,,1457222222.21,0.0,0.0,1457222222.21,,,0.14,1457222222.21,558934.55,1600805979.82,0.0,,0.0321,51385871.95,0.0277,0.0,,17941.799086607993,0.0,,1704362118.6501925,,0.0,1.0,1549420107.863811,0.5,0.0
FRC,BASE,D0002,20260411,0.15,0.015,,1504999999.99,0.0,0.0,1504999999.99,,,0.165,1504999999.99,680342.47,1494867511.4,0.0,,0.0321,47985247.12,0.0277,0.0,,21838.99315053225,0.0,,1591570490.717674,,0.0,1.0,1446882264.2887945,0.5,0.0
FRC,BASE,D0001,20261228,0.125,0.01,,13969663275.6,0.0,0.0,13969663275.6,,,0.135,13969663275.6,5166861.76,15296474699.56,0.0,,0.0633,968266848.48,0.03165,-68030899.99,,327062.3493745327,0.0,,15761028636.188543,,-1040722306.5842428,1.0,14328207851.080494,0.5,-1040722306.5842428
FRC,BASE,D0002,20261010,0.145,0.015,,1457222222.21,0.0,0.0,1457222222.21,,,0.16,1457222222.21,638782.34,1523513316.19,0.0,,0.0321,48904777.45,0.0277,0.0,,20504.9132418409,0.0,,1622069392.618615,,0.0,1.0,1474608538.744195,0.5,0.0
FRC,BASE,D0001,20260812,0.142,0.01,,11969663275.6,0.0,0.0,11969663275.6,,,0.152,11969663275.6,5001023.7,12539023940.59,0.0,,0.0633,793720215.44,0.03165,90219100.01,,316564.8000416756,0.0,,12919834097.665504,,1380152693.4157572,1.0,11745303725.150455,0.5,1380152693.4157572
FRC,BASE,D0002,20260122,0.16,0.015,,1576666666.66,0.0,0.0,1576666666.66,,,0.175,1576666666.66,755936.07,1573106649.53,0.0,,0.0321,50496723.45,0.0277,0.0,,24265.54794509709,0.0,,1674870918.691352,,0.0,1.0,1522609926.0830472,0.5,0.0
FRC,BASE,D0002,20250826,0.18,0.015,,1696111111.11,0.0,0.0,1696111111.11,,,0.195,1696111111.11,906141.55,1683334809.74,0.0,,0.0321,54035047.39,0.0277,0.0,,29087.14383559674,0.0,,1792229738.5822191,,0.0,1.0,1629299762.3474717,0.5,0.0
FRC,BASE,D0002,20261009,0.145,0.015,,1457222222.21,0.0,0.0,1457222222.21,,,0.16,1457222222.21,638782.34,1522874533.85,0.0,,0.0321,48884272.54,0.0277,0.0,,20504.91324183345,0.0,,1621389287.4448,,0.0,1.0,1473990261.3134544,0.5,0.0
FRC,BASE,D0002,20251107,0.17,0.015,,1624444444.44,0.0,0.0,1624444444.44,,,0.185,1624444444.44,823348.55,1604950620.24,0.0,,0.0321,51518914.91,0.0277,0.0,,26429.488584399223,0.0,,1708774875.8586843,,0.0,1.0,1553431705.3260765,0.5,0.0
FRC,BASE,D0001,20261112,0.145,0.01,,13969663275.6,0.0,0.0,13969663275.6,,,0.155,13969663275.6,5932322.76,15045020760.6,0.0,,0.0633,952349814.15,0.03165,-68030899.99,,375516.03076314926,0.0,,15501938041.101503,,-1040722306.5842428,1.0,14092670946.455914,0.5,-1040722306.5842428
FRC,BASE,D0001,20260611,0.145,0.01,,11969663275.6,0.0,0.0,11969663275.6,,,0.155,11969663275.6,5083007.69,12227402775.45,0.0,,0.0633,773994595.69,0.03165,90219100.01,,321754.38692748547,0.0,,12598748997.739386,,1380152693.4157572,1.0,11453408179.763077,0.5,1380152693.4157572
FRC,BASE,D0002,20251031,0.17,0.015,,1648333333.33,0.0,0.0,1648333333.33,,,0.185,1648333333.33,835456.62,1645740652.58,0.0,,0.0321,52828274.95,0.0277,0.0,,26818.15753418952,0.0,,1752203615.3926554,,0.0,1.0,1592912377.6296866,0.5,0.0
FRC,BASE,D0001,20260922,0.145,0.01,,11969663275.6,0.0,0.0,11969663275.6,,,0.155,11969663275.6,5083007.69,12745869560.07,0.0,,0.0633,806813543.15,0.03165,90219100.01,,321754.3869276047,0.0,,13132961618.610935,,1380152693.4157572,1.0,11939056016.919031,0.5,1380152693.4157572
FRC,BASE,D0002,20260127,0.16,0.015,,1576666666.66,0.0,0.0,1576666666.66,,,0.175,1576666666.66,755936.07,1576886329.9,0.0,,0.0321,50618051.19,0.0277,0.0,,24265.54794510454,0.0,,1678895106.5794628,,0.0,1.0,1526268278.7086024,0.5,0.0
FRC,BASE,D0002,20260716,0.142,0.015,,1457222222.21,0.0,0.0,1457222222.21,,,0.157,1457222222.21,628801.37,1469037159.42,0.0,,0.0321,47156092.82,0.0277,0.0,,20184.52397242933,0.0,,1564069173.2642305,,0.0,1.0,1421881066.6038458,0.5,0.0
FRC,BASE,D0002,20261224,0.125,0.015,,1457222222.21,0.0,0.0,1457222222.21,,,0.14,1457222222.21,558934.55,1569505644.96,0.0,,0.0321,50381131.2,0.0277,0.0,,17941.799086607993,0.0,,1671036965.1332724,,0.0,1.0,1519124513.7575202,0.5,0.0
FRC,BASE,D0002,20270112,0.125,0.015,,1457222222.21,0.0,0.0,1457222222.21,,,0.14,1457222222.21,558934.55,1580125401.43,0.0,,0.0321,50722025.39,0.0277,0.0,,17941.799086607993,0.0,,1682343713.6479416,,0.0,1.0,1529403376.0435832,0.5,0.0
FRC,BASE,D0001,20261218,0.125,0.01,,13969663275.6,0.0,0.0,13969663275.6,,,0.135,13969663275.6,5166861.76,15244806081.97,0.0,,0.0633,964996224.99,0.03165,-68030899.99,,327062.3493745327,0.0,,15707790842.67751,,-1040722306.5842428,1.0,14279809856.979551,0.5,-1040722306.5842428
FRC,BASE,D0001,20260625,0.145,0.01,,11969663275.6,0.0,0.0,11969663275.6,,,0.155,11969663275.6,5083007.69,12298564883.14,0.0,,0.0633,778499157.1,0.03165,90219100.01,,321754.3869276047,0.0,,12672072298.643322,,1380152693.4157572,1.0,11520065726.039385,0.5,1380152693.4157572
FRC,BASE,D0002,20260709,0.142,0.015,,1457222222.21,0.0,0.0,1457222222.21,,,0.157,1457222222.21,628801.37,1464635549.83,0.0,,0.0321,47014801.15,0.0277,0.0,,20184.523972436786,0.0,,1559382823.5509136,,0.0,1.0,1417620748.682649,0.5,0.0
FRC,BASE,D0002,20251016,0.17,0.015,,1648333333.33,0.0,0.0,1648333333.33,,,0.185,1648333333.33,835456.62,1633208803.26,0.0,,0.0321,52426002.58,0.0277,0.0,,26818.15753418207,0.0,,1738861080.7454224,,0.0,1.0,1580782800.677657,0.5,0.0
FRC,BASE,D0002,20260426,0.15,0.015,,1504999999.99,0.0,0.0,1504999999.99,,,0.165,1504999999.99,680342.47,1505072648.39,0.0,,0.0321,48312832.01,0.0277,0.0,,21838.993150539696,0.0,,1602435798.015547,,0.0,1.0,1456759816.37777,0.5,0.0
FRC,BASE,D0002,20260822,0.142,0.015,,1457222222.21,0.0,0.0,1457222222.21,,,0.157,1457222222.21,628801.37,1492302810.11,0.0,,0.0321,47902920.2,0.0277,0.0,,20184.523972436786,0.0,,1588839878.8917627,,0.0,1.0,1444399889.9016025,0.5,0.0
FRC,BASE,D0002,20270213,0.125,0.015,,1457222222.21,0.0,0.0,1457222222.21,,,0.14,1457222222.21,558934.55,1598011307.06,0.0,,0.0321,51296162.96,0.0277,0.0,,17941.799086607993,0.0,,1701386658.5147529,,0.0,1.0,1546715144.1043208,0.5,0.0
FRC,BASE,D0001,20261111,0.145,0.01,,13969663275.6,0.0,0.0,13969663275.6,,,0.155,13969663275.6,5932322.76,15039088437.84,0.0,,0.0633,951974298.12,0.03165,-68030899.99,,375516.03076326847,0.0,,15495825553.698387,,-1040722306.5842428,1.0,14087114139.725803,0.5,-1040722306.5842428
FRC,BASE,D0002,20260218,0.16,0.015,,1552777777.77,0.0,0.0,1552777777.77,,,0.175,1552777777.77,744482.5,1547742703.56,0.0,,0.0321,49682540.78,0.0277,0.0,,23897.888127729297,0.0,,1647866179.0554297,,0.0,1.0,1498060162.777663,0.5,0.0
FRC,BASE,D0002,20270121,0.125,0.015,,1457222222.21,0.0,0.0,1457222222.21,,,0.14,1457222222.21,558934.55,1585155812.39,0.0,,0.0321,50883501.58,0.0277,0.0,,17941.799086615443,0.0,,1687699541.8917322,,0.0,1.0,1534272310.8106656,0.5,0.0
FRC,BASE,D0002,20261015,0.145,0.015,,1457222222.21,0.0,0.0,1457222222.21,,,0.16,1457222222.21,638782.34,1526707227.91,0.0,,0.0321,49007302.02,0.0277,0.0,,20504.9132418409,0.0,,1625469918.487688,,0.0,1.0,1477699925.8978982,0.5,0.0
FRC,BASE,D0002,20270105,0.125,0.015,,1457222222.21,0.0,0.0,1457222222.21,,,0.14,1457222222.21,558934.55,1576212859.57,0.0,,0.0321,50596432.79,0.0277,0.0,,17941.799086600542,0.0,,1678178069.4583266,,0.0,1.0,1525616426.7802968,0.5,0.0
FRC,BASE,D0002,20261001,0.145,0.015,,1457222222.21,0.0,0.0,1457222222.21,,,0.16,1457222222.21,638782.34,1517764275.1,0.0,,0.0321,48720233.23,0.0277,0.0,,20504.91324183345,0.0,,1615948446.0542824,,0.0,1.0,1469044041.8675294,0.5,0.0
FRC,BASE,D0002,20261128,0.145,0.015,,1457222222.21,0.0,0.0,1457222222.21,,,0.16,1457222222.21,638782.34,1554813651.05,0.0,,0.0321,49909518.2,0.0277,0.0,,20504.91324183345,0.0,,1655394546.1355343,,0.0,1.0,1504904132.8504858,0.5,0.0
FRC,BASE,D0002,20260820,0.142,0.015,,1457222222.21,0.0,0.0,1457222222.21,,,0.157,1457222222.21,628801.37,1491045207.37,0.0,,0.0321,47862551.16,0.0277,0.0,,20184.523972436786,0.0,,1587500921.8308148,,0.0,1.0,1443182656.2098317,0.5,0.0
FRC,BASE,D0002,20260827,0.142,0.015,,1457222222.21,0.0,0.0,1457222222.21,,,0.157,1457222222.21,628801.37,1495446816.96,0.0,,0.0321,48003842.82,0.0277,0.0,,20184.523972436786,0.0,,1592187271.5441318,,0.0,1.0,1447442974.131029,0.5,0.0
FRC,BASE,D0001,20270202,0.125,0.01,,8969663275.6,0.0,0.0,8969663275.6,,,0.135,8969663275.6,3317546.69,10257961174.96,0.0,,0.0633,649328942.37,0.03165,90219100.01,,210000.7055386305,0.0,,10569495455.84197,,1380152693.4157572,1.0,9608632232.583609,0.5,1380152693.4157572
FRC,BASE,D0001,20261103,0.145,0.01,,13969663275.6,0.0,0.0,13969663275.6,,,0.155,13969663275.6,5932322.76,14991629855.75,0.0,,0.0633,948970169.87,0.03165,-68030899.99,,375516.03076314926,0.0,,15446925654.473436,,-1040722306.5842428,1.0,14042659685.88494,0.5,-1040722306.5842428
FRC,BASE,D0001,20260829,0.142,0.01,,11969663275.6,0.0,0.0,11969663275.6,,,0.152,11969663275.6,5001023.7,12624041343.44,0.0,,0.0633,799101817.04,0.03165,90219100.01,,316564.8000415564,0.0,,13007433479.044975,,1380152693.4157572,1.0,11824939526.404524,0.5,1380152693.4157572
FRC,BASE,D0002,20260812,0.142,0.015,,1457222222.21,0.0,0.0,1457222222.21,,,0.157,1457222222.21,628801.37,1486014796.41,0.0,,0.0321,47701074.96,0.0277,0.0,,20184.523972436786,0.0,,1582145093.587024,,0.0,1.0,1438313721.442749,0.5,0.0
FRC,BASE,D0001,20270110,0.125,0.01,,8969663275.6,0.0,0.0,8969663275.6,,,0.135,8969663275.6,3317546.69,10181657601.07,0.0,,0.0633,644498926.15,0.03165,90219100.01,,210000.7055387497,0.0,,10490874542.410423,,1380152693.4157572,1.0,9537158674.918568,0.5,1380152693.4157572
FRC,BASE,D0001,20260723,0.142,0.01,,11969663275.6,0.0,0.0,11969663275.6,,,0.152,11969663275.6,5001023.7,12439003466.64,0.0,,0.0633,787388919.44,0.03165,90219100.01,,316564.8000416756,0.0,,12816776001.924942,,1380152693.4157572,1.0,11651614547.204493,0.5,1380152693.4157572
FRC,BASE,D0002,20270206,0.125,0.015,,1457222222.21,0.0,0.0,1457222222.21,,,0.14,1457222222.21,558934.55,1594098765.2,0.0,,0.0321,51170570.36,0.0277,0.0,,17941.799086600542,0.0,,1697221014.325138,,0.0,1.0,1542928194.8410344,0.5,0.0
FRC,BASE,D0001,20260720,0.142,0.01,,11969663275.6,0.0,0.0,11969663275.6,,,0.152,11969663275.6,5001023.7,12424000395.55,0.0,,0.0633,786439225.04,0.03165,90219100.01,,316564.8000415564,0.0,,12801317287.563862,,1380152693.4157572,1.0,11637561170.5126,0.5,1380152693.4157572
FRC,BASE,D0002,20270201,0.125,0.015,,1457222222.21,0.0,0.0,1457222222.21,,,0.14,1457222222.21,558934.55,1591304092.45,0.0,,0.0321,51080861.37,0.0277,0.0,,17941.799086607993,0.0,,1694245554.1896987,,0.0,1.0,1540223231.0815442,0.5,0.0
FRC,BASE,D0002,20261026,0.145,0.015,,1457222222.21,0.0,0.0,1457222222.21,,,0.16,1457222222.21,638782.34,1533733833.7,0.0,,0.0321,49232856.06,0.0277,0.0,,20504.91324183345,0.0,,1632951075.39965,,0.0,1.0,1484500977.6360452,0.5,0.0
FRC,BASE,D0001,20261231,0.125,0.01,,13969663275.6,0.0,0.0,13969663275.6,,,0.135,13969663275.6,5166861.76,15311975284.84,0.0,,0.0633,969248035.53,0.03165,-68030899.99,,327062.3493742943,0.0,,15776999974.241858,,-1040722306.5842428,1.0,14342727249.310778,0.5,-1040722306.5842428
FRC,BASE,D0001,20261202,0.125,0.01,,13969663275.6,0.0,0.0,13969663275.6,,,0.135,13969663275.6,5166861.76,15162136293.82,0.0,,0.0633,959763227.4,0.03165,-68030899.99,,327062.3493742943,0.0,,15622610373.059853,,-1040722306.5842428,1.0,14202373066.418049,0.5,-1040722306.5842428
FRC,BASE,D0001,20270301,0.125,0.01,,8969663275.6,0.0,0.0,8969663275.6,,,0.135,8969663275.6,3317546.69,10347534935.61,0.0,,0.0633,654998961.42,0.03165,90219100.01,,210000.7055387497,0.0,,10661789571.60944,,1380152693.4157572,1.0,9692535974.1904,0.5,1380152693.4157572
FRC,BASE,D0002,20250925,0.17,0.015,,1672222222.22,0.0,0.0,1672222222.22,,,0.185,1672222222.22,847564.69,1662485618.34,0.0,,0.0321,53365788.35,0.0277,0.0,,27206.82648397982,0.0,,1770031812.986646,,0.0,1.0,1609119829.9878595,0.5,0.0
FRC,BASE,D0002,20260604,0.15,0.015,,1457222222.21,0.0,0.0,1457222222.21,,,0.165,1457222222.21,658744.29,1442348034.61,0.0,,0.0321,46299371.91,0.0277,0.0,,21145.691780641675,0.0,,1535653528.9707856,,0.0,1.0,1396048662.700714,0.5,0.0
FRC,BASE,D0002,20260726,0.142,0.015,,1457222222.21,0.0,0.0,1457222222.21,,,0.157,1457222222.21,628801.37,1475325173.12,0.0,,0.0321,47357938.06,0.0277,0.0,,20184.523972436786,0.0,,1570763958.5689688,,0.0,1.0,1427967235.0626988,0.5,0.0
FRC,BASE,D0002,20261020,0.145,0.015,,1457222222.21,0.0,0.0,1457222222.21,,,0.16,1457222222.21,638782.34,1529901139.63,0.0,,0.0321,49109826.58,0.0277,0.0,,20504.91324183345,0.0,,1628870444.3567617,,0.0,1.0,1480791313.0516012,0.5,0.0
FRC,BASE,D0002,20260225,0.16,0.015,,1552777777.77,0.0,0.0,1552777777.77,,,0.175,1552777777.77,744482.5,1552954081.04,0.0,,0.0321,49849826.0,0.0277,0.0,,23897.888127729297,0.0,,1653414680.5375173,,0.0,1.0,1503104255.0341065,0.5,0.0
FRC,BASE,D0002,20251123,0.17,0.015,,1624444444.44,0.0,0.0,1624444444.44,,,0.185,1624444444.44,823348.55,1618124197.1,0.0,,0.0321,51941786.73,0.0277,0.0,,26429.488584399223,0.0,,1722800651.4105487,,0.0,1.0,1566182410.373226,0.5,0.0
FRC,BASE,D0002,20261117,0.145,0.015,,1457222222.21,0.0,0.0,1457222222.21,,,0.16,1457222222.21,638782.34,1547787045.27,0.0,,0.0321,49683964.15,0.0277,0.0,,20504.91324183345,0.0,,1647913389.2235727,,0.0,1.0,1498103081.1123388,0.5,0.0
FRC,BASE,D0001,20260816,0.142,0.01,,11969663275.6,0.0,0.0,11969663275.6,,,0.152,11969663275.6,5001023.7,12559028035.38,0.0,,0.0633,794986474.64,0.03165,90219100.01,,316564.8000415564,0.0,,12940445716.813614,,1380152693.4157572,1.0,11764041560.739649,0.5,1380152693.4157572
FRC,BASE,D0002,20250910,0.18,0.015,,1672222222.22,0.0,0.0,1672222222.22,,,0.195,1672222222.22,893379.0,1649588890.79,0.0,,0.0321,52951803.39,0.0277,0.0,,28677.46575338393,0.0,,1756300796.1320217,,0.0,1.0,1596637087.392747,0.5,0.0
FRC,BASE,D0002,20260115,0.16,0.015,,1576666666.66,0.0,0.0,1576666666.66,,,0.175,1576666666.66,755936.07,1567815097.02,0.0,,0.0321,50326864.61,0.0277,0.0,,24265.54794510454,0.0,,1669237055.647997,,0.0,1.0,1517488232.4072697,0.5,0.0
FRC,BASE,D0002,20260721,0.142,0.015,,1457222222.21,0.0,0.0,1457222222.21,,,0.157,1457222222.21,628801.37,1472181166.27,0.0,,0.0321,47257015.44,0.0277,0.0,,20184.523972436786,0.0,,1567416565.9165995,,0.0,1.0,1424924150.8332722,0.5,0.0
FRC,BASE,D0002,20261008,0.145,0.015,,1457222222.21,0.0,0.0,1457222222.21,,,0.16,1457222222.21,638782.34,1522235751.51,0.0,,0.0321,48863767.62,0.0277,0.0,,20504.9132418409,0.0,,1620709182.2709854,,0.0,1.0,1473371983.8827138,0.5,0.0
FRC,BASE,D0002,20270215,0.125,0.015,,1457222222.21,0.0,0.0,1457222222.21,,,0.14,1457222222.21,558934.55,1599129176.16,0.0,,0.0321,51332046.55,0.0277,0.0,,17941.799086600542,0.0,,1702576842.5689287,,0.0,1.0,1547797129.6081169,0.5,0.0
FRC,BASE,D0002,20260610,0.145,0.015,,1457222222.21,0.0,0.0,1457222222.21,,,0.16,1457222222.21,638782.34,1446200690.62,0.0,,0.0321,46423042.17,0.0277,0.0,,20504.9132418409,0.0,,1539755413.3003552,,0.0,1.0,1399777648.4548683,0.5,0.0
FRC,BASE,D0001,20261223,0.125,0.01,,13969663275.6,0.0,0.0,13969663275.6,,,0.135,13969663275.6,5166861.76,15270640390.77,0.0,,0.0633,966631536.74,0.03165,-68030899.99,,327062.3493744135,0.0,,15734409739.433027,,-1040722306.5842428,1.0,14304008854.030024,0.5,-1040722306.5842428
FRC,BASE,D0002,20250919,0.17,0.015,,1672222222.22,0.0,0.0,1672222222.22,,,0.185,1672222222.22,847564.69,1657400230.21,0.0,,0.0321,53202547.39,0.0277,0.0,,27206.82648398727,0.0,,1764617451.100808,,0.0,1.0,1604197682.8189163,0.5,0.0
FRC,BASE,D0002,20260315,0.16,0.015,,1528888888.88,0.0,0.0,1528888888.88,,,0.175,1528888888.88,733028.92,1520943378.98,0.0,,0.0321,48822282.47,0.0277,0.0,,23530.228310368955,0.0,,1619333206.170267,,0.0,1.0,1472121096.5184247,0.5,0.0
FRC,BASE,D0002,20260317,0.16,0.015,,1528888888.88,0.0,0.0,1528888888.88,,,0.175,1528888888.88,733028.92,1522409436.82,0.0,,0.0321,48869342.92,0.0277,0.0,,23530.228310368955,0.0,,1620894103.2905016,,0.0,1.0,1473540093.900456,0.5,0.0
FRC,BASE,D0001,20261014,0.145,0.01,,16969663275.6,0.0,0.0,16969663275.6,,,0.155,16969663275.6,7206295.36,17864065592.32,0.0,,0.0633,1130795351.99,0.03165,-68030899.99,,456158.4965164661,0.0,,18406597264.356262,,-1040722306.5842428,1.0,16733270240.323875,0.5,-1040722306.5842428
FRC,BASE,D0002,20260518,0.15,0.015,,1481111111.1,0.0,0.0,1481111111.1,,,0.165,1481111111.1,669543.38,1475263160.19,0.0,,0.0321,47355947.44,0.0277,0.0,,21492.34246559441,0.0,,1570697934.0183773,,0.0,1.0,1427907212.7439792,0.5,0.0
FRC,BASE,D0002,20260805,0.142,0.015,,1457222222.21,0.0,0.0,1457222222.21,,,0.157,1457222222.21,628801.37,1481613186.82,0.0,,0.0321,47559783.3,0.0277,0.0,,20184.52397242933,0.0,,1577458743.873707,,0.0,1.0,1434053403.5215518,0.5,0.0
FRC,BASE,D0002,20260324,0.15,0.015,,1528888888.88,0.0,0.0,1528888888.88,,,0.165,1528888888.88,691141.55,1527456864.52,0.0,,0.0321,49031365.35,0.0277,0.0,,22185.643835492432,0.0,,1626268049.090166,,0.0,1.0,1478425499.172878,0.5,0.0
FRC,BASE,D0002,20260329,0.15,0.015,,1528888888.88,0.0,0.0,1528888888.88,,,0.165,1528888888.88,691141.55,1530912572.29,0.0,,0.0321,49142293.57,0.0277,0.0,,22185.64383548498,0.0,,1629947306.5878615,,0.0,1.0,1481770278.7162375,0.5,0.0
FRC,BASE,D0002,20250913,0.18,0.015,,1672222222.22,0.0,0.0,1672222222.22,,,0.195,1672222222.22,893379.0,1652269027.77,0.0,,0.0321,53037835.79,0.0277,0.0,,28677.46575338393,0.0,,1759154311.179963,,0.0,1.0,1599231191.9817846,0.5,0.0
FRC,BASE,D0002,20260130,0.16,0.015,,1576666666.66,0.0,0.0,1576666666.66,,,0.175,1576666666.66,755936.07,1579154138.12,0.0,,0.0321,50690847.83,0.0277,0.0,,24265.54794509709,0.0,,1681309619.3123295,,0.0,1.0,1528463290.2839358,0.5,0.0
FRC,BASE,D0002,20250915,0.17,0.015,,1672222222.22,0.0,0.0,1672222222.22,,,0.185,1672222222.22,847564.69,1654009971.46,0.0,,0.0321,53093720.08,0.0277,0.0,,27206.82648397982,0.0,,1761007876.51025,,0.0,1.0,1600916251.3729544,0.5,0.0
FRC,BASE,D0001,20270101,0.125,0.01,,13969663275.6,0.0,0.0,13969663275.6,,,0.135,13969663275.6,5166861.76,15317142146.6,0.0,,0.0633,969575097.88,0.03165,-68030899.99,,327062.3493745327,0.0,,15782323753.592958,,-1040722306.5842428,1.0,14347567048.720873,0.5,-1040722306.5842428
FRC,BASE,D0001,20260711,0.142,0.01,,11969663275.6,0.0,0.0,11969663275.6,,,0.152,11969663275.6,5001023.7,12378991182.27,0.0,,0.0633,783590141.84,0.03165,90219100.01,,316564.8000415564,0.0,,12754941144.48061,,1380152693.4157572,1.0,11595401040.436916,0.5,1380152693.4157572
FRC,BASE,D0001,20270121,0.125,0.01,,8969663275.6,0.0,0.0,8969663275.6,,,0.135,8969663275.6,3317546.69,10218150614.67,0.0,,0.0633,646808933.91,0.03165,90219100.01,,210000.7055386305,0.0,,10528475848.834208,,1380152693.4157572,1.0,9571341680.75837,0.5,1380152693.4157572
FRC,BASE,D0001,20270117,0.125,0.01,,8969663275.6,0.0,0.0,8969663275.6,,,0.135,8969663275.6,3317546.69,10204880427.9,0.0,,0.0633,645968931.09,0.03165,90219100.01,,210000.7055387497,0.0,,10514802646.498287,,1380152693.4157572,1.0,9558911496.816624,0.5,1380152693.4157572
FRC,BASE,D0002,20270225,0.125,0.015,,1457222222.21,0.0,0.0,1457222222.21,,,0.14,1457222222.21,558934.55,1604718521.67,0.0,,0.0321,51511464.55,0.0277,0.0,,17941.799086607993,0.0,,1708527762.8398073,,0.0,1.0,1553207057.1270974,0.5,0.0
FRC,BASE,D0002,20261116,0.145,0.015,,1457222222.21,0.0,0.0,1457222222.21,,,0.16,1457222222.21,638782.34,1547148262.92,0.0,,0.0321,49663459.24,0.0277,0.0,,20504.9132418409,0.0,,1647233284.0497582,,0.0,1.0,1497484803.6815982,0.5,0.0
FRC,BASE,D0002,20260629,0.145,0.015,,1457222222.21,0.0,0.0,1457222222.21,,,0.16,1457222222.21,638782.34,1458337555.16,0.0,,0.0321,46812635.52,0.0277,0.0,,20504.9132418409,0.0,,1552677411.6028342,,0.0,1.0,1411524919.63894,0.5,0.0
FRC,BASE,D0001,20260716,0.142,0.01,,11969663275.6,0.0,0.0,11969663275.6,,,0.152,11969663275.6,5001023.7,12403996300.76,0.0,,0.0633,785172965.84,0.03165,90219100.01,,316564.8000416756,0.0,,12780705668.415749,,1380152693.4157572,1.0,11618823334.923405,0.5,1380152693.4157572
FRC,BASE,D0002,20260809,0.142,0.015,,1457222222.21,0.0,0.0,1457222222.21,,,0.157,1457222222.21,628801.37,1484128392.3,0.0,,0.0321,47640521.39,0.0277,0.0,,20184.52397242933,0.0,,1580136657.9956026,,0.0,1.0,1436487870.9050932,0.5,0.0
FRC,BASE,D0002,20260417,0.15,0.015,,1504999999.99,0.0,0.0,1504999999.99,,,0.165,1504999999.99,680342.47,1498949566.2,0.0,,0.0321,48116281.08,0.0277,0.0,,21838.99315053225,0.0,,1595916613.6368232,,0.0,1.0,1450833285.1243846,0.5,0.0
FRC,BASE,D0002,20270221,0.125,0.015,,1457222222.21,0.0,0.0,1457222222.21,,,0.14,1457222222.21,558934.55,1602482783.47,0.0,,0.0321,51439697.35,0.0277,0.0,,17941.799086607993,0.0,,1706147394.7314558,,0.0,1.0,1551043086.1195052,0.5,0.0
FRC,BASE,D0001,20260825,0.142,0.01,,11969663275.6,0.0,0.0,11969663275.6,,,0.152,11969663275.6,5001023.7,12604037248.66,0.0,,0.0633,797835557.84,0.03165,90219100.01,,316564.8000415564,0.0,,12986821859.896864,,1380152693.4157572,1.0,11806201690.81533,0.5,1380152693.4157572
FRC,BASE,D0001,20261031,0.145,0.01,,13969663275.6,0.0,0.0,13969663275.6,,,0.155,13969663275.6,5932322.76,14973832887.47,0.0,,0.0633,947843621.78,0.03165,-68030899.99,,375516.03076314926,0.0,,15428588192.26408,,-1040722306.5842428,1.0,14025989265.694616,0.5,-1040722306.5842428
FRC,BASE,D0002,20251011,0.17,0.015,,1648333333.33,0.0,0.0,1648333333.33,,,0.185,1648333333.33,835456.62,1629031520.16,0.0,,0.0321,52291911.8,0.0277,0.0,,26818.157534196973,0.0,,1734413569.1963444,,0.0,1.0,1576739608.360313,0.5,0.0
FRC,BASE,D0002,20261208,0.125,0.015,,1457222222.21,0.0,0.0,1457222222.21,,,0.14,1457222222.21,558934.55,1560562692.15,0.0,,0.0321,50094062.42,0.0277,0.0,,17941.799086607993,0.0,,1661515492.6998668,,0.0,1.0,1510468629.7271514,0.5,0.0
FRC,BASE,D0002,20260917,0.145,0.015,,1457222222.21,0.0,0.0,1457222222.21,,,0.16,1457222222.21,638782.34,1508821322.28,0.0,,0.0321,48433164.45,0.0277,0.0,,20504.9132418409,0.0,,1606426973.6208768,,0.0,1.0,1460388157.8371606,0.5,0.0
FRC,BASE,D0001,20260826,0.142,0.01,,11969663275.6,0.0,0.0,11969663275.6,,,0.152,11969663275.6,5001023.7,12609038272.35,0.0,,0.0633,798152122.64,0.03165,90219100.01,,316564.8000416756,0.0,,12991974764.683891,,1380152693.4157572,1.0,11810886149.71263,0.5,1380152693.4157572
FRC,BASE,D0002,20260911,0.145,0.015,,1457222222.21,0.0,0.0,1457222222.21,,,0.16,1457222222.21,638782.34,1504988628.22,0.0,,0.0321,48310134.97,0.0277,0.0,,20504.91324183345,0.0,,1602346342.5779886,,0.0,1.0,1456678493.2527168,0.5,0.0
FRC,BASE,D0002,20260327,0.15,0.015,,1528888888.88,0.0,0.0,1528888888.88,,,0.165,1528888888.88,691141.55,1529530289.18,0.0,,0.0321,49097922.28,0.0277,0.0,,22185.643835492432,0.0,,1628475603.5887833,,0.0,1.0,1480432366.8988938,0.5,0.0
FRC,BASE,D0001,20270218,0.125,0.01,,8969663275.6,0.0,0.0,8969663275.6,,,0.135,8969663275.6,3317546.69,10311041922.01,0.0,,0.0633,652688953.66,0.03165,90219100.01,,210000.7055387497,0.0,,10624188265.185656,,1380152693.4157572,1.0,9658352968.350595,0.5,1380152693.4157572
FRC,BASE,D0002,20260818,0.142,0.015,,1457222222.21,0.0,0.0,1457222222.21,,,0.157,1457222222.21,628801.37,1489787604.63,0.0,,0.0321,47822182.11,0.0277,0.0,,20184.52397242933,0.0,,1586161964.7698672,,0.0,1.0,1441965422.518061,0.5,0.0
FRC,BASE,D0001,20270201,0.125,0.01,,8969663275.6,0.0,0.0,8969663275.6,,,0.135,8969663275.6,3317546.69,10254643628.27,0.0,,0.0633,649118941.67,0.03165,90219100.01,,210000.7055387497,0.0,,10566077155.257992,,1380152693.4157572,1.0,9605524686.598171,0.5,1380152693.4157572
FRC,BASE,D0002,20261201,0.125,0.015,,1457222222.21,0.0,0.0,1457222222.21,,,0.14,1457222222.21,558934.55,1556650150.29,0.0,,0.0321,49968469.82,0.0277,0.0,,17941.799086607993,0.0,,1657349848.5102518,,0.0,1.0,1506681680.463865,0.5,0.0
FRC,BASE,D0001,20261002,0.145,0.01,,11969663275.6,0.0,0.0,11969663275.6,,,0.155,11969663275.6,5083007.69,12796699637.0,0.0,,0.0633,810031087.02,0.03165,90219100.01,,321754.38692748547,0.0,,13185335404.970892,,1380152693.4157572,1.0,11986668549.973536,0.5,1380152693.4157572
FRC,BASE,D0002,20260923,0.145,0.015,,1457222222.21,0.0,0.0,1457222222.21,,,0.16,1457222222.21,638782.34,1512654016.35,0.0,,0.0321,48556193.92,0.0277,0.0,,20504.91324184835,0.0,,1610507604.6637647,,0.0,1.0,1464097822.4216042,0.5,0.0
FRC,BASE,D0002,20261119,0.145,0.015,,1457222222.21,0.0,0.0,1457222222.21,,,0.16,1457222222.21,638782.34,1549064609.95,0.0,,0.0321,49724973.98,0.0277,0.0,,20504.91324183345,0.0,,1649273599.571202,,0.0,1.0,1499339635.97382,0.5,0.0
FRC,BASE,D0002,20250914,0.18,0.015,,1672222222.22,0.0,0.0,1672222222.22,,,0.195,1672222222.22,893379.0,1653162406.77,0.0,,0.0321,53066513.26,0.0277,0.0,,28677.465753391385,0.0,,1760105482.8626103,,0.0,1.0,1600095893.511464,0.5,0.0
FRC,BASE,D0001,20261226,0.125,0.01,,13969663275.6,0.0,0.0,13969663275.6,,,0.135,13969663275.6,5166861.76,15286140976.04,0.0,,0.0633,967612723.78,0.03165,-68030899.99,,327062.3493742943,0.0,,15750381077.48634,,-1040722306.5842428,1.0,14318528252.260307,0.5,-1040722306.5842428
FRC,BASE,D0002,20260204,0.16,0.015,,1552777777.77,0.0,0.0,1552777777.77,,,0.175,1552777777.77,744482.5,1537319948.62,0.0,,0.0321,49347970.35,0.0277,0.0,,23897.888127729297,0.0,,1636769176.0912538,,0.0,1.0,1487971978.264776,0.5,0.0
FRC,BASE,D0002,20251231,0.16,0.015,,1600555555.55,0.0,0.0,1600555555.55,,,0.175,1600555555.55,767389.65,1602372583.71,0.0,,0.0321,51436159.94,0.0277,0.0,,24633.20776247233,0.0,,1706030066.1457524,,0.0,1.0,1550936423.7688658,0.5,0.0
FRC,BASE,D0001,20261127,0.145,0.01,,13969663275.6,0.0,0.0,13969663275.6,,,0.155,13969663275.6,5932322.76,15134005602.02,0.0,,0.0633,957982554.61,0.03165,-68030899.99,,375516.03076314926,0.0,,15593625352.14829,,-1040722306.5842428,1.0,14176023047.407536,0.5,-1040722306.5842428
FRC,BASE,D0001,20260613,0.145,0.01,,11969663275.6,0.0,0.0,11969663275.6,,,0.155,11969663275.6,5083007.69,12237568790.83,0.0,,0.0633,774638104.46,0.03165,90219100.01,,321754.3869276047,0.0,,12609223755.011375,,1380152693.4157572,1.0,11462930686.373978,0.5,1380152693.4157572
FRC,BASE,D0001,20270228,0.125,0.01,,8969663275.6,0.0,0.0,8969663275.6,,,0.135,8969663275.6,3317546.69,10344217388.92,0.0,,0.0633,654788960.72,0.03165,90219100.01,,210000.7055388689,0.0,,10658371271.025455,,1380152693.4157572,1.0,9689428428.20496,0.5,1380152693.4157572
FRC,BASE,D0002,20260806,0.142,0.015,,1457222222.21,0.0,0.0,1457222222.21,,,0.157,1457222222.21,628801.37,1482241988.19,0.0,,0.0321,47579967.82,0.0277,0.0,,20184.523972436786,0.0,,1578128222.4041812,,0.0,1.0,1434662020.3674374,0.5,0.0
FRC,BASE,D0002,20260507,0.15,0.015,,1481111111.1,0.0,0.0,1481111111.1,,,0.165,1481111111.1,669543.38,1467898183.02,0.0,,0.0321,47119531.67,0.0277,0.0,,21492.34246559441,0.0,,1562856516.476427,,0.0,1.0,1420778651.3422062,0.5,0.0
FRC,BASE,D0002,20250906,0.18,0.015,,1672222222.22,0.0,0.0,1672222222.22,,,0.195,1672222222.22,893379.0,1646015374.81,0.0,,0.0321,52837093.53,0.0277,0.0,,28677.46575338393,0.0,,1752496109.4014337,,0.0,1.0,1593178281.2740302,0.5,0.0
FRC,BASE,D0001,20260802,0.142,0.01,,11969663275.6,0.0,0.0,11969663275.6,,,0.152,11969663275.6,5001023.7,12489013703.62,0.0,,0.0633,790554567.44,0.03165,90219100.01,,316564.8000415564,0.0,,12868305049.795223,,1380152693.4157572,1.0,11698459136.177477,0.5,1380152693.4157572
FRC,BASE,D0002,20260904,0.145,0.015,,1457222222.21,0.0,0.0,1457222222.21,,,0.16,1457222222.21,638782.34,1500517151.81,0.0,,0.0321,48166600.57,0.0277,0.0,,20504.9132418409,0.0,,1597585606.3612857,,0.0,1.0,1452350551.2375324,0.5,0.0
FRC,BASE,D0001,20270212,0.125,0.01,,8969663275.6,0.0,0.0,8969663275.6,,,0.135,8969663275.6,3317546.69,10291136641.87,0.0,,0.0633,651428949.43,0.03165,90219100.01,,210000.7055387497,0.0,,10603678461.681774,,1380152693.4157572,1.0,9639707692.437977,0.5,1380152693.4157572
FRC,BASE,D0001,20260818,0.142,0.01,,11969663275.6,0.0,0.0,11969663275.6,,,0.152,11969663275.6,5001023.7,12569030082.77,0.0,,0.0633,795619604.24,0.03165,90219100.01,,316564.8000415564,0.0,,12950751526.387669,,1380152693.4157572,1.0,11773410478.534245,0.5,1380152693.4157572
FRC,BASE,D0001,20261213,0.125,0.01,,13969663275.6,0.0,0.0,13969663275.6,,,0.135,13969663275.6,5166861.76,15218971773.17,0.0,,0.0633,963360913.24,0.03165,-68030899.99,,327062.3493742943,0.0,,15681171945.921991,,-1040722306.5842428,1.0,14255610859.929085,0.5,-1040722306.5842428
FRC,BASE,D0002,20260114,0.16,0.015,,1576666666.66,0.0,0.0,1576666666.66,,,0.175,1576666666.66,755936.07,1567059160.95,0.0,,0.0321,50302599.07,0.0277,0.0,,24265.54794509709,0.0,,1668432218.0703747,,0.0,1.0,1516756561.8821588,0.5,0.0
FRC,BASE,D0002,20260713,0.142,0.015,,1457222222.21,0.0,0.0,1457222222.21,,,0.157,1457222222.21,628801.37,1467150755.31,0.0,,0.0321,47095539.25,0.0277,0.0,,20184.523972436786,0.0,,1562060737.6728091,,0.0,1.0,1420055216.06619,0.5,0.0
FRC,BASE,D0002,20270113,0.125,0.015,,1457222222.21,0.0,0.0,1457222222.21,,,0.14,1457222222.21,558934.55,1580684335.98,0.0,,0.0321,50739967.18,0.0277,0.0,,17941.799086607993,0.0,,1682938805.6750295,,0.0,1.0,1529944368.7954812,0.5,0.0
FRC,BASE,D0002,20260211,0.16,0.015,,1552777777.77,0.0,0.0,1552777777.77,,,0.175,1552777777.77,744482.5,1542531326.09,0.0,,0.0321,49515255.57,0.0277,0.0,,23897.888127729297,0.0,,1642317677.5733416,,0.0,1.0,1493016070.5212195,0.5,0.0
FRC,BASE,D0002,20260715,0.142,0.015,,1457222222.21,0.0,0.0,1457222222.21,,,0.157,1457222222.21,628801.37,1468408358.05,0.0,,0.0321,47135908.29,0.0277,0.0,,20184.52397242933,0.0,,1563399694.7337568,,0.0,1.0,1421272449.7579606,0.5,0.0
FRC,BASE,D0002,20251103,0.17,0.015,,1624444444.44,0.0,0.0,1624444444.44,,,0.185,1624444444.44,823348.55,1601657226.02,0.0,,0.0321,51413196.96,0.0277,0.0,,26429.48858440668,0.0,,1705268431.970718,,0.0,1.0,1550244029.064289,0.5,0.0
FRC,BASE,D0001,20260901,0.145,0.01,,11969663275.6,0.0,0.0,11969663275.6,,,0.155,11969663275.6,5083007.69,12639126398.53,0.0,,0.0633,800056701.03,0.03165,90219100.01,,321754.3869276047,0.0,,13022976667.255028,,1380152693.4157572,1.0,11839069697.50457,0.5,1380152693.4157572
FRC,BASE,D0002,20251108,0.17,0.015,,1624444444.44,0.0,0.0,1624444444.44,,,0.185,1624444444.44,823348.55,1605773968.79,0.0,,0.0321,51545344.4,0.0277,0.0,,26429.48858440668,0.0,,1709651486.8306756,,0.0,1.0,1554228624.3915231,0.5,0.0
FRC,BASE,D0002,20260323,0.15,0.015,,1528888888.88,0.0,0.0,1528888888.88,,,0.165,1528888888.88,691141.55,1526765722.97,0.0,,0.0321,49009179.71,0.0277,0.0,,22185.64383548498,0.0,,1625532197.590627,,0.0,1.0,1477756543.2642062,0.5,0.0
FRC,BASE,D0002,20251129,0.17,0.015,,1624444444.44,0.0,0.0,1624444444.44,,,0.185,1624444444.44,823348.55,1623064288.42,0.0,,0.0321,52100363.66,0.0277,0.0,,26429.488584399223,0.0,,1728060317.2424977,,0.0,1.0,1570963924.7659068,0.5,0.0
FRC,BASE,D0002,20260525,0.15,0.015,,1481111111.1,0.0,0.0,1481111111.1,,,0.165,1481111111.1,669543.38,1479949963.84,0.0,,0.0321,47506393.84,0.0277,0.0,,21492.34246559441,0.0,,1575687926.9996183,,0.0,1.0,1432443569.9996529,0.5,0.0
FRC,BASE,D0001,20260926,0.145,0.01,,11969663275.6,0.0,0.0,11969663275.6,,,0.155,11969663275.6,5083007.69,12766201590.84,0.0,,0.0633,808100560.7,0.03165,90219100.01,,321754.3869276047,0.0,,13153911133.15492,,1380152693.4157572,1.0,11958101030.140837,0.5,1380152693.4157572
FRC,BASE,D0002,20250926,0.17,0.015,,1672222222.22,0.0,0.0,1672222222.22,,,0.185,1672222222.22,847564.69,1663333183.02,0.0,,0.0321,53392995.18,0.0277,0.0,,27206.82648398727,0.0,,1770934206.6342854,,0.0,1.0,1609940187.8493502,0.5,0.0
FRC,BASE,D0002,20250829,0.18,0.015,,1696111111.11,0.0,0.0,1696111111.11,,,0.195,1696111111.11,906141.55,1686053234.4,0.0,,0.0321,54122308.82,0.0277,0.0,,29087.14383559674,0.0,,1795124018.1308477,,0.0,1.0,1631930925.5734975,0.5,0.0
FRC,BASE,D0002,20260220,0.16,0.015,,1552777777.77,0.0,0.0,1552777777.77,,,0.175,1552777777.77,744482.5,1549231668.55,0.0,,0.0321,49730336.56,0.0277,0.0,,23897.888127729297,0.0,,1649451465.193169,,0.0,1.0,1499501331.99379,0.5,0.0
FRC,BASE,D0002,20251024,0.17,0.015,,1648333333.33,0.0,0.0,1648333333.33,,,0.185,1648333333.33,835456.62,1639892456.23,0.0,,0.0321,52640547.84,0.0277,0.0,,26818.157534196973,0.0,,1745977099.2239466,,0.0,1.0,1587251908.3854058,0.5,0.0
FRC,BASE,D0002,20260425,0.15,0.015,,1504999999.99,0.0,0.0,1504999999.99,,,0.165,1504999999.99,680342.47,1504392305.93,0.0,,0.0321,48290993.02,0.0277,0.0,,21838.993150539696,0.0,,1601711444.195689,,0.0,1.0,1456101312.9051716,0.5,0.0
FRC,BASE,D0002,20270116,0.125,0.015,,1457222222.21,0.0,0.0,1457222222.21,,,0.14,1457222222.21,558934.55,1582361139.63,0.0,,0.0321,50793792.58,0.0277,0.0,,17941.799086607993,0.0,,1684724081.756293,,0.0,1.0,1531567347.0511754,0.5,0.0
FRC,BASE,D0002,20260314,0.16,0.015,,1528888888.88,0.0,0.0,1528888888.88,,,0.175,1528888888.88,733028.92,1520210350.06,0.0,,0.0321,48798752.24,0.0277,0.0,,23530.228310361505,0.0,,1618552757.61015,,0.0,1.0,1471411597.827409,0.5,0.0
FRC,BASE,D0002,20260908,0.145,0.015,,1457222222.21,0.0,0.0,1457222222.21,,,0.16,1457222222.21,638782.34,1503072281.19,0.0,,0.0321,48248620.23,0.0277,0.0,,20504.9132418409,0.0,,1600306027.0565443,,0.0,1.0,1454823660.960495,0.5,0.0
FRC,BASE,D0001,20261211,0.125,0.01,,13969663275.6,0.0,0.0,13969663275.6,,,0.135,13969663275.6,5166861.76,15208638049.65,0.0,,0.0633,962706788.54,0.03165,-68030899.99,,327062.3493744135,0.0,,15670524387.219786,,-1040722306.5842428,1.0,14245931261.108894,0.5,-1040722306.5842428
FRC,BASE,D0002,20260717,0.142,0.015,,1457222222.21,0.0,0.0,1457222222.21,,,0.157,1457222222.21,628801.37,1469665960.79,0.0,,0.0321,47176277.34,0.0277,0.0,,20184.523972436786,0.0,,1564738651.7947044,,0.0,1.0,1422489683.449731,0.5,0.0
FRC,BASE,D0001,20260715,0.142,0.01,,11969663275.6,0.0,0.0,11969663275.6,,,0.152,11969663275.6,5001023.7,12398995277.06,0.0,,0.0633,784856401.04,0.03165,90219100.01,,316564.8000415564,0.0,,12775552763.62872,,1380152693.4157572,1.0,11614138876.026108,0.5,1380152693.4157572
FRC,BASE,D0002,20260227,0.16,0.015,,1552777777.77,0.0,0.0,1552777777.77,,,0.175,1552777777.77,744482.5,1554443046.03,0.0,,0.0321,49897621.78,0.0277,0.0,,23897.888127736747,0.0,,1654999966.675257,,0.0,1.0,1504545424.2502334,0.5,0.0
FRC,BASE,D0002,20260107,0.16,0.015,,1576666666.66,0.0,0.0,1576666666.66,,,0.175,1576666666.66,755936.07,1561767608.44,0.0,,0.0321,50132740.23,0.0277,0.0,,24265.54794511199,0.0,,1662798355.0270193,,0.0,1.0,1511634868.206381,0.5,0.0
FRC,BASE,D0002,20260322,0.16,0.015,,1528888888.88,0.0,0.0,1528888888.88,,,0.175,1528888888.88,733028.92,1526074581.42,0.0,,0.0321,48986994.06,0.0277,0.0,,23530.228310361505,0.0,,1624796346.091088,,0.0,1.0,1477087587.3555346,0.5,0.0
FRC,BASE,D0002,20260517,0.15,0.015,,1481111111.1,0.0,0.0,1481111111.1,,,0.165,1481111111.1,669543.38,1474593616.81,0.0,,0.0321,47334455.1,0.0277,0.0,,21492.34246559441,0.0,,1569985077.8782,,0.0,1.0,1427259161.7074544,0.5,0.0
FRC,BASE,D0001,20261129,0.145,0.01,,13969663275.6,0.0,0.0,13969663275.6,,,0.155,13969663275.6,5932322.76,15145870247.54,0.0,,0.0633,958733586.67,0.03165,-68030899.99,,375516.03076314926,0.0,,15605850326.954529,,-1040722306.5842428,1.0,14187136660.867752,0.5,-1040722306.5842428
FRC,BASE,D0001,20260717,0.142,0.01,,11969663275.6,0.0,0.0,11969663275.6,,,0.152,11969663275.6,5001023.7,12408997324.46,0.0,,0.0633,785489530.64,0.03165,90219100.01,,316564.8000415564,0.0,,12785858573.202774,,1380152693.4157572,1.0,11623507793.820704,0.5,1380152693.4157572
FRC,BASE,D0002,20260416,0.15,0.015,,1504999999.99,0.0,0.0,1504999999.99,,,0.165,1504999999.99,680342.47,1498269223.73,0.0,,0.0321,48094442.08,0.0277,0.0,,21838.993150547147,0.0,,1595192259.8169649,,0.0,1.0,1450174781.651786,0.5,0.0
FRC,BASE,D0002,20261221,0.125,0.015,,1457222222.21,0.0,0.0,1457222222.21,,,0.14,1457222222.21,558934.55,1567828841.31,0.0,,0.0321,50327305.81,0.0277,0.0,,17941.799086607993,0.0,,1669251689.0520089,,0.0,1.0,1517501535.501826,0.5,0.0
FRC,BASE,D0002,20260915,0.145,0.015,,1457222222.21,0.0,0.0,1457222222.21,,,0.16,1457222222.21,638782.34,1507543757.59,0.0,,0.0321,48392154.62,0.0277,0.0,,20504.91324183345,0.0,,1605066763.2732472,,0.0,1.0,1459151602.9756792,0.5,0.0
FRC,BASE,D0001,20270129,0.125,0.01,,8969663275.6,0.0,0.0,8969663275.6,,,0.135,8969663275.6,3317546.69,10244690988.19,0.0,,0.0633,648488939.55,0.03165,90219100.01,,210000.7055387497,0.0,,10555822253.50605,,1380152693.4157572,1.0,9596202048.641865,0.5,1380152693.4157572
FRC,BASE,D0002,20260802,0.142,0.015,,1457222222.21,0.0,0.0,1457222222.21,,,0.157,1457222222.21,628801.37,1479726782.71,0.0,,0.0321,47499229.72,0.0277,0.0,,20184.523972436786,0.0,,1575450308.2822857,,0.0,1.0,1432227552.983896,0.5,0.0
FRC,BASE,D0002,20250927,0.17,0.015,,1672222222.22,0.0,0.0,1672222222.22,,,0.185,1672222222.22,847564.69,1664180747.71,0.0,,0.0321,53420202.0,0.0277,0.0,,27206.82648397982,0.0,,1771836600.2819252,,0.0,1.0,1610760545.710841,0.5,0.0
FRC,BASE,D0002,20260723,0.142,0.015,,1457222222.21,0.0,0.0,1457222222.21,,,0.157,1457222222.21,628801.37,1473438769.01,0.0,,0.0321,47297384.49,0.0277,0.0,,20184.523972436786,0.0,,1568755522.9775474,,0.0,1.0,1426141384.525043,0.5,0.0
FRC,BASE,D0002,20251225,0.16,0.015,,1600555555.55,0.0,0.0,1600555555.55,,,0.175,1600555555.55,767389.65,1597768245.81,0.0,,0.0321,51288360.69,0.0277,0.0,,24633.20776247233,0.0,,1701127873.6275046,,0.0,1.0,1546479885.1159132,0.5,0.0
FRC,BASE,D0002,20261216,0.125,0.015,,1457222222.21,0.0,0.0,1457222222.21,,,0.14,1457222222.21,558934.55,1565034168.55,0.0,,0.0321,50237596.81,0.0277,0.0,,17941.799086607993,0.0,,1666276228.9165697,,0.0,1.0,1514796571.7423358,0.5,0.0
FRC,BASE,D0002,20260619,0.145,0.015,,1457222222.21,0.0,0.0,1457222222.21,,,0.16,1457222222.21,638782.34,1451949731.72,0.0,,0.0321,46607586.39,0.0277,0.0,,20504.91324183345,0.0,,1545876359.8646874,,0.0,1.0,1405342145.331534,0.5,0.0
FRC,BASE,D0001,20261004,0.145,0.01,,11969663275.6,0.0,0.0,11969663275.6,,,0.155,11969663275.6,5083007.69,12806865652.38,0.0,,0.0633,810674595.8,0.03165,90219100.01,,321754.3869276047,0.0,,13195810162.242884,,1380152693.4157572,1.0,11996191056.584438,0.5,1380152693.4157572
FRC,BASE,D0002,20270115,0.125,0.015,,1457222222.21,0.0,0.0,1457222222.21,,,0.14,1457222222.21,558934.55,1581802205.08,0.0,,0.0321,50775850.78,0.0277,0.0,,17941.799086607993,0.0,,1684128989.7292054,,0.0,1.0,1531026354.2992775,0.5,0.0
FRC,BASE,D0002,20261209,0.125,0.015,,1457222222.21,0.0,0.0,1457222222.21,,,0.14,1457222222.21,558934.55,1561121626.7,0.0,,0.0321,50112004.22,0.0277,0.0,,17941.799086600542,0.0,,1662110584.7269545,,0.0,1.0,1511009622.4790494,0.5,0.0
FRC,BASE,D0002,20270123,0.125,0.015,,1457222222.21,0.0,0.0,1457222222.21,,,0.14,1457222222.21,558934.55,1586273681.49,0.0,,0.0321,50919385.18,0.0277,0.0,,17941.799086600542,0.0,,1688889725.945908,,0.0,1.0,1535354296.3144617,0.5,0.0
FRC,BASE,D0001,20260621,0.145,0.01,,11969663275.6,0.0,0.0,11969663275.6,,,0.155,11969663275.6,5083007.69,12278232852.37,0.0,,0.0633,777212139.56,0.03165,90219100.01,,321754.3869276047,0.0,,12651122784.09934,,1380152693.4157572,1.0,11501020712.81758,0.5,1380152693.4157572
FRC,BASE,D0002,20251021,0.17,0.015,,1648333333.33,0.0,0.0,1648333333.33,,,0.185,1648333333.33,835456.62,1637386086.37,0.0,,0.0321,52560093.37,0.0277,0.0,,26818.15753418952,0.0,,1743308592.2945,,0.0,1.0,1584825992.995,0.5,0.0
FRC,BASE,D0001,20270220,0.125,0.01,,8969663275.6,0.0,0.0,8969663275.6,,,0.135,8969663275.6,3317546.69,10317677015.4,0.0,,0.0633,653108955.07,0.03165,90219100.01,,210000.7055386305,0.0,,10631024866.353617,,1380152693.4157572,1.0,9664568060.321468,0.5,1380152693.4157572
FRC,BASE,D0001,20270106,0.125,0.01,,8969663275.6,0.0,0.0,8969663275.6,,,0.135,8969663275.6,3317546.69,10168387414.3,0.0,,0.0633,643658923.33,0.03165,90219100.01,,210000.7055387497,0.0,,10477201340.074505,,1380152693.4157572,1.0,9524728490.976822,0.5,1380152693.4157572
FRC,BASE,D0002,20251006,0.17,0.015,,1648333333.33,0.0,0.0,1648333333.33,,,0.185,1648333333.33,835456.62,1624854237.05,0.0,,0.0321,52157821.01,0.0277,0.0,,26818.15753418952,0.0,,1729966057.6472669,,0.0,1.0,1572696416.0429697,0.5,0.0
FRC,BASE,D0002,20251013,0.17,0.015,,1648333333.33,0.0,0.0,1648333333.33,,,0.185,1648333333.33,835456.62,1630702433.4,0.0,,0.0321,52345548.11,0.0277,0.0,,26818.157534196973,0.0,,1736192573.8159757,,0.0,1.0,1578356885.2872505,0.5,0.0
FRC,BASE,D0001,20260928,0.145,0.01,,11969663275.6,0.0,0.0,11969663275.6,,,0.155,11969663275.6,5083007.69,12776367606.23,0.0,,0.0633,808744069.47,0.03165,90219100.01,,321754.3869276047,0.0,,13164385890.42691,,1380152693.4157572,1.0,11967623536.751736,0.5,1380152693.4157572
FRC,BASE,D0002,20251026,0.17,0.015,,1648333333.33,0.0,0.0,1648333333.33,,,0.185,1648333333.33,835456.62,1641563369.47,0.0,,0.0321,52694184.16,0.0277,0.0,,26818.157534196973,0.0,,1747756103.843578,,0.0,1.0,1588869185.3123434,0.5,0.0
FRC,BASE,D0002,20251130,0.17,0.015,,1624444444.44,0.0,0.0,1624444444.44,,,0.185,1624444444.44,823348.55,1623887636.98,0.0,,0.0321,52126793.15,0.0277,0.0,,26429.48858440668,0.0,,1728936928.214489,,0.0,1.0,1571760843.8313534,0.5,0.0
FRC,BASE,D0002,20260609,0.145,0.015,,1457222222.21,0.0,0.0,1457222222.21,,,0.16,1457222222.21,638782.34,1445561908.28,0.0,,0.0321,46402537.26,0.0277,0.0,,20504.91324183345,0.0,,1539075308.126541,,0.0,1.0,1399159371.0241275,0.5,0.0
FRC,BASE,D0001,20261017,0.145,0.01,,16969663275.6,0.0,0.0,16969663275.6,,,0.155,16969663275.6,7206295.36,17885684478.41,0.0,,0.0633,1132163827.48,0.03165,-68030899.99,,456158.4965164661,0.0,,18428872716.01768,,-1040722306.5842428,1.0,16753520650.925158,0.5,-1040722306.5842428
FRC,BASE,D0002,20250916,0.17,0.015,,1672222222.22,0.0,0.0,1672222222.22,,,0.185,1672222222.22,847564.69,1654857536.14,0.0,,0.0321,53120926.91,0.0277,0.0,,27206.82648398727,0.0,,1761910270.1578894,,0.0,1.0,1601736609.2344449,0.5,0.0
FRC,BASE,D0002,20260814,0.142,0.015,,1457222222.21,0.0,0.0,1457222222.21,,,0.157,1457222222.21,628801.37,1487272399.15,0.0,,0.0321,47741444.01,0.0277,0.0,,20184.523972436786,0.0,,1583484050.6479716,,0.0,1.0,1439530955.1345196,0.5,0.0
FRC,BASE,D0002,20261106,0.145,0.015,,1457222222.21,0.0,0.0,1457222222.21,,,0.16,1457222222.21,638782.34,1540760439.48,0.0,,0.0321,49458410.11,0.0277,0.0,,20504.91324183345,0.0,,1640432232.3116114,,0.0,1.0,1491302029.374192,0.5,0.0
FRC,BASE,D0001,20260925,0.145,0.01,,11969663275.6,0.0,0.0,11969663275.6,,,0.155,11969663275.6,5083007.69,12761118583.15,0.0,,0.0633,807778806.31,0.03165,90219100.01,,321754.38692748547,0.0,,13148673754.518925,,1380152693.4157572,1.0,11953339776.835384,0.5,1380152693.4157572
FRC,BASE,D0002,20260605,0.15,0.015,,1457222222.21,0.0,0.0,1457222222.21,,,0.165,1457222222.21,658744.29,1443006778.9,0.0,,0.0321,46320517.6,0.0277,0.0,,21145.69178064913,0.0,,1536354887.431282,,0.0,1.0,1396686261.301165,0.5,0.0
FRC,BASE,D0002,20251118,0.17,0.015,,1624444444.44,0.0,0.0,1624444444.44,,,0.185,1624444444.44,823348.55,1614007454.33,0.0,,0.0321,51809639.28,0.0277,0.0,,26429.48858440668,0.0,,1718417596.5505908,,0.0,1.0,1562197815.0459914,0.5,0.0
FRC,BASE,D0001,20260608,0.145,0.01,,11969663275.6,0.0,0.0,11969663275.6,,,0.155,11969663275.6,5083007.69,12212153752.37,0.0,,0.0633,773029332.53,0.03165,90219100.01,,321754.38692748547,0.0,,12583036861.8314,,1380152693.4157572,1.0,11439124419.846724,0.5,1380152693.4157572
FRC,BASE,D0001,20260622,0.145,0.01,,11969663275.6,0.0,0.0,11969663275.6,,,0.155,11969663275.6,5083007.69,12283315860.07,0.0,,0.0633,777533893.94,0.03165,90219100.01,,321754.38692748547,0.0,,12656360162.735338,,1380152693.4157572,1.0,11505781966.123034,0.5,1380152693.4157572
FRC,BASE,D0002,20260325,0.15,0.015,,1528888888.88,0.0,0.0,1528888888.88,,,0.165,1528888888.88,691141.55,1528148006.08,0.0,,0.0321,49053551.0,0.0277,0.0,,22185.64383548498,0.0,,1627003900.589705,,0.0,1.0,1479094455.08155,0.5,0.0
FRC,BASE,D0002,20260510,0.15,0.015,,1481111111.1,0.0,0.0,1481111111.1,,,0.165,1481111111.1,669543.38,1469906813.15,0.0,,0.0321,47184008.7,0.0277,0.0,,21492.34246559441,0.0,,1564995084.8969588,,0.0,1.0,1422722804.4517806,0.5,0.0
FRC,BASE,D0002,20260620,0.145,0.015,,1457222222.21,0.0,0.0,1457222222.21,,,0.16,1457222222.21,638782.34,1452588514.06,0.0,,0.0321,46628091.3,0.0277,0.0,,20504.9132418409,0.0,,1546556465.038502,,0.0,1.0,1405960422.7622745,0.5,0.0
FRC,BASE,D0002,20260624,0.145,0.015,,1457222222.21,0.0,0.0,1457222222.21,,,0.16,1457222222.21,638782.34,1455143643.44,0.0,,0.0321,46710110.95,0.0277,0.0,,20504.91324183345,0.0,,1549276885.733761,,0.0,1.0,1408433532.4852371,0.5,0.0
FRC,BASE,D0001,20270226,0.125,0.01,,8969663275.6,0.0,0.0,8969663275.6,,,0.135,8969663275.6,3317546.69,10337582295.54,0.0,,0.0633,654368959.31,0.03165,90219100.01,,210000.7055386305,0.0,,10651534669.857496,,1380152693.4157572,1.0,9683213336.234089,0.5,1380152693.4157572
FRC,BASE,D0002,20260418,0.15,0.015,,1504999999.99,0.0,0.0,1504999999.99,,,0.165,1504999999.99,680342.47,1499629908.67,0.0,,0.0321,48138120.07,0.0277,0.0,,21838.993150547147,0.0,,1596640967.4566815,,0.0,1.0,1451491788.596983,0.5,0.0
FRC,BASE,D0001,20261221,0.125,0.01,,13969663275.6,0.0,0.0,13969663275.6,,,0.135,13969663275.6,5166861.76,15260306667.25,0.0,,0.0633,965977412.04,0.03165,-68030899.99,,327062.3493744135,0.0,,15723762180.73082,,-1040722306.5842428,1.0,14294329255.209835,0.5,-1040722306.5842428
FRC,BASE,D0001,20270222,0.125,0.01,,8969663275.6,0.0,0.0,8969663275.6,,,0.135,8969663275.6,3317546.69,10324312108.78,0.0,,0.0633,653528956.49,0.03165,90219100.01,,210000.7055387497,0.0,,10637861467.521576,,1380152693.4157572,1.0,9670783152.29234,0.5,1380152693.4157572
FRC,BASE,D0002,20260206,0.16,0.015,,1552777777.77,0.0,0.0,1552777777.77,,,0.175,1552777777.77,744482.5,1538808913.61,0.0,,0.0321,49395766.13,0.0277,0.0,,23897.888127729297,0.0,,1638354462.2289934,,0.0,1.0,1489413147.480903,0.5,0.0
FRC,BASE,D0001,20260804,0.142,0.01,,11969663275.6,0.0,0.0,11969663275.6,,,0.152,11969663275.6,5001023.7,12499015751.01,0.0,,0.0633,791187697.04,0.03165,90219100.01,,316564.8000415564,0.0,,12878610859.369276,,1380152693.4157572,1.0,11707828053.972069,0.5,1380152693.4157572
FRC,BASE,D0002,20251221,0.17,0.015,,1600555555.55,0.0,0.0,1600555555.55,,,0.185,1600555555.55,811240.49,1594698687.21,0.0,,0.0321,51189827.86,0.0277,0.0,,26040.81963460148,0.0,,1697859745.2820065,,0.0,1.0,1543508859.3472784,0.5,0.0
FRC,BASE,D0002,20260409,0.15,0.015,,1504999999.99,0.0,0.0,1504999999.99,,,0.165,1504999999.99,680342.47,1493506826.47,0.0,,0.0321,47941569.13,0.0277,0.0,,21838.99315053225,0.0,,1590121783.0779576,,0.0,1.0,1445565257.3435977,0.5,0.0
FRC,BASE,D0001,20260712,0.142,0.01,,11969663275.6,0.0,0.0,11969663275.6,,,0.152,11969663275.6,5001023.7,12383992205.97,0.0,,0.0633,783906706.64,0.03165,90219100.01,,316564.8000416756,0.0,,12760094049.267635,,1380152693.4157572,1.0,11600085499.334211,0.5,1380152693.4157572
FRC,BASE,D0002,20270204,0.125,0.015,,1457222222.21,0.0,0.0,1457222222.21,,,0.14,1457222222.21,558934.55,1592980896.1,0.0,,0.0321,51134686.76,0.0277,0.0,,17941.799086607993,0.0,,1696030830.2709622,,0.0,1.0,1541846209.3372383,0.5,0.0
FRC,BASE,D0002,20260810,0.142,0.015,,1457222222.21,0.0,0.0,1457222222.21,,,0.157,1457222222.21,628801.37,1484757193.67,0.0,,0.0321,47660705.92,0.0277,0.0,,20184.523972436786,0.0,,1580806136.5260766,,0.0,1.0,1437096487.7509785,0.5,0.0
FRC,BASE,D0001,20260719,0.142,0.01,,11969663275.6,0.0,0.0,11969663275.6,,,0.152,11969663275.6,5001023.7,12418999371.85,0.0,,0.0633,786122660.24,0.03165,90219100.01,,316564.8000416756,0.0,,12796164382.776833,,1380152693.4157572,1.0,11632876711.6153,0.5,1380152693.4157572
FRC,BASE,D0002,20260622,0.145,0.015,,1457222222.21,0.0,0.0,1457222222.21,,,0.16,1457222222.21,638782.34,1453866078.75,0.0,,0.0321,46669101.13,0.0277,0.0,,20504.9132418409,0.0,,1547916675.3861318,,0.0,1.0,1407196977.623756,0.5,0.0
FRC,BASE,D0002,20260117,0.16,0.015,,1576666666.66,0.0,0.0,1576666666.66,,,0.175,1576666666.66,755936.07,1569326969.17,0.0,,0.0321,50375395.71,0.0277,0.0,,24265.54794510454,0.0,,1670846730.8032413,,0.0,1.0,1518951573.457492,0.5,0.0
FRC,BASE,D0002,20251127,0.17,0.015,,1624444444.44,0.0,0.0,1624444444.44,,,0.185,1624444444.44,823348.55,1621417591.32,0.0,,0.0321,52047504.68,0.0277,0.0,,26429.48858440668,0.0,,1726307095.2985146,,0.0,1.0,1569370086.635013,0.5,0.0
FRC,BASE,D0001,20260629,0.145,0.01,,11969663275.6,0.0,0.0,11969663275.6,,,0.155,11969663275.6,5083007.69,12318896913.91,0.0,,0.0633,779786174.65,0.03165,90219100.01,,321754.38692748547,0.0,,12693021813.187304,,1380152693.4157572,1.0,11539110739.261189,0.5,1380152693.4157572
FRC,BASE,D0002,20261222,0.125,0.015,,1457222222.21,0.0,0.0,1457222222.21,,,0.14,1457222222.21,558934.55,1568387775.86,0.0,,0.0321,50345247.61,0.0277,0.0,,17941.799086600542,0.0,,1669846781.0790966,,0.0,1.0,1518042528.253724,0.5,0.0
FRC,BASE,D0002,20251113,0.17,0.015,,1624444444.44,0.0,0.0,1624444444.44,,,0.185,1624444444.44,823348.55,1609890711.56,0.0,,0.0321,51677491.84,0.0277,0.0,,26429.48858440668,0.0,,1714034541.6906333,,0.0,1.0,1558213219.7187574,0.5,0.0
FRC,BASE,D0002,20270205,0.125,0.015,,1457222222.21,0.0,0.0,1457222222.21,,,0.14,1457222222.21,558934.55,1593539830.65,0.0,,0.0321,51152628.56,0.0277,0.0,,17941.799086607993,0.0,,1696625922.2980502,,0.0,1.0,1542387202.0891364,0.5,0.0
FRC,BASE,D0001,20260813,0.142,0.01,,11969663275.6,0.0,0.0,11969663275.6,,,0.152,11969663275.6,5001023.7,12544024964.29,0.0,,0.0633,794036780.24,0.03165,90219100.01,,316564.8000415564,0.0,,12924987002.452528,,1380152693.4157572,1.0,11749988184.047752,0.5,1380152693.4157572
FRC,BASE,D0002,20270104,0.125,0.015,,1457222222.21,0.0,0.0,1457222222.21,,,0.14,1457222222.21,558934.55,1575653925.02,0.0,,0.0321,50578490.99,0.0277,0.0,,17941.799086607993,0.0,,1677582977.431239,,0.0,1.0,1525075434.0283988,0.5,0.0
FRC,BASE,D0002,20260512,0.15,0.015,,1481111111.1,0.0,0.0,1481111111.1,,,0.165,1481111111.1,669543.38,1471245899.91,0.0,,0.0321,47226993.39,0.0277,0.0,,21492.34246558696,0.0,,1566420797.1773136,,0.0,1.0,1424018906.5248303,0.5,0.0
FRC,BASE,D0002,20260914,0.145,0.015,,1457222222.21,0.0,0.0,1457222222.21,,,0.16,1457222222.21,638782.34,1506904975.25,0.0,,0.0321,48371649.71,0.0277,0.0,,20504.9132418409,0.0,,1604386658.0994325,,0.0,1.0,1458533325.5449386,0.5,0.0
FRC,BASE,D0002,20260703,0.142,0.015,,1457222222.21,0.0,0.0,1457222222.21,,,0.157,1457222222.21,628801.37,1460862741.61,0.0,,0.0321,46893694.01,0.0277,0.0,,20184.523972436786,0.0,,1555365952.3680706,,0.0,1.0,1413969047.6073368,0.5,0.0
FRC,BASE,D0001,20270127,0.125,0.01,,8969663275.6,0.0,0.0,8969663275.6,,,0.135,8969663275.6,3317546.69,10238055894.81,0.0,,0.0633,648068938.14,0.03165,90219100.01,,210000.7055386305,0.0,,10548985652.338087,,1380152693.4157572,1.0,9589986956.67099,0.5,1380152693.4157572
FRC,BASE,D0002,20260719,0.142,0.015,,1457222222.21,0.0,0.0,1457222222.21,,,0.157,1457222222.21,628801.37,1470923563.53,0.0,,0.0321,47216646.39,0.0277,0.0,,20184.523972436786,0.0,,1566077608.8556523,,0.0,1.0,1423706917.141502,0.5,0.0
FRC,BASE,D0001,20260819,0.142,0.01,,11969663275.6,0.0,0.0,11969663275.6,,,0.152,11969663275.6,5001023.7,12574031106.47,0.0,,0.0633,795936169.04,0.03165,90219100.01,,316564.8000416756,0.0,,12955904431.174696,,1380152693.4157572,1.0,11778094937.43154,0.5,1380152693.4157572
FRC,BASE,D0002,20260906,0.145,0.015,,1457222222.21,0.0,0.0,1457222222.21,,,0.16,1457222222.21,638782.34,1501794716.5,0.0,,0.0321,48207610.4,0.0277,0.0,,20504.9132418409,0.0,,1598945816.708915,,0.0,1.0,1453587106.0990136,0.5,0.0
FRC,BASE,D0001,20260731,0.142,0.01,,11969663275.6,0.0,0.0,11969663275.6,,,0.152,11969663275.6,5001023.7,12479011656.22,0.0,,0.0633,789921437.84,0.03165,90219100.01,,316564.8000415564,0.0,,12857999240.221169,,1380152693.4157572,1.0,11689090218.382875,0.5,1380152693.4157572
FRC,BASE,D0002,20260526,0.15,0.015,,1481111111.1,0.0,0.0,1481111111.1,,,0.165,1481111111.1,669543.38,1480619507.22,0.0,,0.0321,47527886.18,0.0277,0.0,,21492.34246558696,0.0,,1576400783.1397958,,0.0,1.0,1433091621.036178,0.5,0.0
FRC,BASE,D0002,20260626,0.145,0.015,,1457222222.21,0.0,0.0,1457222222.21,,,0.16,1457222222.21,638782.34,1456421208.13,0.0,,0.0321,46751120.78,0.0277,0.0,,20504.91324183345,0.0,,1550637096.0813904,,0.0,1.0,1409670087.3467183,0.5,0.0
FRC,BASE,D0001,20261003,0.145,0.01,,11969663275.6,0.0,0.0,11969663275.6,,,0.155,11969663275.6,5083007.69,12801782644.69,0.0,,0.0633,810352841.41,0.03165,90219100.01,,321754.38692748547,0.0,,13190572783.606888,,1380152693.4157572,1.0,11991429803.278988,0.5,1380152693.4157572
FRC,BASE,D0002,20251111,0.17,0.015,,1624444444.44,0.0,0.0,1624444444.44,,,0.185,1624444444.44,823348.55,1608244014.45,0.0,,0.0321,51624632.86,0.0277,0.0,,26429.488584399223,0.0,,1712281319.7466505,,0.0,1.0,1556619381.587864,0.5,0.0
FRC,BASE,D0002,20261223,0.125,0.015,,1457222222.21,0.0,0.0,1457222222.21,,,0.14,1457222222.21,558934.55,1568946710.41,0.0,,0.0321,50363189.4,0.0277,0.0,,17941.799086607993,0.0,,1670441873.1061845,,0.0,1.0,1518583521.005622,0.5,0.0
FRC,BASE,D0001,20270123,0.125,0.01,,8969663275.6,0.0,0.0,8969663275.6,,,0.135,8969663275.6,3317546.69,10224785708.05,0.0,,0.0633,647228935.32,0.03165,90219100.01,,210000.7055387497,0.0,,10535312450.002169,,1380152693.4157572,1.0,9577556772.729244,0.5,1380152693.4157572
FRC,BASE,D0001,20270124,0.125,0.01,,8969663275.6,0.0,0.0,8969663275.6,,,0.135,8969663275.6,3317546.69,10228103254.74,0.0,,0.0633,647438936.03,0.03165,90219100.01,,210000.7055387497,0.0,,10538730750.586151,,1380152693.4157572,1.0,9580664318.714682,0.5,1380152693.4157572
FRC,BASE,D0002,20250924,0.17,0.015,,1672222222.22,0.0,0.0,1672222222.22,,,0.185,1672222222.22,847564.69,1661638053.65,0.0,,0.0321,53338581.52,0.0277,0.0,,27206.82648397982,0.0,,1769129419.3390062,,0.0,1.0,1608299472.1263692,0.5,0.0
FRC,BASE,D0002,20270114,0.125,0.015,,1457222222.21,0.0,0.0,1457222222.21,,,0.14,1457222222.21,558934.55,1581243270.53,0.0,,0.0321,50757908.98,0.0277,0.0,,17941.799086607993,0.0,,1683533897.7021172,,0.0,1.0,1530485361.5473793,0.5,0.0
FRC,BASE,D0002,20251120,0.17,0.015,,1624444444.44,0.0,0.0,1624444444.44,,,0.185,1624444444.44,823348.55,1615654151.44,0.0,,0.0321,51862498.26,0.0277,0.0,,26429.48858440668,0.0,,1720170818.4945738,,0.0,1.0,1563791653.1768851,0.5,0.0
FRC,BASE,D0002,20251124,0.17,0.015,,1624444444.44,0.0,0.0,1624444444.44,,,0.185,1624444444.44,823348.55,1618947545.65,0.0,,0.0321,51968216.22,0.0277,0.0,,26429.488584399223,0.0,,1723677262.38254,,0.0,1.0,1566979329.4386723,0.5,0.0
FRC,BASE,D0001,20260823,0.142,0.01,,11969663275.6,0.0,0.0,11969663275.6,,,0.152,11969663275.6,5001023.7,12594035201.26,0.0,,0.0633,797202428.24,0.03165,90219100.01,,316564.8000415564,0.0,,12976516050.32281,,1380152693.4157572,1.0,11796832773.020737,0.5,1380152693.4157572
FRC,BASE,D0002,20260116,0.16,0.015,,1576666666.66,0.0,0.0,1576666666.66,,,0.175,1576666666.66,755936.07,1568571033.09,0.0,,0.0321,50351130.16,0.0277,0.0,,24265.54794510454,0.0,,1670041893.2256188,,0.0,1.0,1518219902.932381,0.5,0.0
FRC,BASE,D0001,20260709,0.142,0.01,,11969663275.6,0.0,0.0,11969663275.6,,,0.152,11969663275.6,5001023.7,12368989134.88,0.0,,0.0633,782957012.24,0.03165,90219100.01,,316564.8000416756,0.0,,12744635334.906551,,1380152693.4157572,1.0,11586032122.64232,0.5,1380152693.4157572
FRC,BASE,D0001,20270204,0.125,0.01,,8969663275.6,0.0,0.0,8969663275.6,,,0.135,8969663275.6,3317546.69,10264596268.34,0.0,,0.0633,649748943.79,0.03165,90219100.01,,210000.7055387497,0.0,,10576332057.009932,,1380152693.4157572,1.0,9614847324.554483,0.5,1380152693.4157572
FRC,BASE,D0001,20261015,0.145,0.01,,16969663275.6,0.0,0.0,16969663275.6,,,0.155,16969663275.6,7206295.36,17871271887.68,0.0,,0.0633,1131251510.49,0.03165,-68030899.99,,456158.49651670456,0.0,,18414022414.910065,,-1040722306.5842428,1.0,16740020377.190968,0.5,-1040722306.5842428
FRC,BASE,D0001,20260806,0.142,0.01,,11969663275.6,0.0,0.0,11969663275.6,,,0.152,11969663275.6,5001023.7,12509017798.41,0.0,,0.0633,791820826.64,0.03165,90219100.01,,316564.8000416756,0.0,,12888916668.943336,,1380152693.4157572,1.0,11717196971.766666,0.5,1380152693.4157572
FRC,BASE,D0001,20270223,0.125,0.01,,8969663275.6,0.0,0.0,8969663275.6,,,0.135,8969663275.6,3317546.69,10327629655.47,0.0,,0.0633,653738957.19,0.03165,90219100.01,,210000.7055387497,0.0,,10641279768.105556,,1380152693.4157572,1.0,9673890698.27778,0.5,1380152693.4157572
FRC,BASE,D0002,20261220,0.125,0.015,,1457222222.21,0.0,0.0,1457222222.21,,,0.14,1457222222.21,558934.55,1567269906.76,0.0,,0.0321,50309364.01,0.0277,0.0,,17941.799086607993,0.0,,1668656597.0249212,,0.0,1.0,1516960542.7499282,0.5,0.0
FRC,BASE,D0001,20261022,0.145,0.01,,16969663275.6,0.0,3000000000.0,13969663275.6,,,0.155,15469663275.6,5932322.76,14920441982.62,0.0,,0.0633,944463977.5,0.03165,-68030899.99,,-189524483.96923685,0.0,,15373575805.63601,,-1040722306.5842428,1.0,13975978005.123644,0.5,-1040722306.5842428
FRC,BASE,D0001,20260910,0.145,0.01,,11969663275.6,0.0,0.0,11969663275.6,,,0.155,11969663275.6,5083007.69,12684873467.76,0.0,,0.0633,802952490.51,0.03165,90219100.01,,321754.38692748547,0.0,,13070113074.978989,,1380152693.4157572,1.0,11881920977.253626,0.5,1380152693.4157572
FRC,BASE,D0001,20260911,0.145,0.01,,11969663275.6,0.0,0.0,11969663275.6,,,0.155,11969663275.6,5083007.69,12689956475.46,0.0,,0.0633,803274244.9,0.03165,90219100.01,,321754.3869276047,0.0,,13075350453.614985,,1380152693.4157572,1.0,11886682230.559076,0.5,1380152693.4157572
FRC,BASE,D0002,20250905,0.18,0.015,,1672222222.22,0.0,0.0,1672222222.22,,,0.195,1672222222.22,893379.0,1645121995.81,0.0,,0.0321,52808416.07,0.0277,0.0,,28677.46575338393,0.0,,1751544937.7187862,,0.0,1.0,1592313579.744351,0.5,0.0
FRC,BASE,D0002,20260831,0.142,0.015,,1457222222.21,0.0,0.0,1457222222.21,,,0.157,1457222222.21,628801.37,1497962022.43,0.0,,0.0321,48084580.92,0.0277,0.0,,20184.523972436786,0.0,,1594865185.666027,,0.0,1.0,1449877441.51457,0.5,0.0
FRC,BASE,D0002,20260119,0.16,0.015,,1576666666.66,0.0,0.0,1576666666.66,,,0.175,1576666666.66,755936.07,1570838841.31,0.0,,0.0321,50423926.81,0.0277,0.0,,24265.54794510454,0.0,,1672456405.9584854,,0.0,1.0,1520414914.5077138,0.5,0.0
FRC,BASE,D0002,20250823,0.18,0.015,,1696111111.11,0.0,0.0,1696111111.11,,,0.195,1696111111.11,906141.55,1680616385.08,0.0,,0.0321,53947785.96,0.0277,0.0,,29087.14383560419,0.0,,1789335459.0335906,,0.0,1.0,1626668599.121446,0.5,0.0
FRC,BASE,D0002,20251214,0.17,0.015,,1600555555.55,0.0,0.0,1600555555.55,,,0.185,1600555555.55,811240.49,1589020003.8,0.0,,0.0321,51007542.12,0.0277,0.0,,26040.819634608924,0.0,,1691813707.842834,,0.0,1.0,1538012461.6753037,0.5,0.0
FRC,BASE,D0002,20260123,0.16,0.015,,1576666666.66,0.0,0.0,1576666666.66,,,0.175,1576666666.66,755936.07,1573862585.61,0.0,,0.0321,50520989.0,0.0277,0.0,,24265.54794510454,0.0,,1675675756.268974,,0.0,1.0,1523341596.608158,0.5,0.0
FRC,BASE,D0002,20260320,0.16,0.015,,1528888888.88,0.0,0.0,1528888888.88,,,0.175,1528888888.88,733028.92,1524608523.58,0.0,,0.0321,48939933.61,0.0277,0.0,,23530.228310368955,0.0,,1623235448.9708536,,0.0,1.0,1475668589.973503,0.5,0.0
FRC,BASE,D0002,20251212,0.17,0.015,,1600555555.55,0.0,0.0,1600555555.55,,,0.185,1600555555.55,811240.49,1587397522.82,0.0,,0.0321,50955460.48,0.0277,0.0,,26040.819634608924,0.0,,1690086268.574499,,0.0,1.0,1536442062.3404534,0.5,0.0
FRC,BASE,D0002,20260419,0.15,0.015,,1504999999.99,0.0,0.0,1504999999.99,,,0.165,1504999999.99,680342.47,1500310251.13,0.0,,0.0321,48159959.06,0.0277,0.0,,21838.99315053225,0.0,,1597365321.2765398,,0.0,1.0,1452150292.0695815,0.5,0.0
FRC,BASE,D0002,20260611,0.145,0.015,,1457222222.21,0.0,0.0,1457222222.21,,,0.16,1457222222.21,638782.34,1446839472.97,0.0,,0.0321,46443547.08,0.0277,0.0,,20504.91324183345,0.0,,1540435518.47417,,0.0,1.0,1400395925.885609,0.5,0.0
FRC,BASE,D0002,20260718,0.142,0.015,,1457222222.21,0.0,0.0,1457222222.21,,,0.157,1457222222.21,628801.37,1470294762.16,0.0,,0.0321,47196461.87,0.0277,0.0,,20184.523972436786,0.0,,1565408130.325178,,0.0,1.0,1423098300.2956164,0.5,0.0
FRC,BASE,D0002,20261207,0.125,0.015,,1457222222.21,0.0,0.0,1457222222.21,,,0.14,1457222222.21,558934.55,1560003757.59,0.0,,0.0321,50076120.62,0.0277,0.0,,17941.799086607993,0.0,,1660920400.672779,,0.0,1.0,1509927636.9752536,0.5,0.0
FRC,BASE,D0002,20260527,0.15,0.015,,1481111111.1,0.0,0.0,1481111111.1,,,0.165,1481111111.1,669543.38,1481289050.6,0.0,,0.0321,47549378.52,0.0277,0.0,,21492.34246559441,0.0,,1577113639.279973,,0.0,1.0,1433739672.0727026,0.5,0.0
FRC,BASE,D0002,20260606,0.145,0.015,,1457222222.21,0.0,0.0,1457222222.21,,,0.16,1457222222.21,638782.34,1443645561.25,0.0,,0.0321,46341022.52,0.0277,0.0,,20504.91324183345,0.0,,1537034992.6050966,,0.0,1.0,1397304538.731906,0.5,0.0
FRC,BASE,D0002,20261108,0.145,0.015,,1457222222.21,0.0,0.0,1457222222.21,,,0.16,1457222222.21,638782.34,1542038004.17,0.0,,0.0321,49499419.93,0.0277,0.0,,20504.91324183345,0.0,,1641792442.6592407,,0.0,1.0,1492538584.2356732,0.5,0.0
FRC,BASE,D0001,20260702,0.142,0.01,,11969663275.6,0.0,0.0,11969663275.6,,,0.152,11969663275.6,5001023.7,12333981969.0,0.0,,0.0633,780741058.64,0.03165,90219100.01,,316564.8000415564,0.0,,12708565001.397354,,1380152693.4157572,1.0,11553240910.36123,0.5,1380152693.4157572
FRC,BASE,D0002,20261211,0.125,0.015,,1457222222.21,0.0,0.0,1457222222.21,,,0.14,1457222222.21,558934.55,1562239495.8,0.0,,0.0321,50147887.82,0.0277,0.0,,17941.799086607993,0.0,,1663300768.7811303,,0.0,1.0,1512091607.9828455,0.5,0.0
FRC,BASE,D0001,20261006,0.145,0.01,,11969663275.6,0.0,0.0,11969663275.6,,,0.155,11969663275.6,5083007.69,12817031667.76,0.0,,0.0633,811318104.57,0.03165,90219100.01,,321754.3869276047,0.0,,13206284919.514874,,1380152693.4157572,1.0,12005713563.19534,0.5,1380152693.4157572
FRC,BASE,D0002,20260429,0.15,0.015,,1504999999.99,0.0,0.0,1504999999.99,,,0.165,1504999999.99,680342.47,1507113675.79,0.0,,0.0321,48378348.99,0.0277,0.0,,21838.993150539696,0.0,,1604608859.4751215,,0.0,1.0,1458735326.7955651,0.5,0.0
FRC,BASE,D0002,20260202,0.16,0.015,,1552777777.77,0.0,0.0,1552777777.77,,,0.175,1552777777.77,744482.5,1535830983.62,0.0,,0.0321,49300174.57,0.0277,0.0,,23897.8881277442,0.0,,1635183889.9535143,,0.0,1.0,1486530809.0486493,0.5,0.0
FRC,BASE,D0001,20260828,0.142,0.01,,11969663275.6,0.0,0.0,11969663275.6,,,0.152,11969663275.6,5001023.7,12619040319.75,0.0,,0.0633,798785252.24,0.03165,90219100.01,,316564.8000416756,0.0,,13002280574.257948,,1380152693.4157572,1.0,11820255067.507223,0.5,1380152693.4157572
FRC,BASE,D0002,20261114,0.145,0.015,,1457222222.21,0.0,0.0,1457222222.21,,,0.16,1457222222.21,638782.34,1545870698.23,0.0,,0.0321,49622449.41,0.0277,0.0,,20504.9132418409,0.0,,1645873073.702129,,0.0,1.0,1496248248.820117,0.5,0.0
FRC,BASE,D0001,20260724,0.142,0.01,,11969663275.6,0.0,0.0,11969663275.6,,,0.152,11969663275.6,5001023.7,12444004490.34,0.0,,0.0633,787705484.24,0.03165,90219100.01,,316564.8000415564,0.0,,12821928906.711971,,1380152693.4157572,1.0,11656299006.101791,0.5,1380152693.4157572
FRC,BASE,D0002,20260406,0.15,0.015,,1504999999.99,0.0,0.0,1504999999.99,,,0.165,1504999999.99,680342.47,1491465799.08,0.0,,0.0321,47876052.15,0.0277,0.0,,21838.993150547147,0.0,,1587948721.618383,,0.0,1.0,1443589746.9258025,0.5,0.0
FRC,BASE,D0002,20260702,0.142,0.015,,1457222222.21,0.0,0.0,1457222222.21,,,0.157,1457222222.21,628801.37,1460233940.24,0.0,,0.0321,46873509.48,0.0277,0.0,,20184.523972436786,0.0,,1554696473.837597,,0.0,1.0,1413360430.7614515,0.5,0.0
FRC,BASE,D0002,20260321,0.16,0.015,,1528888888.88,0.0,0.0,1528888888.88,,,0.175,1528888888.88,733028.92,1525341552.5,0.0,,0.0321,48963463.84,0.0277,0.0,,23530.228310361505,0.0,,1624015897.5309708,,0.0,1.0,1476378088.6645188,0.5,0.0
FRC,BASE,D0001,20261016,0.145,0.01,,16969663275.6,0.0,0.0,16969663275.6,,,0.155,16969663275.6,7206295.36,17878478183.04,0.0,,0.0633,1131707668.99,0.03165,-68030899.99,,456158.4965164661,0.0,,18421447565.46387,,-1040722306.5842428,1.0,16746770514.058064,0.5,-1040722306.5842428
FRC,BASE,D0001,20261124,0.145,0.01,,13969663275.6,0.0,0.0,13969663275.6,,,0.155,13969663275.6,5932322.76,15116208633.73,0.0,,0.0633,956856006.52,0.03165,-68030899.99,,375516.03076314926,0.0,,15575287889.938932,,-1040722306.5842428,1.0,14159352627.21721,0.5,-1040722306.5842428
FRC,BASE,D0001,20261030,0.145,0.01,,13969663275.6,0.0,0.0,13969663275.6,,,0.155,13969663275.6,5932322.76,14967900564.71,0.0,,0.0633,947468105.75,0.03165,-68030899.99,,375516.03076314926,0.0,,15422475704.860962,,-1040722306.5842428,1.0,14020432458.96451,0.5,-1040722306.5842428
FRC,BASE,D0001,20260708,0.142,0.01,,11969663275.6,0.0,0.0,11969663275.6,,,0.152,11969663275.6,5001023.7,12363988111.18,0.0,,0.0633,782640447.44,0.03165,90219100.01,,316564.80004143715,0.0,,12739482430.119526,,1380152693.4157572,1.0,11581347663.745022,0.5,1380152693.4157572
FRC,BASE,D0002,20260705,0.142,0.015,,1457222222.21,0.0,0.0,1457222222.21,,,0.157,1457222222.21,628801.37,1462120344.35,0.0,,0.0321,46934063.05,0.0277,0.0,,20184.52397242933,0.0,,1556704909.4290185,,0.0,1.0,1415186281.2991076,0.5,0.0
FRC,BASE,D0002,20251219,0.17,0.015,,1600555555.55,0.0,0.0,1600555555.55,,,0.185,1600555555.55,811240.49,1593076206.23,0.0,,0.0321,51137746.22,0.0277,0.0,,26040.81963461637,0.0,,1696132306.0136712,,0.0,1.0,1541938460.0124283,0.5,0.0
FRC,BASE,D0002,20261125,0.145,0.015,,1457222222.21,0.0,0.0,1457222222.21,,,0.16,1457222222.21,638782.34,1552897304.02,0.0,,0.0321,49848003.46,0.0277,0.0,,20504.9132418409,0.0,,1653354230.6140902,,0.0,1.0,1503049300.5582638,0.5,0.0
FRC,BASE,D0002,20260104,0.16,0.015,,1576666666.66,0.0,0.0,1576666666.66,,,0.175,1576666666.66,755936.07,1559499800.22,0.0,,0.0321,50059943.59,0.0277,0.0,,24265.54794510454,0.0,,1660383842.294153,,0.0,1.0,1509439856.631048,0.5,0.0
FRC,BASE,D0002,20260925,0.145,0.015,,1457222222.21,0.0,0.0,1457222222.21,,,0.16,1457222222.21,638782.34,1513931581.03,0.0,,0.0321,48597203.75,0.0277,0.0,,20504.9132418409,0.0,,1611867815.0113945,,0.0,1.0,1465334377.2830856,0.5,0.0
FRC,BASE,D0002,20251104,0.17,0.015,,1624444444.44,0.0,0.0,1624444444.44,,,0.185,1624444444.44,823348.55,1602480574.57,0.0,,0.0321,51439626.44,0.0277,0.0,,26429.488584399223,0.0,,1706145042.9427097,,0.0,1.0,1551040948.129736,0.5,0.0
FRC,BASE,D0002,20261203,0.125,0.015,,1457222222.21,0.0,0.0,1457222222.21,,,0.14,1457222222.21,558934.55,1557768019.39,0.0,,0.0321,50004353.42,0.0277,0.0,,17941.799086607993,0.0,,1658540032.5644274,,0.0,1.0,1507763665.9676611,0.5,0.0
FRC,BASE,D0002,20260303,0.16,0.015,,1528888888.88,0.0,0.0,1528888888.88,,,0.175,1528888888.88,733028.92,1512147031.95,0.0,,0.0321,48539919.73,0.0277,0.0,,23530.228310368955,0.0,,1609967823.4488606,,0.0,1.0,1463607112.2262368,0.5,0.0
ADJ,BASE,D0001,20261204,0.125,0.01,,11969663275.6,0.0,0.0,11969663275.6,,,0.135,11969663275.6,4427135.73,13114305633.77,0.0,,0.0633,830135546.62,0.03165,90219100.01,,280237.6918400526,0.0,,13512587095.871649,,1380152693.4157572,1.0,12284170087.156044,0.5,1380152693.4157572
ADJ,BASE,D0001,20260918,0.145,0.01,,11969663275.6,0.0,0.0,11969663275.6,,,0.155,11969663275.6,5083007.69,12725537529.3,0.0,,0.0633,805526525.6,0.03165,90219100.01,,321754.3869276047,0.0,,13112012104.066954,,1380152693.4157572,1.0,11920011003.69723,0.5,1380152693.4157572
ADJ,BASE,D0001,20260727,0.142,0.01,,11969663275.6,0.0,0.0,11969663275.6,,,0.152,11969663275.6,5001023.7,12459007561.43,0.0,,0.0633,788655178.64,0.03165,90219100.01,,316564.8000416756,0.0,,12837387621.073055,,1380152693.4157572,1.0,11670352382.793686,0.5,1380152693.4157572
ADJ,BASE,D0001,20260627,0.145,0.01,,11969663275.6,0.0,0.0,11969663275.6,,,0.155,11969663275.6,5083007.69,12308730898.53,0.0,,0.0633,779142665.88,0.03165,90219100.01,,321754.38692748547,0.0,,12682547055.915314,,1380152693.4157572,1.0,11529588232.650284,0.5,1380152693.4157572
ADJ,BASE,D0001,20260821,0.142,0.01,,11969663275.6,0.0,0.0,11969663275.6,,,0.152,11969663275.6,5001023.7,12584033153.87,0.0,,0.0633,796569298.64,0.03165,90219100.01,,316564.8000416756,0.0,,12966210240.748756,,1380152693.4157572,1.0,11787463855.22614,0.5,1380152693.4157572
ADJ,BASE,D0001,20261115,0.145,0.01,,11969663275.6,0.0,0.0,11969663275.6,,,0.155,11969663275.6,5083007.69,13020351975.46,0.0,,0.0633,824188280.05,0.03165,90219100.01,,321754.3869276047,0.0,,13415780064.9547,,1380152693.4157572,1.0,12196163695.41336,0.5,1380152693.4157572
ADJ,BASE,D0001,20261120,0.145,0.01,,11969663275.6,0.0,0.0,11969663275.6,,,0.155,11969663275.6,5083007.69,13045767013.92,0.0,,0.0633,825797051.98,0.03165,90219100.01,,321754.38692748547,0.0,,13441966958.134678,,1380152693.4157572,1.0,12219969961.940617,0.5,1380152693.4157572
ADJ,BASE,D0001,20261225,0.125,0.01,,11969663275.6,0.0,0.0,11969663275.6,,,0.135,11969663275.6,4427135.73,13207275484.15,0.0,,0.0633,836020538.15,0.03165,90219100.01,,280237.6918400526,0.0,,13608380440.600988,,1380152693.4157572,1.0,12371254946.000898,0.5,1380152693.4157572
ADJ,BASE,D0001,20270105,0.125,0.01,,11969663275.6,0.0,0.0,11969663275.6,,,0.135,11969663275.6,4427135.73,13255973977.2,0.0,,0.0633,839103152.76,0.03165,90219100.01,,280237.6918400526,0.0,,13658557906.887783,,1380152693.4157572,1.0,12416870824.44344,0.5,1380152693.4157572
ADJ,BASE,D0001,20270111,0.125,0.01,,11969663275.6,0.0,0.0,11969663275.6,,,0.135,11969663275.6,4427135.73,13282536791.59,0.0,,0.0633,840784578.91,0.03165,90219100.01,,280237.6918400526,0.0,,13685927433.95331,,1380152693.4157572,1.0,12441752212.684826,0.5,1380152693.4157572
ADJ,BASE,D0001,20261220,0.125,0.01,,11969663275.6,0.0,0.0,11969663275.6,,,0.135,11969663275.6,4427135.73,13185139805.49,0.0,,0.0633,834619349.69,0.03165,90219100.01,,280237.6918400526,0.0,,13585572501.379717,,1380152693.4157572,1.0,12350520455.799742,0.5,1380152693.4157572
ADJ,BASE,D0001,20261224,0.125,0.01,,11969663275.6,0.0,0.0,11969663275.6,,,0.135,11969663275.6,4427135.73,13202848348.42,0.0,,0.0633,835740300.45,0.03165,90219100.01,,280237.691840291,0.0,,13603818852.756733,,1380152693.4157572,1.0,12367108047.960665,0.5,1380152693.4157572
ADJ,BASE,D0001,20260915,0.145,0.01,,11969663275.6,0.0,0.0,11969663275.6,,,0.155,11969663275.6,5083007.69,12710288506.22,0.0,,0.0633,804561262.44,0.03165,90219100.01,,321754.38692748547,0.0,,13096299968.15897,,1380152693.4157572,1.0,11905727243.78088,0.5,1380152693.4157572
ADJ,BASE,D0001,20270103,0.125,0.01,,11969663275.6,0.0,0.0,11969663275.6,,,0.135,11969663275.6,4427135.73,13247119705.74,0.0,,0.0633,838542677.37,0.03165,90219100.01,,280237.6918401718,0.0,,13649434731.199276,,1380152693.4157572,1.0,12408577028.362978,0.5,1380152693.4157572
ADJ,BASE,D0001,20260921,0.145,0.01,,11969663275.6,0.0,0.0,11969663275.6,,,0.155,11969663275.6,5083007.69,12740786552.38,0.0,,0.0633,806491788.77,0.03165,90219100.01,,321754.38692748547,0.0,,13127724239.97494,,1380152693.4157572,1.0,11934294763.613585,0.5,1380152693.4157572
ADJ,BASE,D0001,20260815,0.142,0.01,,11969663275.6,0.0,0.0,11969663275.6,,,0.152,11969663275.6,5001023.7,12554027011.68,0.0,,0.0633,794669909.84,0.03165,90219100.01,,316564.8000416756,0.0,,12935292812.026588,,1380152693.4157572,1.0,11759357101.84235,0.5,1380152693.4157572
ADJ,BASE,D0001,20270207,0.125,0.01,,11969663275.6,0.0,0.0,11969663275.6,,,0.135,11969663275.6,4427135.73,13402069456.36,0.0,,0.0633,848350996.59,0.03165,90219100.01,,280237.6918401718,0.0,,13809090305.748177,,1380152693.4157572,1.0,12553718459.771069,0.5,1380152693.4157572
ADJ,BASE,D0001,20260903,0.145,0.01,,11969663275.6,0.0,0.0,11969663275.6,,,0.155,11969663275.6,5083007.69,12649292413.92,0.0,,0.0633,800700209.8,0.03165,90219100.01,,321754.3869276047,0.0,,13033451424.52702,,1380152693.4157572,1.0,11848592204.11547,0.5,1380152693.4157572
ADJ,BASE,D0001,20260713,0.142,0.01,,11969663275.6,0.0,0.0,11969663275.6,,,0.152,11969663275.6,5001023.7,12388993229.67,0.0,,0.0633,784223271.44,0.03165,90219100.01,,316564.8000415564,0.0,,12765246954.054665,,1380152693.4157572,1.0,11604769958.231512,0.5,1380152693.4157572
ADJ,BASE,D0001,20261028,0.145,0.01,,11969663275.6,0.0,0.0,11969663275.6,,,0.155,11969663275.6,5083007.69,12928857837.0,0.0,,0.0633,818396701.08,0.03165,90219100.01,,321754.38692748547,0.0,,13321507249.50678,,1380152693.4157572,1.0,12110461135.915253,0.5,1380152693.4157572
ADJ,BASE,D0001,20261013,0.145,0.01,,11969663275.6,0.0,0.0,11969663275.6,,,0.155,11969663275.6,5083007.69,12852612721.61,0.0,,0.0633,813570385.28,0.03165,90219100.01,,321754.3869276047,0.0,,13242946569.966845,,1380152693.4157572,1.0,12039042336.333494,0.5,1380152693.4157572
ADJ,BASE,D0001,20261019,0.145,0.01,,11969663275.6,0.0,0.0,11969663275.6,,,0.155,11969663275.6,5083007.69,12883110767.77,0.0,,0.0633,815500911.6,0.03165,90219100.01,,321754.3869276047,0.0,,13274370841.782818,,1380152693.4157572,1.0,12067609856.166197,0.5,1380152693.4157572
ADJ,BASE,D0001,20270219,0.125,0.01,,11969663275.6,0.0,0.0,11969663275.6,,,0.135,11969663275.6,4427135.73,13455195085.14,0.0,,0.0633,851713848.89,0.03165,90219100.01,,280237.6918400526,0.0,,13863829359.879229,,1380152693.4157572,1.0,12603481236.25384,0.5,1380152693.4157572
ADJ,BASE,D0001,20260904,0.145,0.01,,11969663275.6,0.0,0.0,11969663275.6,,,0.155,11969663275.6,5083007.69,12654375421.61,0.0,,0.0633,801021964.19,0.03165,90219100.01,,321754.38692748547,0.0,,13038688803.163015,,1380152693.4157572,1.0,11853353457.420923,0.5,1380152693.4157572
ADJ,BASE,D0001,20261018,0.145,0.01,,11969663275.6,5000000000.0,0.0,11969663275.6,,,0.155,11969663275.6,5083007.69,12878027760.07,0.0,,0.0633,815179157.21,0.03165,90219100.01,,321754.38692736626,0.0,,13269133463.146824,,1380152693.4157572,1.0,12062848602.860748,0.5,1380152693.4157572
ADJ,BASE,D0001,20261010,0.145,0.01,,11969663275.6,0.0,0.0,11969663275.6,,,0.155,11969663275.6,5083007.69,12837363698.53,0.0,,0.0633,812605122.12,0.03165,90219100.01,,321754.38692736626,0.0,,13227234434.05886,,1380152693.4157572,1.0,12024758576.417145,0.5,1380152693.4157572
ADJ,BASE,D0001,20261219,0.125,0.01,,11969663275.6,0.0,0.0,11969663275.6,,,0.135,11969663275.6,4427135.73,13180712669.76,0.0,,0.0633,834339112.0,0.03165,90219100.01,,280237.6918400526,0.0,,13581010913.535463,,1380152693.4157572,1.0,12346373557.759512,0.5,1380152693.4157572
ADJ,BASE,D0001,20260808,0.142,0.01,,11969663275.6,0.0,0.0,11969663275.6,,,0.152,11969663275.6,5001023.7,12519019845.8,0.0,,0.0633,792453956.24,0.03165,90219100.01,,316564.8000416756,0.0,,12899222478.517391,,1380152693.4157572,1.0,11726565889.561264,0.5,1380152693.4157572
ADJ,BASE,D0001,20260807,0.142,0.01,,11969663275.6,0.0,0.0,11969663275.6,,,0.152,11969663275.6,5001023.7,12514018822.1,0.0,,0.0633,792137391.44,0.03165,90219100.01,,316564.8000415564,0.0,,12894069573.730362,,1380152693.4157572,1.0,11721881430.663963,0.5,1380152693.4157572
ADJ,BASE,D0001,20260729,0.142,0.01,,11969663275.6,0.0,0.0,11969663275.6,,,0.152,11969663275.6,5001023.7,12469009608.83,0.0,,0.0633,789288308.24,0.03165,90219100.01,,316564.8000415564,0.0,,12847693430.64711,,1380152693.4157572,1.0,11679721300.588282,0.5,1380152693.4157572
ADJ,BASE,D0001,20270208,0.125,0.01,,11969663275.6,0.0,0.0,11969663275.6,,,0.135,11969663275.6,4427135.73,13406496592.09,0.0,,0.0633,848631234.28,0.03165,90219100.01,,280237.6918400526,0.0,,13813651893.59243,,1380152693.4157572,1.0,12557865357.811298,0.5,1380152693.4157572
ADJ,BASE,D0001,20260801,0.142,0.01,,11969663275.6,0.0,0.0,11969663275.6,,,0.152,11969663275.6,5001023.7,12484012679.92,0.0,,0.0633,790238002.64,0.03165,90219100.01,,316564.8000416756,0.0,,12863152145.008194,,1380152693.4157572,1.0,11693774677.280176,0.5,1380152693.4157572
ADJ,BASE,D0001,20261101,0.145,0.01,,11969663275.6,0.0,0.0,11969663275.6,,,0.155,11969663275.6,5083007.69,12949189867.77,0.0,,0.0633,819683718.63,0.03165,90219100.01,,321754.3869276047,0.0,,13342456764.05076,,1380152693.4157572,1.0,12129506149.137054,0.5,1380152693.4157572
ADJ,BASE,D0001,20260704,0.142,0.01,,11969663275.6,0.0,0.0,11969663275.6,,,0.152,11969663275.6,5001023.7,12343984016.39,0.0,,0.0633,781374188.24,0.03165,90219100.01,,316564.8000415564,0.0,,12718870810.971413,,1380152693.4157572,1.0,11562609828.155828,0.5,1380152693.4157572
ADJ,BASE,D0001,20270126,0.125,0.01,,11969663275.6,0.0,0.0,11969663275.6,,,0.135,11969663275.6,4427135.73,13348943827.57,0.0,,0.0633,844988144.29,0.03165,90219100.01,,280237.6918400526,0.0,,13754351251.617125,,1380152693.4157572,1.0,12503955683.288294,0.5,1380152693.4157572
ADJ,BASE,D0001,20260902,0.145,0.01,,11969663275.6,0.0,0.0,11969663275.6,,,0.155,11969663275.6,5083007.69,12644209406.22,0.0,,0.0633,800378455.41,0.03165,90219100.01,,321754.38692748547,0.0,,13028214045.891026,,1380152693.4157572,1.0,11843830950.810022,0.5,1380152693.4157572
ADJ,BASE,D0001,20260909,0.145,0.01,,11969663275.6,0.0,0.0,11969663275.6,,,0.155,11969663275.6,5083007.69,12679790460.07,0.0,,0.0633,802630736.12,0.03165,90219100.01,,321754.3869276047,0.0,,13064875696.342993,,1380152693.4157572,1.0,11877159723.948174,0.5,1380152693.4157572
ADJ,BASE,D0001,20261110,0.145,0.01,,11969663275.6,0.0,0.0,11969663275.6,,,0.155,11969663275.6,5083007.69,12994936937.0,0.0,,0.0633,822579508.11,0.03165,90219100.01,,321754.38692748547,0.0,,13389593171.774723,,1380152693.4157572,1.0,12172357428.88611,0.5,1380152693.4157572
ADJ,BASE,D0001,20270131,0.125,0.01,,11969663275.6,0.0,0.0,11969663275.6,,,0.135,11969663275.6,4427135.73,13371079506.23,0.0,,0.0633,846389332.74,0.03165,90219100.01,,280237.6918400526,0.0,,13777159190.838396,,1380152693.4157572,1.0,12524690173.48945,0.5,1380152693.4157572
ADJ,BASE,D0001,20270210,0.125,0.01,,11969663275.6,0.0,0.0,11969663275.6,,,0.135,11969663275.6,4427135.73,13415350863.55,0.0,,0.0633,849191709.66,0.03165,90219100.01,,280237.6918400526,0.0,,13822775069.280935,,1380152693.4157572,1.0,12566159153.89176,0.5,1380152693.4157572
ADJ,BASE,D0001,20260923,0.145,0.01,,11969663275.6,0.0,0.0,11969663275.6,,,0.155,11969663275.6,5083007.69,12750952567.76,0.0,,0.0633,807135297.54,0.03165,90219100.01,,321754.38692748547,0.0,,13138198997.246931,,1380152693.4157572,1.0,11943817270.224483,0.5,1380152693.4157572
ADJ,BASE,D0001,20261011,0.145,0.01,,11969663275.6,0.0,0.0,11969663275.6,,,0.155,11969663275.6,5083007.69,12842446706.23,0.0,,0.0633,812926876.5,0.03165,90219100.01,,321754.3869276047,0.0,,13232471812.694853,,1380152693.4157572,1.0,12029519829.722591,0.5,1380152693.4157572
ADJ,BASE,D0001,20260908,0.145,0.01,,11969663275.6,0.0,0.0,11969663275.6,,,0.155,11969663275.6,5083007.69,12674707452.38,0.0,,0.0633,802308981.74,0.03165,90219100.01,,321754.38692736626,0.0,,13059638317.707,,1380152693.4157572,1.0,11872398470.642723,0.5,1380152693.4157572
ADJ,BASE,D0001,20261119,0.145,0.01,,11969663275.6,0.0,0.0,11969663275.6,,,0.155,11969663275.6,5083007.69,13040684006.23,0.0,,0.0633,825475297.59,0.03165,90219100.01,,321754.38692748547,0.0,,13436729579.498682,,1380152693.4157572,1.0,12215208708.635164,0.5,1380152693.4157572
ADJ,BASE,D0001,20270211,0.125,0.01,,11969663275.6,0.0,0.0,11969663275.6,,,0.135,11969663275.6,4427135.73,13419777999.29,0.0,,0.0633,849471947.35,0.03165,90219100.01,,280237.6918401718,0.0,,13827336657.125193,,1380152693.4157572,1.0,12570306051.931992,0.5,1380152693.4157572
ADJ,BASE,D0001,20260707,0.142,0.01,,11969663275.6,0.0,0.0,11969663275.6,,,0.152,11969663275.6,5001023.7,12358987087.49,0.0,,0.0633,782323882.64,0.03165,90219100.01,,316564.8000416756,0.0,,12734329525.332497,,1380152693.4157572,1.0,11576663204.847725,0.5,1380152693.4157572
ADJ,BASE,D0001,20270224,0.125,0.01,,11969663275.6,0.0,0.0,11969663275.6,,,0.135,11969663275.6,4427135.73,13477330763.8,0.0,,0.0633,853115037.35,0.03165,90219100.01,,280237.6918401718,0.0,,13886637299.100494,,1380152693.4157572,1.0,12624215726.454994,0.5,1380152693.4157572
ADJ,BASE,D0001,20261109,0.145,0.01,,11969663275.6,0.0,0.0,11969663275.6,,,0.155,11969663275.6,5083007.69,12989853929.31,0.0,,0.0633,822257753.73,0.03165,90219100.01,,321754.3869276047,0.0,,13384355793.138723,,1380152693.4157572,1.0,12167596175.580658,0.5,1380152693.4157572
ADJ,BASE,D0001,20261020,0.145,0.01,,11969663275.6,0.0,0.0,11969663275.6,,,0.155,11969663275.6,5083007.69,12888193775.46,0.0,,0.0633,815822665.99,0.03165,90219100.01,,321754.38692748547,0.0,,13279608220.418816,,1380152693.4157572,1.0,12072371109.47165,0.5,1380152693.4157572
ADJ,BASE,D0001,20261001,0.145,0.01,,11969663275.6,0.0,0.0,11969663275.6,,,0.155,11969663275.6,5083007.69,12791616629.3,0.0,,0.0633,809709332.63,0.03165,90219100.01,,321754.38692748547,0.0,,13180098026.334896,,1380152693.4157572,1.0,11981907296.668089,0.5,1380152693.4157572
ADJ,BASE,D0001,20260914,0.145,0.01,,11969663275.6,0.0,0.0,11969663275.6,,,0.155,11969663275.6,5083007.69,12705205498.53,0.0,,0.0633,804239508.06,0.03165,90219100.01,,321754.3869276047,0.0,,13091062589.522972,,1380152693.4157572,1.0,11900965990.475428,0.5,1380152693.4157572
ADJ,BASE,D0001,20270115,0.125,0.01,,11969663275.6,0.0,0.0,11969663275.6,,,0.135,11969663275.6,4427135.73,13300245334.52,0.0,,0.0633,841905529.68,0.03165,90219100.01,,280237.6918400526,0.0,,13704173785.330326,,1380152693.4157572,1.0,12458339804.84575,0.5,1380152693.4157572
ADJ,BASE,D0001,20260824,0.142,0.01,,11969663275.6,0.0,0.0,11969663275.6,,,0.152,11969663275.6,5001023.7,12599036224.96,0.0,,0.0633,797518993.04,0.03165,90219100.01,,316564.8000416756,0.0,,12981668955.109837,,1380152693.4157572,1.0,11801517231.918032,0.5,1380152693.4157572
ADJ,BASE,D0001,20261208,0.125,0.01,,11969663275.6,0.0,0.0,11969663275.6,,,0.135,11969663275.6,4427135.73,13132014176.7,0.0,,0.0633,831256497.39,0.03165,90219100.01,,280237.6918401718,0.0,,13530833447.248669,,1380152693.4157572,1.0,12300757679.316969,0.5,1380152693.4157572
ADJ,BASE,D0001,20261125,0.145,0.01,,11969663275.6,0.0,0.0,11969663275.6,,,0.155,11969663275.6,5083007.69,13071182052.38,0.0,,0.0633,827405823.92,0.03165,90219100.01,,321754.3869276047,0.0,,13468153851.314655,,1380152693.4157572,1.0,12243776228.467869,0.5,1380152693.4157572
ADJ,BASE,D0001,20260701,0.142,0.01,,11969663275.6,0.0,0.0,11969663275.6,,,0.152,11969663275.6,5001023.7,12328980945.3,0.0,,0.0633,780424493.84,0.03165,90219100.01,,316564.8000415564,0.0,,12703412096.61033,,1380152693.4157572,1.0,11548556451.463936,0.5,1380152693.4157572
ADJ,BASE,D0001,20261118,0.145,0.01,,11969663275.6,0.0,0.0,11969663275.6,,,0.155,11969663275.6,5083007.69,13035600998.54,0.0,,0.0633,825153543.21,0.03165,90219100.01,,321754.38692748547,0.0,,13431492200.862686,,1380152693.4157572,1.0,12210447455.329714,0.5,1380152693.4157572
ADJ,BASE,D0001,20270125,0.125,0.01,,11969663275.6,0.0,0.0,11969663275.6,,,0.135,11969663275.6,4427135.73,13344516691.84,0.0,,0.0633,844707906.59,0.03165,90219100.01,,280237.6918401718,0.0,,13749789663.77287,,1380152693.4157572,1.0,12499808785.248062,0.5,1380152693.4157572
ADJ,BASE,D0001,20270120,0.125,0.01,,11969663275.6,0.0,0.0,11969663275.6,,,0.135,11969663275.6,4427135.73,13322381013.18,0.0,,0.0633,843306718.13,0.03165,90219100.01,,280237.6918400526,0.0,,13726981724.5516,,1380152693.4157572,1.0,12479074295.046907,0.5,1380152693.4157572
ADJ,BASE,D0001,20260817,0.142,0.01,,11969663275.6,0.0,0.0,11969663275.6,,,0.152,11969663275.6,5001023.7,12564029059.08,0.0,,0.0633,795303039.44,0.03165,90219100.01,,316564.8000415564,0.0,,12945598621.600643,,1380152693.4157572,1.0,11768726019.636948,0.5,1380152693.4157572
ADJ,BASE,D0001,20261230,0.125,0.01,,11969663275.6,0.0,0.0,11969663275.6,,,0.135,11969663275.6,4427135.73,13229411162.81,0.0,,0.0633,837421726.61,0.03165,90219100.01,,280237.6918400526,0.0,,13631188379.82226,,1380152693.4157572,1.0,12391989436.202051,0.5,1380152693.4157572
ADJ,BASE,D0001,20270104,0.125,0.01,,11969663275.6,0.0,0.0,11969663275.6,,,0.135,11969663275.6,4427135.73,13251546841.47,0.0,,0.0633,838822915.06,0.03165,90219100.01,,280237.6918400526,0.0,,13653996319.04353,,1380152693.4157572,1.0,12412723926.403208,0.5,1380152693.4157572
ADJ,BASE,D0001,20261105,0.145,0.01,,11969663275.6,0.0,0.0,11969663275.6,,,0.155,11969663275.6,5083007.69,12969521898.54,0.0,,0.0633,820970736.18,0.03165,90219100.01,,321754.3869276047,0.0,,13363406278.594744,,1380152693.4157572,1.0,12148551162.358856,0.5,1380152693.4157572
ADJ,BASE,D0001,20260919,0.145,0.01,,11969663275.6,0.0,0.0,11969663275.6,,,0.155,11969663275.6,5083007.69,12730620536.99,0.0,,0.0633,805848279.99,0.03165,90219100.01,,321754.38692748547,0.0,,13117249482.702951,,1380152693.4157572,1.0,11924772257.002682,0.5,1380152693.4157572
ADJ,BASE,D0001,20261117,0.145,0.01,,11969663275.6,0.0,0.0,11969663275.6,,,0.155,11969663275.6,5083007.69,13030517990.84,0.0,,0.0633,824831788.82,0.03165,90219100.01,,321754.3869276047,0.0,,13426254822.22669,,1380152693.4157572,1.0,12205686202.024263,0.5,1380152693.4157572
ADJ,BASE,D0001,20260615,0.145,0.01,,11969663275.6,0.0,0.0,11969663275.6,,,0.155,11969663275.6,5083007.69,12247734806.22,0.0,,0.0633,775281613.23,0.03165,90219100.01,,321754.3869276047,0.0,,12619698512.283367,,1380152693.4157572,1.0,11472453192.98488,0.5,1380152693.4157572
ADJ,BASE,D0001,20260614,0.145,0.01,,11969663275.6,0.0,0.0,11969663275.6,,,0.155,11969663275.6,5083007.69,12242651798.53,0.0,,0.0633,774959858.85,0.03165,90219100.01,,321754.38692748547,0.0,,12614461133.647371,,1380152693.4157572,1.0,11467691939.679428,0.5,1380152693.4157572
ADJ,BASE,D0001,20261009,0.145,0.01,,11969663275.6,0.0,0.0,11969663275.6,,,0.155,11969663275.6,5083007.69,12832280690.84,0.0,,0.0633,812283367.73,0.03165,90219100.01,,321754.3869276047,0.0,,13221997055.422865,,1380152693.4157572,1.0,12019997323.111692,0.5,1380152693.4157572
ADJ,BASE,D0001,20261113,0.145,0.01,,11969663275.6,0.0,0.0,11969663275.6,,,0.155,11969663275.6,5083007.69,13010185960.08,0.0,,0.0633,823544771.27,0.03165,90219100.01,,321754.3869276047,0.0,,13405305307.682709,,1380152693.4157572,1.0,12186641188.80246,0.5,1380152693.4157572
ADJ,BASE,D0001,20260628,0.145,0.01,,11969663275.6,0.0,0.0,11969663275.6,,,0.155,11969663275.6,5083007.69,12313813906.22,0.0,,0.0633,779464420.26,0.03165,90219100.01,,321754.3869276047,0.0,,12687784434.551311,,1380152693.4157572,1.0,11534349485.955736,0.5,1380152693.4157572
ADJ,BASE,D0001,20260820,0.142,0.01,,11969663275.6,0.0,0.0,11969663275.6,,,0.152,11969663275.6,5001023.7,12579032130.17,0.0,,0.0633,796252733.84,0.03165,90219100.01,,316564.8000415564,0.0,,12961057335.961723,,1380152693.4157572,1.0,11782779396.32884,0.5,1380152693.4157572
ADJ,BASE,D0001,20260714,0.142,0.01,,11969663275.6,0.0,0.0,11969663275.6,,,0.152,11969663275.6,5001023.7,12393994253.37,0.0,,0.0633,784539836.24,0.03165,90219100.01,,316564.8000415564,0.0,,12770399858.841694,,1380152693.4157572,1.0,11609454417.12881,0.5,1380152693.4157572
ADJ,BASE,D0001,20261215,0.125,0.01,,11969663275.6,0.0,0.0,11969663275.6,,,0.135,11969663275.6,4427135.73,13163004126.83,0.0,,0.0633,833218161.23,0.03165,90219100.01,,280237.6918401718,0.0,,13562764562.158447,,1380152693.4157572,1.0,12329785965.598589,0.5,1380152693.4157572
ADJ,BASE,D0001,20261114,0.145,0.01,,11969663275.6,0.0,0.0,11969663275.6,,,0.155,11969663275.6,5083007.69,13015268967.77,0.0,,0.0633,823866525.66,0.03165,90219100.01,,321754.38692748547,0.0,,13410542686.318705,,1380152693.4157572,1.0,12191402442.107912,0.5,1380152693.4157572
ADJ,BASE,D0001,20261005,0.145,0.01,,11969663275.6,0.0,0.0,11969663275.6,,,0.155,11969663275.6,5083007.69,12811948660.07,0.0,,0.0633,810996350.18,0.03165,90219100.01,,321754.38692748547,0.0,,13201047540.87888,,1380152693.4157572,1.0,12000952309.889889,0.5,1380152693.4157572
ADJ,BASE,D0001,20261212,0.125,0.01,,11969663275.6,0.0,0.0,11969663275.6,,,0.135,11969663275.6,4427135.73,13149722719.63,0.0,,0.0633,832377448.15,0.03165,90219100.01,,280237.6918401718,0.0,,13549079798.625685,,1380152693.4157572,1.0,12317345271.477892,0.5,1380152693.4157572
ADJ,BASE,D0001,20260618,0.145,0.01,,11969663275.6,0.0,0.0,11969663275.6,,,0.155,11969663275.6,5083007.69,12262983829.3,0.0,,0.0633,776246876.39,0.03165,90219100.01,,321754.38692748547,0.0,,12635410648.191357,,1380152693.4157572,1.0,11486736952.90123,0.5,1380152693.4157572
ADJ,BASE,D0001,20260805,0.142,0.01,,11969663275.6,0.0,0.0,11969663275.6,,,0.152,11969663275.6,5001023.7,12504016774.71,0.0,,0.0633,791504261.84,0.03165,90219100.01,,316564.8000416756,0.0,,12883763764.156303,,1380152693.4157572,1.0,11712512512.869368,0.5,1380152693.4157572
ADJ,BASE,D0001,20261108,0.145,0.01,,11969663275.6,0.0,0.0,11969663275.6,,,0.155,11969663275.6,5083007.69,12984770921.61,0.0,,0.0633,821935999.34,0.03165,90219100.01,,321754.38692748547,0.0,,13379118414.502731,,1380152693.4157572,1.0,12162834922.27521,0.5,1380152693.4157572
ADJ,BASE,D0001,20260706,0.142,0.01,,11969663275.6,0.0,0.0,11969663275.6,,,0.152,11969663275.6,5001023.7,12353986063.79,0.0,,0.0633,782007317.84,0.03165,90219100.01,,316564.8000415564,0.0,,12729176620.54547,,1380152693.4157572,1.0,11571978745.950426,0.5,1380152693.4157572
ADJ,BASE,D0001,20260705,0.142,0.01,,11969663275.6,0.0,0.0,11969663275.6,,,0.152,11969663275.6,5001023.7,12348985040.09,0.0,,0.0633,781690753.04,0.03165,90219100.01,,316564.8000416756,0.0,,12724023715.758442,,1380152693.4157572,1.0,11567294287.053127,0.5,1380152693.4157572
ADJ,BASE,D0001,20261007,0.145,0.01,,11969663275.6,0.0,0.0,11969663275.6,,,0.155,11969663275.6,5083007.69,12822114675.46,0.0,,0.0633,811639858.96,0.03165,90219100.01,,321754.3869276047,0.0,,13211522298.15087,,1380152693.4157572,1.0,12010474816.50079,0.5,1380152693.4157572
ADJ,BASE,D0001,20270128,0.125,0.01,,11969663275.6,0.0,0.0,11969663275.6,,,0.135,11969663275.6,4427135.73,13357798099.04,0.0,,0.0633,845548619.67,0.03165,90219100.01,,280237.6918400526,0.0,,13763474427.305632,,1380152693.4157572,1.0,12512249479.368755,0.5,1380152693.4157572
ADJ,BASE,D0001,20261222,0.125,0.01,,11969663275.6,0.0,0.0,11969663275.6,,,0.135,11969663275.6,4427135.73,13193994076.95,0.0,,0.0633,835179825.07,0.03165,90219100.01,,280237.6918400526,0.0,,13594695677.068224,,1380152693.4157572,1.0,12358814251.880203,0.5,1380152693.4157572
ADJ,BASE,D0001,20261227,0.125,0.01,,11969663275.6,0.0,0.0,11969663275.6,,,0.135,11969663275.6,4427135.73,13216129755.61,0.0,,0.0633,836581013.53,0.03165,90219100.01,,280237.6918400526,0.0,,13617503616.289495,,1380152693.4157572,1.0,12379548742.08136,0.5,1380152693.4157572
ADJ,BASE,D0001,20260616,0.145,0.01,,11969663275.6,0.0,0.0,11969663275.6,,,0.155,11969663275.6,5083007.69,12252817813.91,0.0,,0.0633,775603367.62,0.03165,90219100.01,,321754.38692748547,0.0,,12624935890.919365,,1380152693.4157572,1.0,11477214446.290327,0.5,1380152693.4157572
ADJ,BASE,D0001,20270102,0.125,0.01,,11969663275.6,0.0,0.0,11969663275.6,,,0.135,11969663275.6,4427135.73,13242692570.0,0.0,,0.0633,838262439.68,0.03165,90219100.01,,280237.6918400526,0.0,,13644873143.355022,,1380152693.4157572,1.0,12404430130.322746,0.5,1380152693.4157572
ADJ,BASE,D0001,20260725,0.142,0.01,,11969663275.6,0.0,0.0,11969663275.6,,,0.152,11969663275.6,5001023.7,12449005514.04,0.0,,0.0633,788022049.04,0.03165,90219100.01,,316564.8000416756,0.0,,12827081811.499,,1380152693.4157572,1.0,11660983464.999088,0.5,1380152693.4157572
ADJ,BASE,D0001,20260726,0.142,0.01,,11969663275.6,0.0,0.0,11969663275.6,,,0.152,11969663275.6,5001023.7,12454006537.74,0.0,,0.0633,788338613.84,0.03165,90219100.01,,316564.8000415564,0.0,,12832234716.286026,,1380152693.4157572,1.0,11665667923.896387,0.5,1380152693.4157572
ADJ,BASE,D0001,20270107,0.125,0.01,,11969663275.6,0.0,0.0,11969663275.6,,,0.135,11969663275.6,4427135.73,13264828248.66,0.0,,0.0633,839663628.14,0.03165,90219100.01,,280237.6918400526,0.0,,13667681082.576294,,1380152693.4157572,1.0,12425164620.523905,0.5,1380152693.4157572
ADJ,BASE,D0001,20270114,0.125,0.01,,11969663275.6,0.0,0.0,11969663275.6,,,0.135,11969663275.6,4427135.73,13295818198.79,0.0,,0.0633,841625291.98,0.03165,90219100.01,,280237.6918400526,0.0,,13699612197.486074,,1380152693.4157572,1.0,12454192906.80552,0.5,1380152693.4157572
ADJ,BASE,D0001,20270217,0.125,0.01,,11969663275.6,0.0,0.0,11969663275.6,,,0.135,11969663275.6,4427135.73,13446340813.68,0.0,,0.0633,851153373.51,0.03165,90219100.01,,280237.6918401718,0.0,,13854706184.190718,,1380152693.4157572,1.0,12595187440.173378,0.5,1380152693.4157572
ADJ,BASE,D0001,20260913,0.145,0.01,,11969663275.6,0.0,0.0,11969663275.6,,,0.155,11969663275.6,5083007.69,12700122490.84,0.0,,0.0633,803917753.67,0.03165,90219100.01,,321754.38692748547,0.0,,13085825210.886978,,1380152693.4157572,1.0,11896204737.16998,0.5,1380152693.4157572
ADJ,BASE,D0001,20260612,0.145,0.01,,11969663275.6,0.0,0.0,11969663275.6,,,0.155,11969663275.6,5083007.69,12232485783.14,0.0,,0.0633,774316350.07,0.03165,90219100.01,,321754.38692748547,0.0,,12603986376.37538,,1380152693.4157572,1.0,11458169433.068527,0.5,1380152693.4157572
ADJ,BASE,D0001,20260917,0.145,0.01,,11969663275.6,0.0,0.0,11969663275.6,,,0.155,11969663275.6,5083007.69,12720454521.61,0.0,,0.0633,805204771.22,0.03165,90219100.01,,321754.38692748547,0.0,,13106774725.43096,,1380152693.4157572,1.0,11915249750.39178,0.5,1380152693.4157572
ADJ,BASE,D0001,20261023,0.145,0.01,,11969663275.6,0.0,0.0,11969663275.6,,,0.155,11969663275.6,5083007.69,12903442798.54,0.0,,0.0633,816787929.15,0.03165,90219100.01,,321754.3869276047,0.0,,13295320356.3268,,1380152693.4157572,1.0,12086654869.388,0.5,1380152693.4157572
ADJ,BASE,D0001,20270116,0.125,0.01,,11969663275.6,0.0,0.0,11969663275.6,,,0.135,11969663275.6,4427135.73,13304672470.25,0.0,,0.0633,842185767.37,0.03165,90219100.01,,280237.6918401718,0.0,,13708735373.174582,,1380152693.4157572,1.0,12462486702.885984,0.5,1380152693.4157572
ADJ,BASE,D0001,20270130,0.125,0.01,,11969663275.6,0.0,0.0,11969663275.6,,,0.135,11969663275.6,4427135.73,13366652370.5,0.0,,0.0633,846109095.05,0.03165,90219100.01,,280237.6918401718,0.0,,13772597602.99414,,1380152693.4157572,1.0,12520543275.449217,0.5,1380152693.4157572
ADJ,BASE,D0001,20260814,0.142,0.01,,11969663275.6,0.0,0.0,11969663275.6,,,0.152,11969663275.6,5001023.7,12549025987.98,0.0,,0.0633,794353345.04,0.03165,90219100.01,,316564.8000416756,0.0,,12930139907.239555,,1380152693.4157572,1.0,11754672642.945051,0.5,1380152693.4157572
ADJ,BASE,D0001,20270109,0.125,0.01,,11969663275.6,0.0,0.0,11969663275.6,,,0.135,11969663275.6,4427135.73,13273682520.13,0.0,,0.0633,840224103.52,0.03165,90219100.01,,280237.6918401718,0.0,,13676804258.2648,,1380152693.4157572,1.0,12433458416.604364,0.5,1380152693.4157572
ADJ,BASE,D0001,20260830,0.142,0.01,,11969663275.6,0.0,0.0,11969663275.6,,,0.152,11969663275.6,5001023.7,12629042367.14,0.0,,0.0633,799418381.84,0.03165,90219100.01,,316564.8000415564,0.0,,13012586383.832006,,1380152693.4157572,1.0,11829623985.301825,0.5,1380152693.4157572
ADJ,BASE,D0001,20260620,0.145,0.01,,11969663275.6,0.0,0.0,11969663275.6,,,0.155,11969663275.6,5083007.69,12273149844.68,0.0,,0.0633,776890385.17,0.03165,90219100.01,,321754.38692748547,0.0,,12645885405.463345,,1380152693.4157572,1.0,11496259459.51213,0.5,1380152693.4157572
ADJ,BASE,D0001,20261216,0.125,0.01,,11969663275.6,0.0,0.0,11969663275.6,,,0.135,11969663275.6,4427135.73,13167431262.56,0.0,,0.0633,833498398.92,0.03165,90219100.01,,280237.6918400526,0.0,,13567326150.0027,,1380152693.4157572,1.0,12333932863.638817,0.5,1380152693.4157572
ADJ,BASE,D0001,20261201,0.125,0.01,,11969663275.6,0.0,0.0,11969663275.6,,,0.135,11969663275.6,4427135.73,13101024226.58,0.0,,0.0633,829294833.54,0.03165,90219100.01,,280237.6918400526,0.0,,13498902332.338886,,1380152693.4157572,1.0,12271729393.03535,0.5,1380152693.4157572
ADJ,BASE,D0001,20261008,0.145,0.01,,11969663275.6,0.0,0.0,11969663275.6,,,0.155,11969663275.6,5083007.69,12827197683.15,0.0,,0.0633,811961613.34,0.03165,90219100.01,,321754.38692748547,0.0,,13216759676.786867,,1380152693.4157572,1.0,12015236069.806242,0.5,1380152693.4157572
ADJ,BASE,D0001,20261012,0.145,0.01,,11969663275.6,0.0,0.0,11969663275.6,,,0.155,11969663275.6,5083007.69,12847529713.92,0.0,,0.0633,813248630.89,0.03165,90219100.01,,321754.38692748547,0.0,,13237709191.330849,,1380152693.4157572,1.0,12034281083.028044,0.5,1380152693.4157572
ADJ,BASE,D0001,20261207,0.125,0.01,,11969663275.6,0.0,0.0,11969663275.6,,,0.135,11969663275.6,4427135.73,13127587040.97,0.0,,0.0633,830976259.69,0.03165,90219100.01,,280237.6918400526,0.0,,13526271859.404411,,1380152693.4157572,1.0,12296610781.276735,0.5,1380152693.4157572
ADJ,BASE,D0001,20260710,0.142,0.01,,11969663275.6,0.0,0.0,11969663275.6,,,0.152,11969663275.6,5001023.7,12373990158.58,0.0,,0.0633,783273577.04,0.03165,90219100.01,,316564.8000416756,0.0,,12749788239.69358,,1380152693.4157572,1.0,11590716581.539618,0.5,1380152693.4157572
ADJ,BASE,D0001,20261102,0.145,0.01,,11969663275.6,0.0,0.0,11969663275.6,,,0.155,11969663275.6,5083007.69,12954272875.46,0.0,,0.0633,820005473.02,0.03165,90219100.01,,321754.38692748547,0.0,,13347694142.686756,,1380152693.4157572,1.0,12134267402.442505,0.5,1380152693.4157572
ADJ,BASE,D0001,20260905,0.145,0.01,,11969663275.6,0.0,0.0,11969663275.6,,,0.155,11969663275.6,5083007.69,12659458429.3,0.0,,0.0633,801343718.57,0.03165,90219100.01,,321754.3869276047,0.0,,13043926181.79901,,1380152693.4157572,1.0,11858114710.726372,0.5,1380152693.4157572
ADJ,BASE,D0001,20260728,0.142,0.01,,11969663275.6,0.0,0.0,11969663275.6,,,0.152,11969663275.6,5001023.7,12464008585.13,0.0,,0.0633,788971743.44,0.03165,90219100.01,,316564.8000415564,0.0,,12842540525.860085,,1380152693.4157572,1.0,11675036841.690985,0.5,1380152693.4157572
ADJ,BASE,D0001,20261217,0.125,0.01,,11969663275.6,0.0,0.0,11969663275.6,,,0.135,11969663275.6,4427135.73,13171858398.29,0.0,,0.0633,833778636.61,0.03165,90219100.01,,280237.6918400526,0.0,,13571887737.846954,,1380152693.4157572,1.0,12338079761.679049,0.5,1380152693.4157572
ADJ,BASE,D0001,20270225,0.125,0.01,,11969663275.6,0.0,0.0,11969663275.6,,,0.135,11969663275.6,4427135.73,13481757899.54,0.0,,0.0633,853395275.04,0.03165,90219100.01,,280237.6918400526,0.0,,13891198886.944752,,1380152693.4157572,1.0,12628362624.495228,0.5,1380152693.4157572
ADJ,BASE,D0001,20261210,0.125,0.01,,11969663275.6,0.0,0.0,11969663275.6,,,0.135,11969663275.6,4427135.73,13140868448.17,0.0,,0.0633,831816972.77,0.03165,90219100.01,,280237.6918400526,0.0,,13539956622.937174,,1380152693.4157572,1.0,12309051475.39743,0.5,1380152693.4157572
ADJ,BASE,D0001,20261024,0.145,0.01,,11969663275.6,0.0,0.0,11969663275.6,,,0.155,11969663275.6,5083007.69,12908525806.23,0.0,,0.0633,817109683.53,0.03165,90219100.01,,321754.38692748547,0.0,,13300557734.962795,,1380152693.4157572,1.0,12091416122.69345,0.5,1380152693.4157572
ADJ,BASE,D0001,20261104,0.145,0.01,,11969663275.6,0.0,0.0,11969663275.6,,,0.155,11969663275.6,5083007.69,12964438890.84,0.0,,0.0633,820648981.79,0.03165,90219100.01,,321754.38692748547,0.0,,13358168899.95875,,1380152693.4157572,1.0,12143789909.053408,0.5,1380152693.4157572
ADJ,BASE,D0001,20270213,0.125,0.01,,11969663275.6,0.0,0.0,11969663275.6,,,0.135,11969663275.6,4427135.73,13428632270.75,0.0,,0.0633,850032422.74,0.03165,90219100.01,,280237.6918400526,0.0,,13836459832.813702,,1380152693.4157572,1.0,12578599848.012457,0.5,1380152693.4157572
ADJ,BASE,D0001,20261209,0.125,0.01,,11969663275.6,0.0,0.0,11969663275.6,,,0.135,11969663275.6,4427135.73,13136441312.43,0.0,,0.0633,831536735.08,0.03165,90219100.01,,280237.6918400526,0.0,,13535395035.09292,,1380152693.4157572,1.0,12304904577.3572,0.5,1380152693.4157572
ADJ,BASE,D0001,20261025,0.145,0.01,,11969663275.6,0.0,0.0,11969663275.6,,,0.155,11969663275.6,5083007.69,12913608813.92,0.0,,0.0633,817431437.92,0.03165,90219100.01,,321754.3869276047,0.0,,13305795113.598791,,1380152693.4157572,1.0,12096177375.9989,0.5,1380152693.4157572
ADJ,BASE,D0001,20261121,0.145,0.01,,11969663275.6,0.0,0.0,11969663275.6,,,0.155,11969663275.6,5083007.69,13050850021.61,0.0,,0.0633,826118806.37,0.03165,90219100.01,,321754.3869276047,0.0,,13447204336.770672,,1380152693.4157572,1.0,12224731215.246063,0.5,1380152693.4157572
ADJ,BASE,D0001,20260916,0.145,0.01,,11969663275.6,0.0,0.0,11969663275.6,,,0.155,11969663275.6,5083007.69,12715371513.92,0.0,,0.0633,804883016.83,0.03165,90219100.01,,321754.38692748547,0.0,,13101537346.794962,,1380152693.4157572,1.0,11910488497.086329,0.5,1380152693.4157572
ADJ,BASE,D0001,20270216,0.125,0.01,,11969663275.6,0.0,0.0,11969663275.6,,,0.135,11969663275.6,4427135.73,13441913677.95,0.0,,0.0633,850873135.81,0.03165,90219100.01,,280237.6918400526,0.0,,13850144596.346462,,1380152693.4157572,1.0,12591040542.133146,0.5,1380152693.4157572
ADJ,BASE,D0001,20270122,0.125,0.01,,11969663275.6,0.0,0.0,11969663275.6,,,0.135,11969663275.6,4427135.73,13331235284.65,0.0,,0.0633,843867193.52,0.03165,90219100.01,,280237.6918401718,0.0,,13736104900.240108,,1380152693.4157572,1.0,12487368091.127369,0.5,1380152693.4157572
ADJ,BASE,D0001,20261026,0.145,0.01,,11969663275.6,0.0,0.0,11969663275.6,,,0.155,11969663275.6,5083007.69,12918691821.61,0.0,,0.0633,817753192.31,0.03165,90219100.01,,321754.38692736626,0.0,,13311032492.234789,,1380152693.4157572,1.0,12100938629.304352,0.5,1380152693.4157572
ADJ,BASE,D0001,20260703,0.142,0.01,,11969663275.6,0.0,0.0,11969663275.6,,,0.152,11969663275.6,5001023.7,12338982992.7,0.0,,0.0633,781057623.44,0.03165,90219100.01,,316564.8000416756,0.0,,12713717906.184383,,1380152693.4157572,1.0,11557925369.25853,0.5,1380152693.4157572
ADJ,BASE,D0001,20261205,0.125,0.01,,11969663275.6,0.0,0.0,11969663275.6,,,0.135,11969663275.6,4427135.73,13118732769.51,0.0,,0.0633,830415784.31,0.03165,90219100.01,,280237.6918401718,0.0,,13517148683.715902,,1380152693.4157572,1.0,12288316985.196274,0.5,1380152693.4157572
ADJ,BASE,D0001,20260907,0.145,0.01,,11969663275.6,0.0,0.0,11969663275.6,,,0.155,11969663275.6,5083007.69,12669624444.69,0.0,,0.0633,801987227.35,0.03165,90219100.01,,321754.3869276047,0.0,,13054400939.071,,1380152693.4157572,1.0,11867637217.337273,0.5,1380152693.4157572
ADJ,BASE,D0001,20261203,0.125,0.01,,11969663275.6,0.0,0.0,11969663275.6,,,0.135,11969663275.6,4427135.73,13109878498.04,0.0,,0.0633,829855308.93,0.03165,90219100.01,,280237.6918400526,0.0,,13508025508.027395,,1380152693.4157572,1.0,12280023189.115812,0.5,1380152693.4157572
ADJ,BASE,D0001,20260912,0.145,0.01,,11969663275.6,0.0,0.0,11969663275.6,,,0.155,11969663275.6,5083007.69,12695039483.15,0.0,,0.0633,803595999.28,0.03165,90219100.01,,321754.3869276047,0.0,,13080587832.25098,,1380152693.4157572,1.0,11891443483.864529,0.5,1380152693.4157572
ADJ,BASE,D0001,20261229,0.125,0.01,,11969663275.6,0.0,0.0,11969663275.6,,,0.135,11969663275.6,4427135.73,13224984027.08,0.0,,0.0633,837141488.91,0.03165,90219100.01,,280237.6918400526,0.0,,13626626791.978004,,1380152693.4157572,1.0,12387842538.16182,0.5,1380152693.4157572
ADJ,BASE,D0001,20260924,0.145,0.01,,11969663275.6,0.0,0.0,11969663275.6,,,0.155,11969663275.6,5083007.69,12756035575.46,0.0,,0.0633,807457051.93,0.03165,90219100.01,,321754.38692748547,0.0,,13143436375.882929,,1380152693.4157572,1.0,11948578523.529934,0.5,1380152693.4157572
ADJ,BASE,D0001,20270203,0.125,0.01,,11969663275.6,0.0,0.0,11969663275.6,,,0.135,11969663275.6,4427135.73,13384360913.43,0.0,,0.0633,847230045.82,0.03165,90219100.01,,280237.6918400526,0.0,,13790843954.371157,,1380152693.4157572,1.0,12537130867.610142,0.5,1380152693.4157572
ADJ,BASE,D0001,20270108,0.125,0.01,,11969663275.6,0.0,0.0,11969663275.6,,,0.135,11969663275.6,4427135.73,13269255384.4,0.0,,0.0633,839943865.83,0.03165,90219100.01,,280237.6918400526,0.0,,13672242670.420547,,1380152693.4157572,1.0,12429311518.564133,0.5,1380152693.4157572
ADJ,BASE,D0001,20260623,0.145,0.01,,11969663275.6,0.0,0.0,11969663275.6,,,0.155,11969663275.6,5083007.69,12288398867.76,0.0,,0.0633,777855648.33,0.03165,90219100.01,,321754.3869276047,0.0,,12661597541.371332,,1380152693.4157572,1.0,11510543219.428482,0.5,1380152693.4157572
ADJ,BASE,D0001,20270118,0.125,0.01,,11969663275.6,0.0,0.0,11969663275.6,,,0.135,11969663275.6,4427135.73,13313526741.72,0.0,,0.0633,842746242.75,0.03165,90219100.01,,280237.6918401718,0.0,,13717858548.863089,,1380152693.4157572,1.0,12470780498.966444,0.5,1380152693.4157572
ADJ,BASE,D0001,20260811,0.142,0.01,,11969663275.6,0.0,0.0,11969663275.6,,,0.152,11969663275.6,5001023.7,12534022916.89,0.0,,0.0633,793403650.64,0.03165,90219100.01,,316564.8000415564,0.0,,12914681192.878471,,1380152693.4157572,1.0,11740619266.253157,0.5,1380152693.4157572
ADJ,BASE,D0001,20270214,0.125,0.01,,11969663275.6,0.0,0.0,11969663275.6,,,0.135,11969663275.6,4427135.73,13433059406.48,0.0,,0.0633,850312660.43,0.03165,90219100.01,,280237.6918401718,0.0,,13841021420.657955,,1380152693.4157572,1.0,12582746746.052685,0.5,1380152693.4157572
ADJ,BASE,D0001,20260803,0.142,0.01,,11969663275.6,0.0,0.0,11969663275.6,,,0.152,11969663275.6,5001023.7,12494014727.31,0.0,,0.0633,790871132.24,0.03165,90219100.01,,316564.8000415564,0.0,,12873457954.582253,,1380152693.4157572,1.0,11703143595.074774,0.5,1380152693.4157572
ADJ,BASE,D0001,20261106,0.145,0.01,,11969663275.6,0.0,0.0,11969663275.6,,,0.155,11969663275.6,5083007.69,12974604906.23,0.0,,0.0633,821292490.56,0.03165,90219100.01,,321754.38692748547,0.0,,13368643657.23074,,1380152693.4157572,1.0,12153312415.664309,0.5,1380152693.4157572
ADJ,BASE,D0001,20260617,0.145,0.01,,11969663275.6,0.0,0.0,11969663275.6,,,0.155,11969663275.6,5083007.69,12257900821.6,0.0,,0.0633,775925122.01,0.03165,90219100.01,,321754.3869276047,0.0,,12630173269.55536,,1380152693.4157572,1.0,11481975699.59578,0.5,1380152693.4157572
ADJ,BASE,D0001,20260619,0.145,0.01,,11969663275.6,0.0,0.0,11969663275.6,,,0.155,11969663275.6,5083007.69,12268066836.99,0.0,,0.0633,776568630.78,0.03165,90219100.01,,321754.38692748547,0.0,,12640648026.827349,,1380152693.4157572,1.0,11491498206.20668,0.5,1380152693.4157572
ADJ,BASE,D0001,20270209,0.125,0.01,,11969663275.6,0.0,0.0,11969663275.6,,,0.135,11969663275.6,4427135.73,13410923727.82,0.0,,0.0633,848911471.97,0.03165,90219100.01,,280237.6918400526,0.0,,13818213481.436682,,1380152693.4157572,1.0,12562012255.851528,0.5,1380152693.4157572
ADJ,BASE,D0001,20270113,0.125,0.01,,11969663275.6,0.0,0.0,11969663275.6,,,0.135,11969663275.6,4427135.73,13291391063.06,0.0,,0.0633,841345054.29,0.03165,90219100.01,,280237.6918401718,0.0,,13695050609.64182,,1380152693.4157572,1.0,12450046008.76529,0.5,1380152693.4157572
ADJ,BASE,D0001,20270205,0.125,0.01,,11969663275.6,0.0,0.0,11969663275.6,,,0.135,11969663275.6,4427135.73,13393215184.89,0.0,,0.0633,847790521.2,0.03165,90219100.01,,280237.6918400526,0.0,,13799967130.059664,,1380152693.4157572,1.0,12545424663.690603,0.5,1380152693.4157572
ADJ,BASE,D0001,20260809,0.142,0.01,,11969663275.6,0.0,0.0,11969663275.6,,,0.152,11969663275.6,5001023.7,12524020869.5,0.0,,0.0633,792770521.04,0.03165,90219100.01,,316564.8000415564,0.0,,12904375383.30442,,1380152693.4157572,1.0,11731250348.45856,0.5,1380152693.4157572
ADJ,BASE,D0001,20260606,0.145,0.01,,11969663275.6,0.0,0.0,11969663275.6,,,0.155,11969663275.6,5083007.69,12201987736.99,0.0,,0.0633,772385823.75,0.03165,90219100.01,,321754.38692748547,0.0,,12572562104.559408,,1380152693.4157572,1.0,11429601913.235825,0.5,1380152693.4157572
ADJ,BASE,D0001,20260831,0.142,0.01,,11969663275.6,0.0,0.0,11969663275.6,,,0.152,11969663275.6,5001023.7,12634043390.84,0.0,,0.0633,799734946.64,0.03165,90219100.01,,316564.8000415564,0.0,,13017739288.619032,,1380152693.4157572,1.0,11834308444.19912,0.5,1380152693.4157572
ADJ,BASE,D0001,20261126,0.145,0.01,,11969663275.6,0.0,0.0,11969663275.6,,,0.155,11969663275.6,5083007.69,13076265060.08,0.0,,0.0633,827727578.3,0.03165,90219100.01,,321754.3869276047,0.0,,13473391229.95065,,1380152693.4157572,1.0,12248537481.773315,0.5,1380152693.4157572
ADJ,BASE,D0001,20260610,0.145,0.01,,11969663275.6,0.0,0.0,11969663275.6,,,0.155,11969663275.6,5083007.69,12222319767.76,0.0,,0.0633,773672841.3,0.03165,90219100.01,,321754.38692748547,0.0,,12593511619.10339,,1380152693.4157572,1.0,11448646926.457626,0.5,1380152693.4157572
ADJ,BASE,D0001,20270119,0.125,0.01,,11969663275.6,0.0,0.0,11969663275.6,,,0.135,11969663275.6,4427135.73,13317953877.45,0.0,,0.0633,843026480.44,0.03165,90219100.01,,280237.6918401718,0.0,,13722420136.707344,,1380152693.4157572,1.0,12474927397.006676,0.5,1380152693.4157572
ADJ,BASE,D0001,20261123,0.145,0.01,,11969663275.6,0.0,0.0,11969663275.6,,,0.155,11969663275.6,5083007.69,13061016037.0,0.0,,0.0633,826762315.14,0.03165,90219100.01,,321754.3869276047,0.0,,13457679094.042664,,1380152693.4157572,1.0,12234253721.856966,0.5,1380152693.4157572
ADJ,BASE,D0001,20260718,0.142,0.01,,11969663275.6,0.0,0.0,11969663275.6,,,0.152,11969663275.6,5001023.7,12413998348.16,0.0,,0.0633,785806095.44,0.03165,90219100.01,,316564.8000416756,0.0,,12791011477.989803,,1380152693.4157572,1.0,11628192252.718002,0.5,1380152693.4157572
ADJ,BASE,D0001,20260630,0.145,0.01,,11969663275.6,0.0,0.0,11969663275.6,,,0.155,11969663275.6,5083007.69,12323979921.6,0.0,,0.0633,780107929.04,0.03165,90219100.01,,321754.3869276047,0.0,,12698259191.8233,,1380152693.4157572,1.0,11543871992.566635,0.5,1380152693.4157572
ADJ,BASE,D0001,20261107,0.145,0.01,,11969663275.6,0.0,0.0,11969663275.6,,,0.155,11969663275.6,5083007.69,12979687913.92,0.0,,0.0633,821614244.95,0.03165,90219100.01,,321754.3869276047,0.0,,13373881035.866734,,1380152693.4157572,1.0,12158073668.969755,0.5,1380152693.4157572
ADJ,BASE,D0001,20260730,0.142,0.01,,11969663275.6,0.0,0.0,11969663275.6,,,0.152,11969663275.6,5001023.7,12474010632.52,0.0,,0.0633,789604873.04,0.03165,90219100.01,,316564.8000416756,0.0,,12852846335.434135,,1380152693.4157572,1.0,11684405759.48558,0.5,1380152693.4157572
ADJ,BASE,D0001,20270227,0.125,0.01,,11969663275.6,0.0,0.0,11969663275.6,,,0.135,11969663275.6,4427135.73,13490612171.0,0.0,,0.0633,853955750.42,0.03165,90219100.01,,280237.6918401718,0.0,,13900322062.63326,,1380152693.4157572,1.0,12636656420.57569,0.5,1380152693.4157572
ADJ,BASE,D0001,20261027,0.145,0.01,,11969663275.6,0.0,0.0,11969663275.6,,,0.155,11969663275.6,5083007.69,12923774829.3,0.0,,0.0633,818074946.69,0.03165,90219100.01,,321754.3869276047,0.0,,13316269870.87078,,1380152693.4157572,1.0,12105699882.6098,0.5,1380152693.4157572
ADJ,BASE,D0001,20261128,0.145,0.01,,11969663275.6,0.0,0.0,11969663275.6,,,0.155,11969663275.6,5083007.69,13086431075.46,0.0,,0.0633,828371087.08,0.03165,90219100.01,,321754.3869276047,0.0,,13483865987.222645,,1380152693.4157572,1.0,12258059988.38422,0.5,1380152693.4157572
ADJ,BASE,D0001,20260929,0.145,0.01,,11969663275.6,0.0,0.0,11969663275.6,,,0.155,11969663275.6,5083007.69,12781450613.92,0.0,,0.0633,809065823.86,0.03165,90219100.01,,321754.38692748547,0.0,,13169623269.062906,,1380152693.4157572,1.0,11972384790.057186,0.5,1380152693.4157572
ADJ,BASE,D0001,20261122,0.145,0.01,,11969663275.6,0.0,0.0,11969663275.6,,,0.155,11969663275.6,5083007.69,13055933029.31,0.0,,0.0633,826440560.76,0.03165,90219100.01,,321754.38692748547,0.0,,13452441715.406668,,1380152693.4157572,1.0,12229492468.551516,0.5,1380152693.4157572
ADJ,BASE,D0001,20260906,0.145,0.01,,11969663275.6,0.0,0.0,11969663275.6,,,0.155,11969663275.6,5083007.69,12664541436.99,0.0,,0.0633,801665472.96,0.03165,90219100.01,,321754.38692748547,0.0,,13049163560.435007,,1380152693.4157572,1.0,11862875964.031824,0.5,1380152693.4157572
ADJ,BASE,D0001,20261029,0.145,0.01,,11969663275.6,0.0,0.0,11969663275.6,,,0.155,11969663275.6,5083007.69,12933940844.69,0.0,,0.0633,818718455.47,0.03165,90219100.01,,321754.3869276047,0.0,,13326744628.142773,,1380152693.4157572,1.0,12115222389.2207,0.5,1380152693.4157572
ADJ,BASE,D0001,20261130,0.145,0.01,,11969663275.6,0.0,0.0,11969663275.6,,,0.155,11969663275.6,5083007.69,13096597090.85,0.0,,0.0633,829014595.85,0.03165,90219100.01,,321754.3869276047,0.0,,13494340744.494637,,1380152693.4157572,1.0,12267582494.99512,0.5,1380152693.4157572
ADJ,BASE,D0001,20260930,0.145,0.01,,11969663275.6,0.0,0.0,11969663275.6,,,0.155,11969663275.6,5083007.69,12786533621.61,0.0,,0.0633,809387578.25,0.03165,90219100.01,,321754.3869276047,0.0,,13174860647.698902,,1380152693.4157572,1.0,11977146043.362637,0.5,1380152693.4157572
ADJ,BASE,D0001,20260722,0.142,0.01,,11969663275.6,0.0,0.0,11969663275.6,,,0.152,11969663275.6,5001023.7,12434002442.95,0.0,,0.0633,787072354.64,0.03165,90219100.01,,316564.8000415564,0.0,,12811623097.137917,,1380152693.4157572,1.0,11646930088.307194,0.5,1380152693.4157572
ADJ,BASE,D0001,20260827,0.142,0.01,,11969663275.6,0.0,0.0,11969663275.6,,,0.152,11969663275.6,5001023.7,12614039296.05,0.0,,0.0633,798468687.44,0.03165,90219100.01,,316564.8000415564,0.0,,12997127669.470922,,1380152693.4157572,1.0,11815570608.609928,0.5,1380152693.4157572
ADJ,BASE,D0001,20270206,0.125,0.01,,11969663275.6,0.0,0.0,11969663275.6,,,0.135,11969663275.6,4427135.73,13397642320.63,0.0,,0.0633,848070758.9,0.03165,90219100.01,,280237.6918401718,0.0,,13804528717.90392,,1380152693.4157572,1.0,12549571561.730837,0.5,1380152693.4157572
ADJ,BASE,D0001,20260920,0.145,0.01,,11969663275.6,0.0,0.0,11969663275.6,,,0.155,11969663275.6,5083007.69,12735703544.69,0.0,,0.0633,806170034.38,0.03165,90219100.01,,321754.3869276047,0.0,,13122486861.338943,,1380152693.4157572,1.0,11929533510.30813,0.5,1380152693.4157572
ADJ,BASE,D0001,20270215,0.125,0.01,,11969663275.6,0.0,0.0,11969663275.6,,,0.135,11969663275.6,4427135.73,13437486542.22,0.0,,0.0633,850592898.12,0.03165,90219100.01,,280237.6918400526,0.0,,13845583008.502209,,1380152693.4157572,1.0,12586893644.092916,0.5,1380152693.4157572
ADJ,BASE,D0001,20261021,0.145,0.01,,11969663275.6,0.0,0.0,11969663275.6,,,0.155,11969663275.6,5083007.69,12893276783.15,0.0,,0.0633,816144420.37,0.03165,90219100.01,,321754.3869276047,0.0,,13284845599.054808,,1380152693.4157572,1.0,12077132362.777098,0.5,1380152693.4157572
ADJ,BASE,D0001,20270112,0.125,0.01,,11969663275.6,0.0,0.0,11969663275.6,,,0.135,11969663275.6,4427135.73,13286963927.32,0.0,,0.0633,841064816.6,0.03165,90219100.01,,280237.6918401718,0.0,,13690489021.797562,,1380152693.4157572,1.0,12445899110.725056,0.5,1380152693.4157572
ADJ,BASE,D0001,20261116,0.145,0.01,,11969663275.6,0.0,0.0,11969663275.6,,,0.155,11969663275.6,5083007.69,13025434983.15,0.0,,0.0633,824510034.43,0.03165,90219100.01,,321754.38692748547,0.0,,13421017443.590694,,1380152693.4157572,1.0,12200924948.718813,0.5,1380152693.4157572
ADJ,BASE,D0001,20260609,0.145,0.01,,11969663275.6,0.0,0.0,11969663275.6,,,0.155,11969663275.6,5083007.69,12217236760.06,0.0,,0.0633,773351086.91,0.03165,90219100.01,,321754.3869276047,0.0,,12588274240.467394,,1380152693.4157572,1.0,11443885673.152176,0.5,1380152693.4157572
ADJ,BASE,D0001,20261214,0.125,0.01,,11969663275.6,0.0,0.0,11969663275.6,,,0.135,11969663275.6,4427135.73,13158576991.09,0.0,,0.0633,832937923.54,0.03165,90219100.01,,280237.6918400526,0.0,,13558202974.314192,,1380152693.4157572,1.0,12325639067.558355,0.5,1380152693.4157572
ADJ,BASE,D0001,20260927,0.145,0.01,,11969663275.6,0.0,0.0,11969663275.6,,,0.155,11969663275.6,5083007.69,12771284598.53,0.0,,0.0633,808422315.09,0.03165,90219100.01,,321754.38692748547,0.0,,13159148511.790916,,1380152693.4157572,1.0,11962862283.446283,0.5,1380152693.4157572
ADJ,BASE,D0001,20270221,0.125,0.01,,11969663275.6,0.0,0.0,11969663275.6,,,0.135,11969663275.6,4427135.73,13464049356.61,0.0,,0.0633,852274324.27,0.03165,90219100.01,,280237.6918400526,0.0,,13872952535.567734,,1380152693.4157572,1.0,12611775032.334305,0.5,1380152693.4157572
ADJ,BASE,D0001,20260721,0.142,0.01,,11969663275.6,0.0,0.0,11969663275.6,,,0.152,11969663275.6,5001023.7,12429001419.25,0.0,,0.0633,786755789.84,0.03165,90219100.01,,316564.8000415564,0.0,,12806470192.350887,,1380152693.4157572,1.0,11642245629.409897,0.5,1380152693.4157572
ADJ,BASE,D0001,20261206,0.125,0.01,,11969663275.6,0.0,0.0,11969663275.6,,,0.135,11969663275.6,4427135.73,13123159905.24,0.0,,0.0633,830696022.0,0.03165,90219100.01,,280237.6918401718,0.0,,13521710271.560158,,1380152693.4157572,1.0,12292463883.236506,0.5,1380152693.4157572
ADJ,BASE,D0001,20260624,0.145,0.01,,11969663275.6,0.0,0.0,11969663275.6,,,0.155,11969663275.6,5083007.69,12293481875.45,0.0,,0.0633,778177402.72,0.03165,90219100.01,,321754.38692748547,0.0,,12666834920.007328,,1380152693.4157572,1.0,11515304472.733934,0.5,1380152693.4157572
ADJ,BASE,D0001,20260607,0.145,0.01,,11969663275.6,0.0,0.0,11969663275.6,,,0.155,11969663275.6,5083007.69,12207070744.68,0.0,,0.0633,772707578.14,0.03165,90219100.01,,321754.3869276047,0.0,,12577799483.195402,,1380152693.4157572,1.0,11434363166.541271,0.5,1380152693.4157572
ADJ,BASE,D0001,20260810,0.142,0.01,,11969663275.6,0.0,0.0,11969663275.6,,,0.152,11969663275.6,5001023.7,12529021893.2,0.0,,0.0633,793087085.84,0.03165,90219100.01,,316564.8000415564,0.0,,12909528288.091446,,1380152693.4157572,1.0,11735934807.35586,0.5,1380152693.4157572
ADJ,BASE,D0001,20260822,0.142,0.01,,11969663275.6,0.0,0.0,11969663275.6,,,0.152,11969663275.6,5001023.7,12589034177.56,0.0,,0.0633,796885863.44,0.03165,90219100.01,,316564.8000415564,0.0,,12971363145.535782,,1380152693.4157572,1.0,11792148314.123438,0.5,1380152693.4157572
ADJ,BASE,D0001,20260626,0.145,0.01,,11969663275.6,0.0,0.0,11969663275.6,,,0.155,11969663275.6,5083007.69,12303647890.83,0.0,,0.0633,778820911.49,0.03165,90219100.01,,321754.38692748547,0.0,,12677309677.27932,,1380152693.4157572,1.0,11524826979.344835,0.5,1380152693.4157572
ADJ,BASE,D0001,20261228,0.125,0.01,,11969663275.6,0.0,0.0,11969663275.6,,,0.135,11969663275.6,4427135.73,13220556891.34,0.0,,0.0633,836861251.22,0.03165,90219100.01,,280237.6918401718,0.0,,13622065204.133747,,1380152693.4157572,1.0,12383695640.12159,0.5,1380152693.4157572
ADJ,BASE,D0001,20260812,0.142,0.01,,11969663275.6,0.0,0.0,11969663275.6,,,0.152,11969663275.6,5001023.7,12539023940.59,0.0,,0.0633,793720215.44,0.03165,90219100.01,,316564.8000416756,0.0,,12919834097.665504,,1380152693.4157572,1.0,11745303725.150455,0.5,1380152693.4157572
ADJ,BASE,D0001,20261112,0.145,0.01,,11969663275.6,0.0,0.0,11969663275.6,,,0.155,11969663275.6,5083007.69,13005102952.38,0.0,,0.0633,823223016.89,0.03165,90219100.01,,321754.38692748547,0.0,,13400067929.046713,,1380152693.4157572,1.0,12181879935.497011,0.5,1380152693.4157572
ADJ,BASE,D0001,20260611,0.145,0.01,,11969663275.6,0.0,0.0,11969663275.6,,,0.155,11969663275.6,5083007.69,12227402775.45,0.0,,0.0633,773994595.69,0.03165,90219100.01,,321754.38692748547,0.0,,12598748997.739386,,1380152693.4157572,1.0,11453408179.763077,0.5,1380152693.4157572
ADJ,BASE,D0001,20260922,0.145,0.01,,11969663275.6,0.0,0.0,11969663275.6,,,0.155,11969663275.6,5083007.69,12745869560.07,0.0,,0.0633,806813543.15,0.03165,90219100.01,,321754.3869276047,0.0,,13132961618.610935,,1380152693.4157572,1.0,11939056016.919031,0.5,1380152693.4157572
ADJ,BASE,D0001,20261218,0.125,0.01,,11969663275.6,0.0,0.0,11969663275.6,,,0.135,11969663275.6,4427135.73,13176285534.02,0.0,,0.0633,834058874.3,0.03165,90219100.01,,280237.691840291,0.0,,13576449325.691208,,1380152693.4157572,1.0,12342226659.719278,0.5,1380152693.4157572
ADJ,BASE,D0001,20260625,0.145,0.01,,11969663275.6,0.0,0.0,11969663275.6,,,0.155,11969663275.6,5083007.69,12298564883.14,0.0,,0.0633,778499157.1,0.03165,90219100.01,,321754.3869276047,0.0,,12672072298.643322,,1380152693.4157572,1.0,11520065726.039385,0.5,1380152693.4157572
ADJ,BASE,D0001,20261111,0.145,0.01,,11969663275.6,0.0,0.0,11969663275.6,,,0.155,11969663275.6,5083007.69,13000019944.69,0.0,,0.0633,822901262.5,0.03165,90219100.01,,321754.38692748547,0.0,,13394830550.410715,,1380152693.4157572,1.0,12177118682.19156,0.5,1380152693.4157572
ADJ,BASE,D0001,20270202,0.125,0.01,,11969663275.6,0.0,0.0,11969663275.6,,,0.135,11969663275.6,4427135.73,13379933777.7,0.0,,0.0633,846949808.13,0.03165,90219100.01,,280237.6918400526,0.0,,13786282366.526903,,1380152693.4157572,1.0,12532983969.569912,0.5,1380152693.4157572
ADJ,BASE,D0001,20261103,0.145,0.01,,11969663275.6,0.0,0.0,11969663275.6,,,0.155,11969663275.6,5083007.69,12959355883.15,0.0,,0.0633,820327227.4,0.03165,90219100.01,,321754.38692748547,0.0,,13352931521.322752,,1380152693.4157572,1.0,12139028655.747955,0.5,1380152693.4157572
ADJ,BASE,D0001,20260829,0.142,0.01,,11969663275.6,0.0,0.0,11969663275.6,,,0.152,11969663275.6,5001023.7,12624041343.44,0.0,,0.0633,799101817.04,0.03165,90219100.01,,316564.8000415564,0.0,,13007433479.044975,,1380152693.4157572,1.0,11824939526.404524,0.5,1380152693.4157572
ADJ,BASE,D0001,20270110,0.125,0.01,,11969663275.6,0.0,0.0,11969663275.6,,,0.135,11969663275.6,4427135.73,13278109655.86,0.0,,0.0633,840504341.22,0.03165,90219100.01,,280237.6918400526,0.0,,13681365846.109056,,1380152693.4157572,1.0,12437605314.644594,0.5,1380152693.4157572
ADJ,BASE,D0001,20260723,0.142,0.01,,11969663275.6,0.0,0.0,11969663275.6,,,0.152,11969663275.6,5001023.7,12439003466.64,0.0,,0.0633,787388919.44,0.03165,90219100.01,,316564.8000416756,0.0,,12816776001.924942,,1380152693.4157572,1.0,11651614547.204493,0.5,1380152693.4157572
ADJ,BASE,D0001,20260720,0.142,0.01,,11969663275.6,0.0,0.0,11969663275.6,,,0.152,11969663275.6,5001023.7,12424000395.55,0.0,,0.0633,786439225.04,0.03165,90219100.01,,316564.8000415564,0.0,,12801317287.563862,,1380152693.4157572,1.0,11637561170.5126,0.5,1380152693.4157572
ADJ,BASE,D0001,20261231,0.125,0.01,,11969663275.6,0.0,0.0,11969663275.6,,,0.135,11969663275.6,4427135.73,13233838298.54,0.0,,0.0633,837701964.3,0.03165,90219100.01,,280237.691840291,0.0,,13635749967.666512,,1380152693.4157572,1.0,12396136334.242285,0.5,1380152693.4157572
ADJ,BASE,D0001,20261202,0.125,0.01,,11969663275.6,0.0,0.0,11969663275.6,,,0.135,11969663275.6,4427135.73,13105451362.31,0.0,,0.0633,829575071.23,0.03165,90219100.01,,280237.6918401718,0.0,,13503463920.183142,,1380152693.4157572,1.0,12275876291.075584,0.5,1380152693.4157572
ADJ,BASE,D0001,20270301,0.125,0.01,,11969663275.6,0.0,0.0,11969663275.6,,,0.135,11969663275.6,4427135.73,13499466442.46,0.0,,0.0633,854516225.81,0.03165,90219100.01,,280237.6918400526,0.0,,13909445238.321768,,1380152693.4157572,1.0,12644950216.65615,0.5,1380152693.4157572
ADJ,BASE,D0001,20260816,0.142,0.01,,11969663275.6,0.0,0.0,11969663275.6,,,0.152,11969663275.6,5001023.7,12559028035.38,0.0,,0.0633,794986474.64,0.03165,90219100.01,,316564.8000415564,0.0,,12940445716.813614,,1380152693.4157572,1.0,11764041560.739649,0.5,1380152693.4157572
ADJ,BASE,D0001,20261223,0.125,0.01,,11969663275.6,0.0,0.0,11969663275.6,,,0.135,11969663275.6,4427135.73,13198421212.68,0.0,,0.0633,835460062.76,0.03165,90219100.01,,280237.6918400526,0.0,,13599257264.91248,,1380152693.4157572,1.0,12362961149.920437,0.5,1380152693.4157572
ADJ,BASE,D0001,20261014,0.145,0.01,,11969663275.6,0.0,0.0,11969663275.6,,,0.155,11969663275.6,5083007.69,12857695729.3,0.0,,0.0633,813892139.66,0.03165,90219100.01,,321754.38692748547,0.0,,13248183948.60284,,1380152693.4157572,1.0,12043803589.638945,0.5,1380152693.4157572
ADJ,BASE,D0001,20270101,0.125,0.01,,11969663275.6,0.0,0.0,11969663275.6,,,0.135,11969663275.6,4427135.73,13238265434.27,0.0,,0.0633,837982201.99,0.03165,90219100.01,,280237.6918400526,0.0,,13640311555.510769,,1380152693.4157572,1.0,12400283232.282516,0.5,1380152693.4157572
ADJ,BASE,D0001,20260711,0.142,0.01,,11969663275.6,0.0,0.0,11969663275.6,,,0.152,11969663275.6,5001023.7,12378991182.27,0.0,,0.0633,783590141.84,0.03165,90219100.01,,316564.8000415564,0.0,,12754941144.48061,,1380152693.4157572,1.0,11595401040.436916,0.5,1380152693.4157572
ADJ,BASE,D0001,20270121,0.125,0.01,,11969663275.6,0.0,0.0,11969663275.6,,,0.135,11969663275.6,4427135.73,13326808148.91,0.0,,0.0633,843586955.83,0.03165,90219100.01,,280237.6918400526,0.0,,13731543312.395851,,1380152693.4157572,1.0,12483221193.087135,0.5,1380152693.4157572
ADJ,BASE,D0001,20270117,0.125,0.01,,11969663275.6,0.0,0.0,11969663275.6,,,0.135,11969663275.6,4427135.73,13309099605.99,0.0,,0.0633,842466005.06,0.03165,90219100.01,,280237.6918400526,0.0,,13713296961.018835,,1380152693.4157572,1.0,12466633600.926212,0.5,1380152693.4157572
ADJ,BASE,D0001,20260716,0.142,0.01,,11969663275.6,0.0,0.0,11969663275.6,,,0.152,11969663275.6,5001023.7,12403996300.76,0.0,,0.0633,785172965.84,0.03165,90219100.01,,316564.8000416756,0.0,,12780705668.415749,,1380152693.4157572,1.0,11618823334.923405,0.5,1380152693.4157572
ADJ,BASE,D0001,20260825,0.142,0.01,,11969663275.6,0.0,0.0,11969663275.6,,,0.152,11969663275.6,5001023.7,12604037248.66,0.0,,0.0633,797835557.84,0.03165,90219100.01,,316564.8000415564,0.0,,12986821859.896864,,1380152693.4157572,1.0,11806201690.81533,0.5,1380152693.4157572
ADJ,BASE,D0001,20261031,0.145,0.01,,11969663275.6,0.0,0.0,11969663275.6,,,0.155,11969663275.6,5083007.69,12944106860.07,0.0,,0.0633,819361964.24,0.03165,90219100.01,,321754.3869276047,0.0,,13337219385.414762,,1380152693.4157572,1.0,12124744895.831602,0.5,1380152693.4157572
ADJ,BASE,D0001,20260826,0.142,0.01,,11969663275.6,0.0,0.0,11969663275.6,,,0.152,11969663275.6,5001023.7,12609038272.35,0.0,,0.0633,798152122.64,0.03165,90219100.01,,316564.8000416756,0.0,,12991974764.683891,,1380152693.4157572,1.0,11810886149.71263,0.5,1380152693.4157572
ADJ,BASE,D0001,20270218,0.125,0.01,,11969663275.6,0.0,0.0,11969663275.6,,,0.135,11969663275.6,4427135.73,13450767949.41,0.0,,0.0633,851433611.2,0.03165,90219100.01,,280237.6918401718,0.0,,13859267772.03497,,1380152693.4157572,1.0,12599334338.213608,0.5,1380152693.4157572
ADJ,BASE,D0001,20270201,0.125,0.01,,11969663275.6,0.0,0.0,11969663275.6,,,0.135,11969663275.6,4427135.73,13375506641.97,0.0,,0.0633,846669570.44,0.03165,90219100.01,,280237.6918401718,0.0,,13781720778.68265,,1380152693.4157572,1.0,12528837071.52968,0.5,1380152693.4157572
ADJ,BASE,D0001,20261002,0.145,0.01,,11969663275.6,0.0,0.0,11969663275.6,,,0.155,11969663275.6,5083007.69,12796699637.0,0.0,,0.0633,810031087.02,0.03165,90219100.01,,321754.38692748547,0.0,,13185335404.970892,,1380152693.4157572,1.0,11986668549.973536,0.5,1380152693.4157572
ADJ,BASE,D0001,20261226,0.125,0.01,,11969663275.6,0.0,0.0,11969663275.6,,,0.135,11969663275.6,4427135.73,13211702619.88,0.0,,0.0633,836300775.84,0.03165,90219100.01,,280237.6918400526,0.0,,13612942028.445242,,1380152693.4157572,1.0,12375401844.041128,0.5,1380152693.4157572
ADJ,BASE,D0001,20261127,0.145,0.01,,11969663275.6,0.0,0.0,11969663275.6,,,0.155,11969663275.6,5083007.69,13081348067.77,0.0,,0.0633,828049332.69,0.03165,90219100.01,,321754.38692736626,0.0,,13478628608.586649,,1380152693.4157572,1.0,12253298735.07877,0.5,1380152693.4157572
ADJ,BASE,D0001,20260613,0.145,0.01,,11969663275.6,0.0,0.0,11969663275.6,,,0.155,11969663275.6,5083007.69,12237568790.83,0.0,,0.0633,774638104.46,0.03165,90219100.01,,321754.3869276047,0.0,,12609223755.011375,,1380152693.4157572,1.0,11462930686.373978,0.5,1380152693.4157572
ADJ,BASE,D0001,20270228,0.125,0.01,,11969663275.6,0.0,0.0,11969663275.6,,,0.135,11969663275.6,4427135.73,13495039306.73,0.0,,0.0633,854235988.12,0.03165,90219100.01,,280237.6918400526,0.0,,13904883650.477514,,1380152693.4157572,1.0,12640803318.61592,0.5,1380152693.4157572
ADJ,BASE,D0001,20260802,0.142,0.01,,11969663275.6,0.0,0.0,11969663275.6,,,0.152,11969663275.6,5001023.7,12489013703.62,0.0,,0.0633,790554567.44,0.03165,90219100.01,,316564.8000415564,0.0,,12868305049.795223,,1380152693.4157572,1.0,11698459136.177477,0.5,1380152693.4157572
ADJ,BASE,D0001,20270212,0.125,0.01,,11969663275.6,0.0,0.0,11969663275.6,,,0.135,11969663275.6,4427135.73,13424205135.02,0.0,,0.0633,849752185.05,0.03165,90219100.01,,280237.6918401718,0.0,,13831898244.969444,,1380152693.4157572,1.0,12574452949.97222,0.5,1380152693.4157572
ADJ,BASE,D0001,20260818,0.142,0.01,,11969663275.6,0.0,0.0,11969663275.6,,,0.152,11969663275.6,5001023.7,12569030082.77,0.0,,0.0633,795619604.24,0.03165,90219100.01,,316564.8000415564,0.0,,12950751526.387669,,1380152693.4157572,1.0,11773410478.534245,0.5,1380152693.4157572
ADJ,BASE,D0001,20261213,0.125,0.01,,11969663275.6,0.0,0.0,11969663275.6,,,0.135,11969663275.6,4427135.73,13154149855.36,0.0,,0.0633,832657685.84,0.03165,90219100.01,,280237.6918400526,0.0,,13553641386.469936,,1380152693.4157572,1.0,12321492169.518124,0.5,1380152693.4157572
ADJ,BASE,D0001,20260901,0.145,0.01,,11969663275.6,0.0,0.0,11969663275.6,,,0.155,11969663275.6,5083007.69,12639126398.53,0.0,,0.0633,800056701.03,0.03165,90219100.01,,321754.3869276047,0.0,,13022976667.255028,,1380152693.4157572,1.0,11839069697.50457,0.5,1380152693.4157572
ADJ,BASE,D0001,20260926,0.145,0.01,,11969663275.6,0.0,0.0,11969663275.6,,,0.155,11969663275.6,5083007.69,12766201590.84,0.0,,0.0633,808100560.7,0.03165,90219100.01,,321754.3869276047,0.0,,13153911133.15492,,1380152693.4157572,1.0,11958101030.140837,0.5,1380152693.4157572
ADJ,BASE,D0001,20261211,0.125,0.01,,11969663275.6,0.0,0.0,11969663275.6,,,0.135,11969663275.6,4427135.73,13145295583.9,0.0,,0.0633,832097210.46,0.03165,90219100.01,,280237.6918401718,0.0,,13544518210.781427,,1380152693.4157572,1.0,12313198373.43766,0.5,1380152693.4157572
ADJ,BASE,D0001,20260715,0.142,0.01,,11969663275.6,0.0,0.0,11969663275.6,,,0.152,11969663275.6,5001023.7,12398995277.06,0.0,,0.0633,784856401.04,0.03165,90219100.01,,316564.8000415564,0.0,,12775552763.62872,,1380152693.4157572,1.0,11614138876.026108,0.5,1380152693.4157572
ADJ,BASE,D0001,20261129,0.145,0.01,,11969663275.6,0.0,0.0,11969663275.6,,,0.155,11969663275.6,5083007.69,13091514083.15,0.0,,0.0633,828692841.46,0.03165,90219100.01,,321754.38692748547,0.0,,13489103365.85864,,1380152693.4157572,1.0,12262821241.68967,0.5,1380152693.4157572
ADJ,BASE,D0001,20260717,0.142,0.01,,11969663275.6,0.0,0.0,11969663275.6,,,0.152,11969663275.6,5001023.7,12408997324.46,0.0,,0.0633,785489530.64,0.03165,90219100.01,,316564.8000415564,0.0,,12785858573.202774,,1380152693.4157572,1.0,11623507793.820704,0.5,1380152693.4157572
ADJ,BASE,D0001,20270129,0.125,0.01,,11969663275.6,0.0,0.0,11969663275.6,,,0.135,11969663275.6,4427135.73,13362225234.77,0.0,,0.0633,845828857.36,0.03165,90219100.01,,280237.6918401718,0.0,,13768036015.149887,,1380152693.4157572,1.0,12516396377.408989,0.5,1380152693.4157572
ADJ,BASE,D0001,20261004,0.145,0.01,,11969663275.6,0.0,0.0,11969663275.6,,,0.155,11969663275.6,5083007.69,12806865652.38,0.0,,0.0633,810674595.8,0.03165,90219100.01,,321754.3869276047,0.0,,13195810162.242884,,1380152693.4157572,1.0,11996191056.584438,0.5,1380152693.4157572
ADJ,BASE,D0001,20260621,0.145,0.01,,11969663275.6,0.0,0.0,11969663275.6,,,0.155,11969663275.6,5083007.69,12278232852.37,0.0,,0.0633,777212139.56,0.03165,90219100.01,,321754.3869276047,0.0,,12651122784.09934,,1380152693.4157572,1.0,11501020712.81758,0.5,1380152693.4157572
ADJ,BASE,D0001,20270220,0.125,0.01,,11969663275.6,0.0,0.0,11969663275.6,,,0.135,11969663275.6,4427135.73,13459622220.88,0.0,,0.0633,851994086.58,0.03165,90219100.01,,280237.6918401718,0.0,,13868390947.72348,,1380152693.4157572,1.0,12607628134.294071,0.5,1380152693.4157572
ADJ,BASE,D0001,20270106,0.125,0.01,,11969663275.6,0.0,0.0,11969663275.6,,,0.135,11969663275.6,4427135.73,13260401112.93,0.0,,0.0633,839383390.45,0.03165,90219100.01,,280237.691840291,0.0,,13663119494.732037,,1380152693.4157572,1.0,12421017722.48367,0.5,1380152693.4157572
ADJ,BASE,D0001,20260928,0.145,0.01,,11969663275.6,0.0,0.0,11969663275.6,,,0.155,11969663275.6,5083007.69,12776367606.23,0.0,,0.0633,808744069.47,0.03165,90219100.01,,321754.3869276047,0.0,,13164385890.42691,,1380152693.4157572,1.0,11967623536.751736,0.5,1380152693.4157572
ADJ,BASE,D0001,20261017,0.145,0.01,,11969663275.6,0.0,0.0,11969663275.6,,,0.155,11969663275.6,5083007.69,12872944752.38,0.0,,0.0633,814857402.83,0.03165,90219100.01,,321754.3869276047,0.0,,13263896084.510826,,1380152693.4157572,1.0,12058087349.555296,0.5,1380152693.4157572
ADJ,BASE,D0001,20260925,0.145,0.01,,11969663275.6,0.0,0.0,11969663275.6,,,0.155,11969663275.6,5083007.69,12761118583.15,0.0,,0.0633,807778806.31,0.03165,90219100.01,,321754.38692748547,0.0,,13148673754.518925,,1380152693.4157572,1.0,11953339776.835384,0.5,1380152693.4157572
ADJ,BASE,D0001,20260608,0.145,0.01,,11969663275.6,0.0,0.0,11969663275.6,,,0.155,11969663275.6,5083007.69,12212153752.37,0.0,,0.0633,773029332.53,0.03165,90219100.01,,321754.38692748547,0.0,,12583036861.8314,,1380152693.4157572,1.0,11439124419.846724,0.5,1380152693.4157572
ADJ,BASE,D0001,20260622,0.145,0.01,,11969663275.6,0.0,0.0,11969663275.6,,,0.155,11969663275.6,5083007.69,12283315860.07,0.0,,0.0633,777533893.94,0.03165,90219100.01,,321754.38692748547,0.0,,12656360162.735338,,1380152693.4157572,1.0,11505781966.123034,0.5,1380152693.4157572
ADJ,BASE,D0001,20270226,0.125,0.01,,11969663275.6,0.0,0.0,11969663275.6,,,0.135,11969663275.6,4427135.73,13486185035.27,0.0,,0.0633,853675512.73,0.03165,90219100.01,,280237.6918400526,0.0,,13895760474.789003,,1380152693.4157572,1.0,12632509522.535458,0.5,1380152693.4157572
ADJ,BASE,D0001,20261221,0.125,0.01,,11969663275.6,0.0,0.0,11969663275.6,,,0.135,11969663275.6,4427135.73,13189566941.22,0.0,,0.0633,834899587.38,0.03165,90219100.01,,280237.6918401718,0.0,,13590134089.223972,,1380152693.4157572,1.0,12354667353.839972,0.5,1380152693.4157572
ADJ,BASE,D0001,20270222,0.125,0.01,,11969663275.6,0.0,0.0,11969663275.6,,,0.135,11969663275.6,4427135.73,13468476492.34,0.0,,0.0633,852554561.97,0.03165,90219100.01,,280237.6918400526,0.0,,13877514123.411987,,1380152693.4157572,1.0,12615921930.374533,0.5,1380152693.4157572
ADJ,BASE,D0001,20260804,0.142,0.01,,11969663275.6,0.0,0.0,11969663275.6,,,0.152,11969663275.6,5001023.7,12499015751.01,0.0,,0.0633,791187697.04,0.03165,90219100.01,,316564.8000415564,0.0,,12878610859.369276,,1380152693.4157572,1.0,11707828053.972069,0.5,1380152693.4157572
ADJ,BASE,D0001,20260712,0.142,0.01,,11969663275.6,0.0,0.0,11969663275.6,,,0.152,11969663275.6,5001023.7,12383992205.97,0.0,,0.0633,783906706.64,0.03165,90219100.01,,316564.8000416756,0.0,,12760094049.267635,,1380152693.4157572,1.0,11600085499.334211,0.5,1380152693.4157572
ADJ,BASE,D0001,20260719,0.142,0.01,,11969663275.6,0.0,0.0,11969663275.6,,,0.152,11969663275.6,5001023.7,12418999371.85,0.0,,0.0633,786122660.24,0.03165,90219100.01,,316564.8000416756,0.0,,12796164382.776833,,1380152693.4157572,1.0,11632876711.6153,0.5,1380152693.4157572
ADJ,BASE,D0001,20260629,0.145,0.01,,11969663275.6,0.0,0.0,11969663275.6,,,0.155,11969663275.6,5083007.69,12318896913.91,0.0,,0.0633,779786174.65,0.03165,90219100.01,,321754.38692748547,0.0,,12693021813.187304,,1380152693.4157572,1.0,11539110739.261189,0.5,1380152693.4157572
ADJ,BASE,D0001,20260813,0.142,0.01,,11969663275.6,0.0,0.0,11969663275.6,,,0.152,11969663275.6,5001023.7,12544024964.29,0.0,,0.0633,794036780.24,0.03165,90219100.01,,316564.8000415564,0.0,,12924987002.452528,,1380152693.4157572,1.0,11749988184.047752,0.5,1380152693.4157572
ADJ,BASE,D0001,20270127,0.125,0.01,,11969663275.6,0.0,0.0,11969663275.6,,,0.135,11969663275.6,4427135.73,13353370963.31,0.0,,0.0633,845268381.98,0.03165,90219100.01,,280237.6918400526,0.0,,13758912839.46138,,1380152693.4157572,1.0,12508102581.328526,0.5,1380152693.4157572
ADJ,BASE,D0001,20260819,0.142,0.01,,11969663275.6,0.0,0.0,11969663275.6,,,0.152,11969663275.6,5001023.7,12574031106.47,0.0,,0.0633,795936169.04,0.03165,90219100.01,,316564.8000416756,0.0,,12955904431.174696,,1380152693.4157572,1.0,11778094937.43154,0.5,1380152693.4157572
ADJ,BASE,D0001,20260731,0.142,0.01,,11969663275.6,0.0,0.0,11969663275.6,,,0.152,11969663275.6,5001023.7,12479011656.22,0.0,,0.0633,789921437.84,0.03165,90219100.01,,316564.8000415564,0.0,,12857999240.221169,,1380152693.4157572,1.0,11689090218.382875,0.5,1380152693.4157572
ADJ,BASE,D0001,20261003,0.145,0.01,,11969663275.6,0.0,0.0,11969663275.6,,,0.155,11969663275.6,5083007.69,12801782644.69,0.0,,0.0633,810352841.41,0.03165,90219100.01,,321754.38692748547,0.0,,13190572783.606888,,1380152693.4157572,1.0,11991429803.278988,0.5,1380152693.4157572
ADJ,BASE,D0001,20270123,0.125,0.01,,11969663275.6,0.0,0.0,11969663275.6,,,0.135,11969663275.6,4427135.73,13335662420.38,0.0,,0.0633,844147431.21,0.03165,90219100.01,,280237.6918400526,0.0,,13740666488.08436,,1380152693.4157572,1.0,12491514989.1676,0.5,1380152693.4157572
ADJ,BASE,D0001,20270124,0.125,0.01,,11969663275.6,0.0,0.0,11969663275.6,,,0.135,11969663275.6,4427135.73,13340089556.11,0.0,,0.0633,844427668.9,0.03165,90219100.01,,280237.6918401718,0.0,,13745228075.928614,,1380152693.4157572,1.0,12495661887.20783,0.5,1380152693.4157572
ADJ,BASE,D0001,20260823,0.142,0.01,,11969663275.6,0.0,0.0,11969663275.6,,,0.152,11969663275.6,5001023.7,12594035201.26,0.0,,0.0633,797202428.24,0.03165,90219100.01,,316564.8000415564,0.0,,12976516050.32281,,1380152693.4157572,1.0,11796832773.020737,0.5,1380152693.4157572
ADJ,BASE,D0001,20260709,0.142,0.01,,11969663275.6,0.0,0.0,11969663275.6,,,0.152,11969663275.6,5001023.7,12368989134.88,0.0,,0.0633,782957012.24,0.03165,90219100.01,,316564.8000416756,0.0,,12744635334.906551,,1380152693.4157572,1.0,11586032122.64232,0.5,1380152693.4157572
ADJ,BASE,D0001,20270204,0.125,0.01,,11969663275.6,0.0,0.0,11969663275.6,,,0.135,11969663275.6,4427135.73,13388788049.16,0.0,,0.0633,847510283.51,0.03165,90219100.01,,280237.6918401718,0.0,,13795405542.215412,,1380152693.4157572,1.0,12541277765.650372,0.5,1380152693.4157572
ADJ,BASE,D0001,20261015,0.145,0.01,,11969663275.6,0.0,0.0,11969663275.6,,,0.155,11969663275.6,5083007.69,12862778737.0,0.0,,0.0633,814213894.05,0.03165,90219100.01,,321754.3869276047,0.0,,13253421327.238836,,1380152693.4157572,1.0,12048564842.944395,0.5,1380152693.4157572
ADJ,BASE,D0001,20260806,0.142,0.01,,11969663275.6,0.0,0.0,11969663275.6,,,0.152,11969663275.6,5001023.7,12509017798.41,0.0,,0.0633,791820826.64,0.03165,90219100.01,,316564.8000416756,0.0,,12888916668.943336,,1380152693.4157572,1.0,11717196971.766666,0.5,1380152693.4157572
ADJ,BASE,D0001,20270223,0.125,0.01,,11969663275.6,0.0,0.0,11969663275.6,,,0.135,11969663275.6,4427135.73,13472903628.07,0.0,,0.0633,852834799.66,0.03165,90219100.01,,280237.6918401718,0.0,,13882075711.256245,,1380152693.4157572,1.0,12620068828.414764,0.5,1380152693.4157572
ADJ,BASE,D0001,20261022,0.145,0.01,,11969663275.6,0.0,0.0,11969663275.6,,,0.155,11969663275.6,5083007.69,12898359790.84,0.0,,0.0633,816466174.76,0.03165,90219100.01,,321754.38692748547,0.0,,13290082977.690804,,1380152693.4157572,1.0,12081893616.08255,0.5,1380152693.4157572
ADJ,BASE,D0001,20260910,0.145,0.01,,11969663275.6,0.0,0.0,11969663275.6,,,0.155,11969663275.6,5083007.69,12684873467.76,0.0,,0.0633,802952490.51,0.03165,90219100.01,,321754.38692748547,0.0,,13070113074.978989,,1380152693.4157572,1.0,11881920977.253626,0.5,1380152693.4157572
ADJ,BASE,D0001,20260911,0.145,0.01,,11969663275.6,0.0,0.0,11969663275.6,,,0.155,11969663275.6,5083007.69,12689956475.46,0.0,,0.0633,803274244.9,0.03165,90219100.01,,321754.3869276047,0.0,,13075350453.614985,,1380152693.4157572,1.0,11886682230.559076,0.5,1380152693.4157572
ADJ,BASE,D0001,20260702,0.142,0.01,,11969663275.6,0.0,0.0,11969663275.6,,,0.152,11969663275.6,5001023.7,12333981969.0,0.0,,0.0633,780741058.64,0.03165,90219100.01,,316564.8000415564,0.0,,12708565001.397354,,1380152693.4157572,1.0,11553240910.36123,0.5,1380152693.4157572
ADJ,BASE,D0001,20261006,0.145,0.01,,11969663275.6,0.0,0.0,11969663275.6,,,0.155,11969663275.6,5083007.69,12817031667.76,0.0,,0.0633,811318104.57,0.03165,90219100.01,,321754.3869276047,0.0,,13206284919.514874,,1380152693.4157572,1.0,12005713563.19534,0.5,1380152693.4157572
ADJ,BASE,D0001,20260828,0.142,0.01,,11969663275.6,0.0,0.0,11969663275.6,,,0.152,11969663275.6,5001023.7,12619040319.75,0.0,,0.0633,798785252.24,0.03165,90219100.01,,316564.8000416756,0.0,,13002280574.257948,,1380152693.4157572,1.0,11820255067.507223,0.5,1380152693.4157572
ADJ,BASE,D0001,20260724,0.142,0.01,,11969663275.6,0.0,0.0,11969663275.6,,,0.152,11969663275.6,5001023.7,12444004490.34,0.0,,0.0633,787705484.24,0.03165,90219100.01,,316564.8000415564,0.0,,12821928906.711971,,1380152693.4157572,1.0,11656299006.101791,0.5,1380152693.4157572
ADJ,BASE,D0001,20261016,0.145,0.01,,11969663275.6,0.0,0.0,11969663275.6,,,0.155,11969663275.6,5083007.69,12867861744.69,0.0,,0.0633,814535648.44,0.03165,90219100.01,,321754.38692748547,0.0,,13258658705.87483,,1380152693.4157572,1.0,12053326096.249846,0.5,1380152693.4157572
ADJ,BASE,D0001,20261124,0.145,0.01,,11969663275.6,0.0,0.0,11969663275.6,,,0.155,11969663275.6,5083007.69,13066099044.69,0.0,,0.0633,827084069.53,0.03165,90219100.01,,321754.38692748547,0.0,,13462916472.67866,,1380152693.4157572,1.0,12239014975.162416,0.5,1380152693.4157572
ADJ,BASE,D0001,20261030,0.145,0.01,,11969663275.6,0.0,0.0,11969663275.6,,,0.155,11969663275.6,5083007.69,12939023852.38,0.0,,0.0633,819040209.86,0.03165,90219100.01,,321754.38692748547,0.0,,13331982006.77877,,1380152693.4157572,1.0,12119983642.526154,0.5,1380152693.4157572
ADJ,BASE,D0001,20260708,0.142,0.01,,11969663275.6,0.0,0.0,11969663275.6,,,0.152,11969663275.6,5001023.7,12363988111.18,0.0,,0.0633,782640447.44,0.03165,90219100.01,,316564.80004143715,0.0,,12739482430.119526,,1380152693.4157572,1.0,11581347663.745022,0.5,1380152693.4157572
PLN,BASE,D0016,20270101,0.1,0.01,,0.0,0.0,125000000.0,1000000000.0,,,0.153,1062500000.0,14371875.0,2500000000.0,14371875.0,,,100000000.0,0.02,0.0,,-5000000.0,0.0,1.1,2640000000.0,0.5,0.0,1.0,2400000000.0,0.5,0.0
PLN,BASE,D0016,20261001,0.11,0.01,,1500000000.0,1500000000.0,125000000.0,1375000000.0,,,0.153,1437500000.0,19162500.0,2875000000.0,19162500.0,,,115000000.0,0.02,0.0,,0.0,0.0,1.1,3036000000.0000005,0.5,0.0,1.0,2760000000.0,0.5,0.0
PLN,BASE,D0016,20270901,0.09,0.01,,0.0,0.0,125000000.0,0.0,,,0.153,62500000.0,1596875.0,1500000000.0,1596875.0,,,60000000.0,0.02,0.0,,-5000000.0,0.0,1.1,1584000000.0000002,0.5,0.0,1.0,1440000000.0,0.5,0.0
PLN,BASE,D0016,20270301,0.1,0.01,,0.0,0.0,125000000.0,750000000.0,,,0.153,812500000.0,11178125.0,2250000000.0,11178125.0,,,90000000.0,0.02,0.0,,-5000000.0,0.0,1.1,2376000000.0,0.5,0.0,1.0,2160000000.0,0.5,0.0
PLN,BASE,D0016,20270501,0.1,0.01,,0.0,0.0,125000000.0,500000000.0,,,0.153,562500000.0,7984375.0,2000000000.0,7984375.0,,,80000000.0,0.02,0.0,,-5000000.0,0.0,1.1,2112000000.0,0.5,0.0,1.0,1920000000.0,0.5,0.0
PLN,BASE,D0016,20270401,0.1,0.01,,0.0,0.0,125000000.0,625000000.0,,,0.153,687500000.0,9581250.0,2125000000.0,9581250.0,,,85000000.0,0.02,0.0,,-5000000.0,0.0,1.1,2244000000.0,0.5,0.0,1.0,2040000000.0,0.5,0.0
PLN,BASE,D0016,20270801,0.09,0.01,,0.0,0.0,125000000.0,125000000.0,,,0.153,187500000.0,3193750.0,1625000000.0,3193750.0,,,65000000.0,0.02,0.0,,-5000000.0,0.0,1.1,1716000000.0000002,0.5,0.0,1.0,1560000000.0,0.5,0.0
PLN,BASE,D0016,20261201,0.11,0.01,,0.0,0.0,125000000.0,1125000000.0,,,0.153,1187500000.0,15968750.0,2625000000.0,15968750.0,,,105000000.0,0.02,0.0,,-5000000.0,0.0,1.1,2772000000.0,0.5,0.0,1.0,2520000000.0,0.5,0.0
PLN,BASE,D0016,20270601,0.1,0.01,,0.0,0.0,125000000.0,375000000.0,,,0.153,437500000.0,6387500.0,1875000000.0,6387500.0,,,75000000.0,0.02,0.0,,-5000000.0,0.0,1.1,1980000000.0,0.5,0.0,1.0,1800000000.0,0.5,0.0
PLN,BASE,D0016,20270201,0.1,0.01,,0.0,0.0,125000000.0,875000000.0,,,0.153,937500000.0,12775000.0,2375000000.0,12775000.0,,,95000000.0,0.02,0.0,,-5000000.0,0.0,1.1,2508000000.0,0.5,0.0,1.0,2280000000.0,0.5,0.0
PLN,BASE,D0016,20261101,0.11,0.01,,0.0,0.0,125000000.0,1250000000.0,,,0.153,1312500000.0,17565625.0,2750000000.0,17565625.0,,,110000000.0,0.02,0.0,,-5000000.0,0.0,1.1,2904000000.0,0.5,0.0,1.0,2640000000.0,0.5,0.0
PLN,BASE,D0016,20270701,0.09,0.01,,0.0,0.0,125000000.0,250000000.0,,,0.153,312500000.0,4790625.0,1750000000.0,4790625.0,,,70000000.0,0.02,0.0,,-5000000.0,0.0,1.1,1848000000.0,0.5,0.0,1.0,1680000000.0,0.5,0.0
VR2,BASE,D0016,20270101,0.1,0.01,,0.0,0.0,125000000.0,1000000000.0,,,0.153,1062500000.0,14371875.0,2500000000.0,14371875.0,,,100000000.0,0.02,0.0,,-5000000.0,0.0,1.1,2640000000.0,0.5,0.0,1.0,2400000000.0,0.5,0.0
VR2,BASE,D0016,20261001,0.11,0.01,,1500000000.0,1500000000.0,125000000.0,1375000000.0,,,0.153,1437500000.0,19162500.0,2875000000.0,19162500.0,,,115000000.0,0.02,0.0,,0.0,0.0,1.1,3036000000.0000005,0.5,0.0,1.0,2760000000.0,0.5,0.0
VR2,BASE,D0016,20270901,0.09,0.01,,0.0,0.0,125000000.0,0.0,,,0.153,62500000.0,1596875.0,1500000000.0,1596875.0,,,60000000.0,0.02,0.0,,-5000000.0,0.0,1.1,1584000000.0000002,0.5,0.0,1.0,1440000000.0,0.5,0.0
VR2,BASE,D0016,20270301,0.1,0.01,,0.0,0.0,125000000.0,750000000.0,,,0.153,812500000.0,11178125.0,2250000000.0,11178125.0,,,90000000.0,0.02,0.0,,-5000000.0,0.0,1.1,2376000000.0,0.5,0.0,1.0,2160000000.0,0.5,0.0
VR2,BASE,D0016,20270501,0.1,0.01,,0.0,0.0,125000000.0,500000000.0,,,0.153,562500000.0,7984375.0,2000000000.0,7984375.0,,,80000000.0,0.02,0.0,,-5000000.0,0.0,1.1,2112000000.0,0.5,0.0,1.0,1920000000.0,0.5,0.0
VR2,BASE,D0016,20270401,0.1,0.01,,0.0,0.0,125000000.0,625000000.0,,,0.153,687500000.0,9581250.0,2125000000.0,9581250.0,,,85000000.0,0.02,0.0,,-5000000.0,0.0,1.1,2244000000.0,0.5,0.0,1.0,2040000000.0,0.5,0.0
VR2,BASE,D0016,20270801,0.09,0.01,,0.0,0.0,125000000.0,125000000.0,,,0.153,187500000.0,3193750.0,1625000000.0,3193750.0,,,65000000.0,0.02,0.0,,-5000000.0,0.0,1.1,1716000000.0000002,0.5,0.0,1.0,1560000000.0,0.5,0.0
VR2,BASE,D0016,20261201,0.11,0.01,,0.0,0.0,125000000.0,1125000000.0,,,0.153,1187500000.0,15968750.0,2625000000.0,15968750.0,,,105000000.0,0.02,0.0,,-5000000.0,0.0,1.1,2772000000.0,0.5,0.0,1.0,2520000000.0,0.5,0.0
VR2,BASE,D0016,20270601,0.1,0.01,,0.0,0.0,125000000.0,375000000.0,,,0.153,437500000.0,6387500.0,1875000000.0,6387500.0,,,75000000.0,0.02,0.0,,-5000000.0,0.0,1.1,1980000000.0,0.5,0.0,1.0,1800000000.0,0.5,0.0
VR2,BASE,D0016,20270201,0.1,0.01,,0.0,0.0,125000000.0,875000000.0,,,0.153,937500000.0,12775000.0,2375000000.0,12775000.0,,,95000000.0,0.02,0.0,,-5000000.0,0.0,1.1,2508000000.0,0.5,0.0,1.0,2280000000.0,0.5,0.0
VR2,BASE,D0016,20261101,0.11,0.01,,0.0,0.0,125000000.0,1250000000.0,,,0.153,1312500000.0,17565625.0,2750000000.0,17565625.0,,,110000000.0,0.02,0.0,,-5000000.0,0.0,1.1,2904000000.0,0.5,0.0,1.0,2640000000.0,0.5,0.0
VR2,BASE,D0016,20270701,0.09,0.01,,0.0,0.0,125000000.0,250000000.0,,,0.153,312500000.0,4790625.0,1750000000.0,4790625.0,,,70000000.0,0.02,0.0,,-5000000.0,0.0,1.1,1848000000.0,0.5,0.0,1.0,1680000000.0,0.5,0.0
PLN,BASE,D0016,20271101,0.085,0.01,,0.0,0.0,62500000.0,-125000000.0,,,0.153,-93750000.0,-798437.5,1375000000.0,-798437.5,,,55000000.0,0.02,0.0,,-2500000.0,0.0,1.1,1452000000.0,0.5,0.0,1.0,1320000000.0,0.5,0.0
PLN,BASE,D0017,20280501,0.153,0.01,,0.0,0.0,0.0,10000000000.0,,,0.153,10000000000.0,127750000.0,20000000000.0,127750000.0,,,800000000.0,0.02,0.0,,0.0,0.0,1.1,21120000000.0,0.5,0.0,1.0,19200000000.0,0.5,0.0
PLN,BASE,D0017,20270901,0.09,0.01,,0.0,0.0,0.0,10000000000.0,,,0.153,10000000000.0,127750000.0,20000000000.0,127750000.0,,,800000000.0,0.02,0.0,,0.0,0.0,1.1,21120000000.0,0.5,0.0,1.0,19200000000.0,0.5,0.0
PLN,BASE,D0016,20271201,0.153,0.01,,0.0,0.0,62500000.0,-187500000.0,,,0.153,-156250000.0,-1596875.0,1312500000.0,-1596875.0,,,52500000.0,0.02,0.0,,-2500000.0,0.0,1.1,1386000000.0,0.5,0.0,1.0,1260000000.0,0.5,0.0
PLN,BASE,D0016,20280301,0.153,0.01,,0.0,0.0,62500000.0,-375000000.0,,,0.153,-343750000.0,-3992187.5,1125000000.0,-3992187.5,,,45000000.0,0.02,0.0,,-2500000.0,0.0,1.1,1188000000.0,0.5,0.0,1.0,1080000000.0,0.5,0.0
PLN,BASE,D0017,20271201,0.153,0.01,,0.0,0.0,0.0,10000000000.0,,,0.153,10000000000.0,127750000.0,20000000000.0,127750000.0,,,800000000.0,0.02,0.0,,0.0,0.0,1.1,21120000000.0,0.5,0.0,1.0,19200000000.0,0.5,0.0
PLN,BASE,D0017,20280201,0.153,0.01,,0.0,0.0,0.0,10000000000.0,,,0.153,10000000000.0,127750000.0,20000000000.0,127750000.0,,,800000000.0,0.02,0.0,,0.0,0.0,1.1,21120000000.0,0.5,0.0,1.0,19200000000.0,0.5,0.0
PLN,BASE,D0017,20280301,0.153,0.01,,0.0,0.0,0.0,10000000000.0,,,0.153,10000000000.0,127750000.0,20000000000.0,127750000.0,,,800000000.0,0.02,0.0,,0.0,0.0,1.1,21120000000.0,0.5,0.0,1.0,19200000000.0,0.5,0.0
PLN,BASE,D0017,20270701,0.09,0.01,,0.0,0.0,0.0,10000000000.0,,,0.153,10000000000.0,127750000.0,20000000000.0,127750000.0,,,800000000.0,0.02,0.0,,0.0,0.0,1.1,21120000000.0,0.5,0.0,1.0,19200000000.0,0.5,0.0
PLN,BASE,D0017,20270801,0.09,0.01,,0.0,0.0,0.0,10000000000.0,,,0.153,10000000000.0,127750000.0,20000000000.0,127750000.0,,,800000000.0,0.02,0.0,,0.0,0.0,1.1,21120000000.0,0.5,0.0,1.0,19200000000.0,0.5,0.0
PLN,BASE,D0017,20280101,0.153,0.01,,0.0,0.0,0.0,10000000000.0,,,0.153,10000000000.0,127750000.0,20000000000.0,127750000.0,,,800000000.0,0.02,0.0,,0.0,0.0,1.1,21120000000.0,0.5,0.0,1.0,19200000000.0,0.5,0.0
PLN,BASE,D0016,20280601,0.153,0.01,,0.0,0.0,62500000.0,-562500000.0,,,0.153,-531250000.0,-6387500.0,937500000.0,-6387500.0,,,37500000.0,0.02,0.0,,-2500000.0,0.0,1.1,990000000.0,0.5,0.0,1.0,900000000.0,0.5,0.0
PLN,BASE,D0016,20280801,0.153,0.01,,0.0,0.0,62500000.0,-687500000.0,,,0.153,-656250000.0,-7984375.0,812500000.0,-7984375.0,,,32500000.0,0.02,0.0,,-2500000.0,0.0,1.1,858000000.0000001,0.5,0.0,1.0,780000000.0,0.5,0.0
PLN,BASE,D0017,20270501,0.1,0.01,,0.0,0.0,0.0,10000000000.0,,,0.153,10000000000.0,127750000.0,20000000000.0,127750000.0,,,800000000.0,0.02,0.0,,0.0,0.0,1.1,21120000000.0,0.5,0.0,1.0,19200000000.0,0.5,0.0
PLN,BASE,D0017,20270201,0.1,0.01,,0.0,0.0,0.0,10000000000.0,,,0.153,10000000000.0,127750000.0,20000000000.0,127750000.0,,,800000000.0,0.02,0.0,,0.0,0.0,1.1,21120000000.0,0.5,0.0,1.0,19200000000.0,0.5,0.0
PLN,BASE,D0017,20280801,0.153,0.01,,0.0,0.0,0.0,10000000000.0,,,0.153,10000000000.0,127750000.0,20000000000.0,127750000.0,,,800000000.0,0.02,0.0,,0.0,0.0,1.1,21120000000.0,0.5,0.0,1.0,19200000000.0,0.5,0.0
PLN,BASE,D0016,20271001,0.085,0.01,,0.0,0.0,62500000.0,-62500000.0,,,0.153,-31250000.0,0.0,1437500000.0,0.0,,,57500000.0,0.02,0.0,,-2500000.0,0.0,1.1,1518000000.0000002,0.5,0.0,1.0,1380000000.0,0.5,0.0
PLN,BASE,D0017,20271101,0.085,0.01,,0.0,0.0,0.0,10000000000.0,,,0.153,10000000000.0,127750000.0,20000000000.0,127750000.0,,,800000000.0,0.02,0.0,,0.0,0.0,1.1,21120000000.0,0.5,0.0,1.0,19200000000.0,0.5,0.0
PLN,BASE,D0017,20261201,0.11,0.01,,0.0,0.0,0.0,10000000000.0,,,0.153,10000000000.0,127750000.0,20000000000.0,127750000.0,,,800000000.0,0.02,0.0,,0.0,0.0,1.1,21120000000.0,0.5,0.0,1.0,19200000000.0,0.5,0.0
PLN,BASE,D0016,20280401,0.153,0.01,,0.0,0.0,62500000.0,-437500000.0,,,0.153,-406250000.0,-4790625.0,1062500000.0,-4790625.0,,,42500000.0,0.02,0.0,,-2500000.0,0.0,1.1,1122000000.0,0.5,0.0,1.0,1020000000.0,0.5,0.0
PLN,BASE,D0017,20271001,0.085,0.01,,0.0,0.0,0.0,10000000000.0,,,0.153,10000000000.0,127750000.0,20000000000.0,127750000.0,,,800000000.0,0.02,0.0,,0.0,0.0,1.1,21120000000.0,0.5,0.0,1.0,19200000000.0,0.5,0.0
PLN,BASE,D0017,20280401,0.153,0.01,,0.0,0.0,0.0,10000000000.0,,,0.153,10000000000.0,127750000.0,20000000000.0,127750000.0,,,800000000.0,0.02,0.0,,0.0,0.0,1.1,21120000000.0,0.5,0.0,1.0,19200000000.0,0.5,0.0
PLN,BASE,D0017,20280701,0.153,0.01,,0.0,0.0,0.0,10000000000.0,,,0.153,10000000000.0,127750000.0,20000000000.0,127750000.0,,,800000000.0,0.02,0.0,,0.0,0.0,1.1,21120000000.0,0.5,0.0,1.0,19200000000.0,0.5,0.0
PLN,BASE,D0016,20280701,0.153,0.01,,0.0,0.0,62500000.0,-625000000.0,,,0.153,-593750000.0,-7185937.5,875000000.0,-7185937.5,,,35000000.0,0.02,0.0,,-2500000.0,0.0,1.1,924000000.0,0.5,0.0,1.0,840000000.0,0.5,0.0
PLN,BASE,D0017,20280901,0.153,0.01,,0.0,0.0,10000000000.0,0.0,,,0.153,5000000000.0,127750000.0,10000000000.0,127750000.0,,,400000000.0,0.02,0.0,,-400000000.0,0.0,1.1,10560000000.0,0.5,0.0,1.0,9600000000.0,0.5,0.0
PLN,BASE,D0017,20261101,0.11,0.01,,0.0,0.0,0.0,10000000000.0,,,0.153,10000000000.0,127750000.0,20000000000.0,127750000.0,,,800000000.0,0.02,0.0,,0.0,0.0,1.1,21120000000.0,0.5,0.0,1.0,19200000000.0,0.5,0.0
PLN,BASE,D0017,20270301,0.1,0.01,,0.0,0.0,0.0,10000000000.0,,,0.153,10000000000.0,127750000.0,20000000000.0,127750000.0,,,800000000.0,0.02,0.0,,0.0,0.0,1.1,21120000000.0,0.5,0.0,1.0,19200000000.0,0.5,0.0
PLN,BASE,D0016,20280201,0.153,0.01,,0.0,0.0,62500000.0,-312500000.0,,,0.153,-281250000.0,-3193750.0,1187500000.0,-3193750.0,,,47500000.0,0.02,0.0,,-2500000.0,0.0,1.1,1254000000.0,0.5,0.0,1.0,1140000000.0,0.5,0.0
PLN,BASE,D0017,20270101,0.1,0.01,,0.0,0.0,0.0,10000000000.0,,,0.153,10000000000.0,127750000.0,20000000000.0,127750000.0,,,800000000.0,0.02,0.0,,0.0,0.0,1.1,21120000000.0,0.5,0.0,1.0,19200000000.0,0.5,0.0
PLN,BASE,D0016,20280501,0.153,0.01,,0.0,0.0,62500000.0,-500000000.0,,,0.153,-468750000.0,-5589062.5,1000000000.0,-5589062.5,,,40000000.0,0.02,0.0,,-2500000.0,0.0,1.1,1056000000.0,0.5,0.0,1.0,960000000.0,0.5,0.0
PLN,BASE,D0016,20280901,0.153,0.01,,0.0,0.0,62500000.0,-750000000.0,,,0.153,-718750000.0,-8782812.5,750000000.0,-8782812.5,,,30000000.0,0.02,0.0,,-2500000.0,0.0,1.1,792000000.0000001,0.5,0.0,1.0,720000000.0,0.5,0.0
PLN,BASE,D0016,20280101,0.153,0.01,,0.0,0.0,62500000.0,-250000000.0,,,0.153,-218750000.0,-2395312.5,1250000000.0,-2395312.5,,,50000000.0,0.02,0.0,,-2500000.0,0.0,1.1,1320000000.0,0.5,0.0,1.0,1200000000.0,0.5,0.0
PLN,BASE,D0017,20280601,0.153,0.01,,0.0,0.0,0.0,10000000000.0,,,0.153,10000000000.0,127750000.0,20000000000.0,127750000.0,,,800000000.0,0.02,0.0,,0.0,0.0,1.1,21120000000.0,0.5,0.0,1.0,19200000000.0,0.5,0.0
PLN,BASE,D0017,20270601,0.1,0.01,,0.0,0.0,0.0,10000000000.0,,,0.153,10000000000.0,127750000.0,20000000000.0,127750000.0,,,800000000.0,0.02,0.0,,0.0,0.0,1.1,21120000000.0,0.5,0.0,1.0,19200000000.0,0.5,0.0
PLN,BASE,D0017,20261004,0.11,0.01,,10000000000.0,10000000000.0,0.0,10000000000.0,,,0.153,10000000000.0,127750000.0,20000000000.0,127750000.0,,,800000000.0,0.02,0.0,,0.0,0.0,1.1,21120000000.0,0.5,0.0,1.0,19200000000.0,0.5,0.0
PLN,BASE,D0017,20270401,0.1,0.01,,0.0,0.0,0.0,10000000000.0,,,0.153,10000000000.0,127750000.0,20000000000.0,127750000.0,,,800000000.0,0.02,0.0,,0.0,0.0,1.1,21120000000.0,0.5,0.0,1.0,19200000000.0,0.5,0.0
